fsi_id,gc_fsi_vixc_lag1,gc_fsi_vixc_lag2,gc_fsi_vixc_lag3
fsi_2a9d11949be8,0.6100906584,0.5154095679,0.6540194843
fsi_fc799d499e79,0.01497044211,0.009889603065,0.02100864166
fsi_34f55319e5f8,0.02135134577,0.01459215597,0.03126322864
fsi_0c83e2c67360,0.0652429709,0.06708904536,0.1168381044
fsi_3cb80064d46d,0.03071106031,0.01980614461,0.04105354883
fsi_d6122e18acdc,0.01531339904,0.01076907346,0.02309194062
fsi_6d23cb12317d,0.02359107853,0.01653550384,0.03545992205
fsi_0cbb9ebbb904,0.07174235857,0.07491604185,0.1252304703
fsi_30bbf9aadcba,0.01526095028,0.01038534219,0.0225759416
fsi_1ba98ddc80f2,0.1483450102,0.1500835751,0.1860409009
fsi_5548174188e6,0.07395725824,0.07539604589,0.1282754908
fsi_0ce011bc880e,0.014783324,0.009777904464,0.02177395698
fsi_d602b9907774,0.07277660775,0.0790644502,0.1340177225
fsi_57cdc70b0593,0.07134696441,0.0751483973,0.1297295808
fsi_70b69f461192,0.06543870465,0.06884656372,0.1191389205
fsi_340d94cb5c0c,0.07301469188,0.07700535055,0.1352156339
fsi_07e09ac0e27a,0.05591801956,0.03888774228,0.0642503782
fsi_0f2b9a8f7c4b,0.06117795118,0.04425991465,0.07188506799
fsi_392d7b0b7e7e,0.05846265132,0.04278463247,0.06842173387
fsi_fc59b8b8d490,0.07016280979,0.05025153894,0.07733328611
fsi_4d786babc82a,0.07004620239,0.051094529,0.08138124056
fsi_559936205476,0.05985999751,0.04279987644,0.07149551916
fsi_48cecf0e2916,0.0654966215,0.04374550065,0.07296919893
fsi_da7dfa2af96f,0.6888847859,0.6338073098,0.8087440087
fsi_ad176e16db7d,0.06106596748,0.02247850926,0.03353882707
fsi_b9394046f2cb,0.08685318219,0.0620297248,0.1132570546
fsi_e8cb5ccf3ad0,0.06066684894,0.02117851493,0.03171481312
fsi_997f36dd5344,0.0620628564,0.06915037642,0.1212417695
fsi_0c1439f85be1,0.02701500573,0.01380106684,0.01932914245
fsi_744971b07954,0.0724360717,0.08055553982,0.1384115136
fsi_fe8b52625c09,0.0636288831,0.02183782975,0.03281337759
fsi_5af365e1230b,0.02325138886,0.01292874643,0.01808140978
fsi_ac85e980d3a2,0.05842189755,0.02321312333,0.0354069008
fsi_afebfc28a075,0.02797868494,0.01454989631,0.02103590162
fsi_2b63c82fb266,0.05736365788,0.06432874711,0.1155836143
fsi_420e3328becd,0.02143505976,0.01212827041,0.01725520183
fsi_e73882601889,0.0581525876,0.01867387307,0.02831294067
fsi_c7378a61f29c,0.06714347341,0.03657294351,0.04868749864
fsi_feba9af462e9,0.06325784265,0.0220389924,0.03320703905
fsi_948288456fa8,0.02214542686,0.01055881572,0.01492431728
fsi_53eb804bb056,0.05897737682,0.06753802522,0.1206268159
fsi_4a3bc529b787,0.02013369494,0.01169767154,0.01687690432
fsi_3c44e695a104,0.07185881336,0.02411281552,0.02555407542
fsi_84659a0e8d32,0.07353949505,0.02453369066,0.02651754827
fsi_c3c95391066e,0.03382902962,0.01543726484,0.02219639969
fsi_8b4df67a810a,0.07597708672,0.02478784883,0.02652907144
fsi_9a4fef897583,0.07418899676,0.02448904626,0.0279109133
fsi_24c97e9e8f18,0.1824645269,0.1946569541,0.2461585539
fsi_ae53f18060de,0.0722023753,0.02399881878,0.0260926116
fsi_19a6724ce4d8,0.1159455701,0.09905330361,0.1248143781
fsi_98ef577c2a0d,0.06055084802,0.01761504696,0.0270499416
fsi_4a246ea41ca0,0.06717039058,0.01947266061,0.02167860493
fsi_7538a7ed7be1,0.0592365435,0.02912321098,0.04141537161
fsi_712125a795f0,0.1803752239,0.1974500724,0.2385578572
fsi_08867cb2048e,0.08424438053,0.08718952651,0.1225414381
fsi_b1320ec99504,0.08903332004,0.03237463229,0.03154368265
fsi_896489e14f09,0.1064910531,0.07792974567,0.09349686212
fsi_e3df9330dbef,0.05532982496,0.05450376587,0.1053563744
fsi_48475f5bbe31,0.04385865883,0.04266260236,0.08511575583
fsi_e8e2ff47ab94,0.1661062202,0.1639257772,0.1890512787
fsi_7d7bc3c94a8d,0.03901275514,0.03731976003,0.07617125022
fsi_679ef78ccae7,0.06674902674,0.07849037424,0.1360863827
fsi_c6541320ad2a,0.177142261,0.1764121557,0.2010071245
fsi_eedd1aef53a4,0.0724151573,0.01776603949,0.02128494914
fsi_70e9797b7a25,0.1627125552,0.1655546342,0.1978727855
fsi_fdaf8c5f537e,0.03767176214,0.03717949785,0.07692621414
fsi_1f5f04f43b05,0.2017431368,0.2032950254,0.2251805771
fsi_5553c05fb0e3,0.1348602813,0.0970942981,0.1149870457
fsi_908df5ae23fa,0.2655547732,0.3413494212,0.3986263763
fsi_c3df849e47f3,0.1040951241,0.1293241473,0.2086618258
fsi_6533007bcd70,0.09875202872,0.1106071472,0.1784397952
fsi_6a5047b99481,0.04294459023,0.04486226412,0.08836313328
fsi_206b021c2d13,0.1858326437,0.2441183486,0.2270781616
fsi_db8c6af3483d,0.8164899175,0.8649574528,0.7222810046
fsi_b42874600d9d,0.7009573377,0.5929916901,0.6085970912
fsi_34657e2e3006,0.7692563712,0.7778290523,0.6843633415
fsi_425eaef08163,0.5067812093,0.6252420847,0.2729124045
fsi_ed19820a542d,0.7665549207,0.7709625107,0.6758290191
fsi_e49b6965112e,0.06957516091,0.08083580436,0.1450824842
fsi_61b511c53bff,0.1458180916,0.1147851932,0.1423749619
fsi_e73b5bc2d2cc,0.1626676646,0.0579398507,0.06917872052
fsi_147a4fa78ee9,0.06815085692,0.0804454308,0.1430896658
fsi_cea92a609468,0.02138679634,0.0168471156,0.03297032019
fsi_1380f9751acf,0.0218004562,0.01757330211,0.03456231163
fsi_71bf1cfddcfa,0.0936424834,0.0557298744,0.06541846196
fsi_656339164065,0.1361510719,0.1112262562,0.1352837221
fsi_2eaf87f72cee,0.7672267591,0.6173468794,0.6707321993
fsi_217068ffa130,0.7894041314,0.7511077541,0.6812876859
fsi_513af01df6fc,0.02331158666,0.01764507674,0.0350285873
fsi_e3420f36a6a0,0.8813644568,0.8195872026,0.6737425328
fsi_20ca22f4af46,0.1218720037,0.09046305652,0.1068062487
fsi_fa382ab1ae3a,0.136988129,0.1033086696,0.1212553547
fsi_7b0b907a8099,0.6200401081,0.4913675541,0.6756620317
fsi_0672dfe3ed42,0.02685531381,0.02066868684,0.0427317617
fsi_29d727fb0301,0.158341306,0.1213647372,0.1402676736
fsi_1640cd3e2892,0.1185601324,0.0895606566,0.1079029784
fsi_7910eaf8aeeb,0.6204760338,0.7024442013,0.8513655998
fsi_be5a8b17eb0b,0.02545675511,0.0194624561,0.03990647615
fsi_e5b90c4c7aa5,0.02875050623,0.022556215,0.04506482684
fsi_9828ef7f58af,0.5217669983,0.3340209962,0.4019787355
fsi_ac8fc97e371d,0.4232476991,0.4183561578,0.5390178405
fsi_19174eb26268,0.01972813563,0.01492665045,0.02796220802
fsi_33fc940c791e,0.09351376537,0.1268532655,0.2076925038
fsi_91929818bdf1,0.241747477,0.2867109042,0.2936584821
fsi_b78401ae0f36,0.04003126339,0.03574385589,0.0665445239
fsi_a8f894c91451,0.2048467064,0.2576169367,0.2639006964
fsi_acdd660db3c9,0.09517190941,0.1281338015,0.2127750111
fsi_9ac97c6bbf8a,0.05923093198,0.08260766503,0.0575584574
fsi_8d10c770a869,0.5872776391,0.6541184691,0.4583602615
fsi_eda9ca6a7a2f,0.3046416252,0.2789474608,0.3731396376
fsi_b0792a2c59da,0.0965309061,0.1305270169,0.2124806427
fsi_a5d0149baedd,0.1231540176,0.1336708595,0.1661648754
fsi_5e4b644dea5e,0.1314975744,0.1859061536,0.3063381371
fsi_d4ff6ceb5d55,0.1196924643,0.1672048295,0.2643450099
fsi_7aace0318c43,0.3344514316,0.194337353,0.236411075
fsi_1f3c15450db9,0.7822293243,0.8908434662,0.8602960949
fsi_5d203c0af501,0.1041505802,0.1484025308,0.2455183812
fsi_4295c8a67df7,0.3816781736,0.1145244472,0.1446943555
fsi_facc57c281ee,0.3773093001,0.1008112529,0.1258736045
fsi_3970071f56b6,0.1671536474,0.2651352678,0.4135175725
fsi_b1df83225ada,0.3258657439,0.3569140606,0.4441040383
fsi_94ce8b21c944,0.01463842064,0.01053436876,0.02689213778
fsi_aa8a1b3cea60,0.4592447796,0.1026024025,0.1297713748
fsi_3dac92109c90,0.01409523437,0.009894584984,0.02512532348
fsi_b538e015b853,0.1655997614,0.2042514434,0.2840416969
fsi_8277c492e497,0.2367947256,0.0635739816,0.09691543782
fsi_3aada2f2d6c8,0.2508010673,0.06066370752,0.08993645138
fsi_3e28a618d76c,0.3425157574,0.4450649432,0.3397442393
fsi_c9af9cf8a191,0.2599379178,0.2718668998,0.3598321571
fsi_457638280687,0.2487205481,0.05647055812,0.08452617307
fsi_70fe33d402dd,0.2590173263,0.05570053522,0.08441069355
fsi_206e05ac8324,0.7226980288,0.6288059882,0.744242548
fsi_91cd5b2561a8,0.2407284396,0.04926854289,0.07495270546
fsi_341c928d72e2,0.1228002354,0.1269192248,0.1667773571
fsi_9d59e70c7d83,0.3715703466,0.5861919546,0.3624577491
fsi_b916798c16fa,0.3545666645,0.4589121724,0.3475171397
fsi_4a40bd052d36,0.1208452634,0.1245651244,0.1638824322
fsi_c2f2dfd48dda,0.2561009543,0.05425843615,0.08267792269
fsi_62901a9cbeff,0.01481265252,0.009986256535,0.02557614248
fsi_76957dca33d9,0.264802309,0.06811681822,0.07106287107
fsi_7788b71a1cc8,0.2585532447,0.06864251948,0.06919952615
fsi_7f9e3d8c36a5,0.1091265358,0.1103922264,0.1467531535
fsi_aa0633a60289,0.3601587247,0.3786057178,0.4440788608
fsi_0666ce60ebad,0.3559123871,0.3730418292,0.4423582387
fsi_b11e4dcc16de,0.4239840691,0.09431391047,0.1215057469
fsi_81c05d7eeb87,0.1433811033,0.06747136622,0.09037498568
fsi_65fef7a76ce0,0.1466676886,0.0624332419,0.07993650921
fsi_6682ea8877b5,0.04695552243,0.0628081986,0.09708556385
fsi_e15b8598766f,0.04581974137,0.06093579374,0.09369794444
fsi_4935c92f75c0,0.1441570424,0.05862586393,0.07572674973
fsi_5ffa46ffedbf,0.2270341218,0.04663171908,0.07340666575
fsi_679b580bbfd1,0.2697803047,0.06973570866,0.07205525691
fsi_0cde03946fb6,0.15076831,0.05817770042,0.07699199404
fsi_7358a2d3bb7c,0.1327331426,0.1641173378,0.2497494517
fsi_da54c3dae316,0.2590226515,0.06915664196,0.07740779269
fsi_8afd519f106a,0.2594348464,0.06493434933,0.06838842892
fsi_0f2ea15fb351,0.1330391766,0.164829163,0.2502050884
fsi_5608da62f81b,0.0424808822,0.05510066167,0.08490313034
fsi_e5546f957d00,0.1397640414,0.05253094076,0.06926017864
fsi_8d03b50f914f,0.2456619135,0.05520863596,0.05993261627
fsi_99c20255bdd4,0.3816212389,0.4037293735,0.4592854718
fsi_d5c66375cd7d,0.1500808307,0.05635387607,0.07550995211
fsi_7827daf27139,0.4327027965,0.452984238,0.5635672762
fsi_533535aed2a4,0.3761566026,0.408836688,0.5014512326
fsi_252df11c0953,0.1605356073,0.06268379057,0.05298328624
fsi_147d29f9971d,0.1564293735,0.0632366996,0.05077231199
fsi_6389bbca3aa9,0.7675113737,0.7994486521,0.8345425157
fsi_9247e84614e3,0.2085822191,0.1548753514,0.1780118304
fsi_2379434e8a21,0.1204951615,0.1227494551,0.1644463633
fsi_5bf0d9781933,0.1171677792,0.1170784261,0.1582343869
fsi_9d366ac23646,0.7709967304,0.7966500038,0.8264145218
fsi_2783ca4a0b85,0.1423338414,0.05572218622,0.0774954536
fsi_400dcdf52f3a,0.1652894624,0.06521734898,0.05459212409
fsi_d89694ee2947,0.04615780035,0.06040803654,0.09495287042
fsi_b92dda5ad2f1,0.03899231078,0.04847193753,0.09383075423
fsi_e27ee4c97067,0.137875414,0.1670274222,0.258198198
fsi_69588523ae1c,0.1686856503,0.2157201649,0.3159018118
fsi_0632454a7667,0.2114399223,0.07503665003,0.1026081686
fsi_0773815cae24,0.1639921727,0.06744453318,0.06261752732
fsi_34b339f2e784,0.1581519258,0.05957573799,0.05130798897
fsi_9dd211b7058e,0.09505058632,0.1239325555,0.06263407362
fsi_8b94dbb8bfaf,0.01663083582,0.01135490908,0.03003545856
fsi_7c140a3a84d3,0.2394462727,0.04919174152,0.06030515212
fsi_235e11df33d9,0.09944860373,0.13198146,0.06595990105
fsi_f1cb7af7f5a9,0.2078167142,0.1864562801,0.2569435633
fsi_8933a136dc91,0.1485000871,0.05257185146,0.04649758819
fsi_4171c15d9f77,0.0451940991,0.05806839662,0.09188619374
fsi_2f618bc7d922,0.217089732,0.3143421419,0.4608168077
fsi_5447c8e4d215,0.2644472987,0.08048765606,0.0727974274
fsi_9e8c8f7113fb,0.1372987948,0.1334235867,0.1812878696
fsi_020dd1ed8958,0.4720109519,0.109165565,0.136732889
fsi_76ccec8ae88b,0.4165882929,0.09102766469,0.116311782
fsi_5c81a31158b6,0.09047285681,0.07508654127,0.09030686895
fsi_1b4a14456472,0.3446916339,0.4141966211,0.3015251123
fsi_ddfc88cf39be,0.1262080911,0.07337045027,0.08794993511
fsi_74496e6cb612,0.1508253378,0.1876053429,0.2887617118
fsi_9764c6bd7657,0.1496740081,0.1641920992,0.2538863902
fsi_c0ee6bd733e7,0.3539301495,0.4752825856,0.3301054515
fsi_0ae622214095,0.7818616066,0.6426097805,0.7801834562
fsi_91d0f9fede79,0.1835453975,0.2250763845,0.3467131419
fsi_732c9bb9974d,0.09777956337,0.08148357269,0.1002214101
fsi_2fc2107f83da,0.05251141707,0.06525613065,0.1031288333
fsi_ac582604404f,0.1559153931,0.05334277644,0.05572609326
fsi_fcb42e27057f,0.4134241692,0.5177268175,0.3791998258
fsi_a2d16ae45816,0.693021277,0.8884082796,0.1959555284
fsi_aaf14879b2c2,0.3218369884,0.3492946481,0.4467142287
fsi_884fe15a7979,0.3337886015,0.3749681162,0.2833690381
fsi_6d090c74ee46,0.566023078,0.5605003973,0.7075321897
fsi_265f16481f07,0.1527721834,0.1684497353,0.2576156872
fsi_724b6456c676,0.05941677246,0.05635236573,0.1024285456
fsi_b9f289f5181b,0.230188046,0.1836820219,0.2263268205
fsi_0c91573963dd,0.01669539682,0.01153464688,0.0299772354
fsi_55d7e3ceb921,0.06142419441,0.07750824232,0.1549204118
fsi_f875b86bdae0,0.7880199214,0.7793318517,0.8245691999
fsi_47ed9e6cc991,0.2968439943,0.3289718931,0.2376359855
fsi_e7fbed94dde7,0.3031964893,0.2877871818,0.3877967546
fsi_5c89cb257398,0.1679051243,0.07626802971,0.05690065044
fsi_c714c53bed08,0.3778090883,0.3548817368,0.4423486333
fsi_2c4e3ff7b7a5,0.1174102355,0.09257877003,0.1297190137
fsi_d35e8afa090d,0.5806525531,0.1009151266,0.0771098585
fsi_eaac637dcb41,0.019189991,0.01361306583,0.03477064767
fsi_1b3a08287912,0.6003075406,0.129522846,0.09678784651
fsi_3c4f4ea04e38,0.09158154766,0.07512465961,0.09131574256
fsi_d4aea4a2fb54,0.1441759086,0.1598127228,0.2478341702
fsi_c8ee91cf150d,0.5354089935,0.08090409623,0.06084587248
fsi_19db3481255f,0.1047091015,0.05395976878,0.07334329183
fsi_40ccc56e27a6,0.09925739933,0.05168587842,0.07194620044
fsi_6735444a34bf,0.1275482746,0.1191307634,0.1513878388
fsi_67a055c0d005,0.5297854452,0.6840481695,0.2232774336
fsi_e8588829369b,0.1514054786,0.1691697605,0.2616058561
fsi_b8a4071c0f01,0.1028600349,0.09369278714,0.1124904938
fsi_36fbf57c6d8f,0.1538301324,0.1703960351,0.2631116647
fsi_98ce81a6380c,0.01636466407,0.01154274724,0.027591009
fsi_63796e38f44d,0.117650108,0.05569009458,0.0758307748
fsi_89d74a4fafa7,0.1231109,0.1047248462,0.1242678297
fsi_05900edbe480,0.1177704814,0.05753409423,0.08162994178
fsi_1442b9eb7fdf,0.8844104754,0.8347905858,0.8324124705
fsi_92203eaccd87,0.3148658727,0.3475986288,0.2489390644
fsi_954863e39551,0.3351594547,0.3746425239,0.4818902506
fsi_4958982f3d44,0.1124735503,0.1520681271,0.07226789184
fsi_bbda9a7d515c,0.27860146,0.3405703911,0.3657336482
fsi_5cd3fb467da8,0.5456374982,0.2720664532,0.2767477679
fsi_b52bae7dc87f,0.1671807438,0.1684769657,0.2279334751
fsi_3484ddeb0cf7,0.1551830954,0.1709595324,0.2671710326
fsi_14a18f2651ba,0.5810487588,0.1434590841,0.1138377752
fsi_4bb3ae92c3e8,0.1006291828,0.04363616662,0.06118108251
fsi_2556392f7cf1,0.09365977982,0.04980578796,0.07017994719
fsi_5f3a5ec70a70,0.602242406,0.8280512465,0.2109806363
fsi_9b1e24bb238c,0.2685236464,0.3229228113,0.1838428115
fsi_9637c6ad39dc,0.1269393285,0.05515714669,0.08037800638
fsi_fad56618a9d9,0.3143316103,0.3239787169,0.419259557
fsi_b56da5c38117,0.06713912001,0.08522722711,0.1349404842
fsi_a26e25721388,0.3270879781,0.3369377475,0.4356825219
fsi_de462370b019,0.1715217184,0.1614866883,0.2141460086
fsi_4a5b9ad9a1f2,0.277387694,0.3078078537,0.3520426388
fsi_1a7a6aab72c1,0.1175445583,0.157483133,0.07859118771
fsi_7f2ca0a85fc1,0.1142279329,0.153941927,0.06502999613
fsi_328b6c2da5a2,0.1666894631,0.112406138,0.1451020005
fsi_96283ede1990,0.07116770784,0.0551115137,0.08180147287
fsi_6e3c227d755a,0.05987014734,0.0374665328,0.04853059967
fsi_543ab3d3a665,0.05642100823,0.03530470342,0.04758401313
fsi_11fd7dfc2cd4,0.7194958917,0.8889148128,0.2091952295
fsi_1a9fab23676a,0.06895359287,0.0520283901,0.07730451878
fsi_b869c6d4d58b,0.06859671228,0.03995007201,0.05230914204
fsi_b37ffd7db407,0.07143128197,0.05510886653,0.08229301859
fsi_d45335428038,0.1664643859,0.177042257,0.2684433918
fsi_56d9320c0879,0.07156465499,0.04303128356,0.05987775004
fsi_38d331548fff,0.3626257428,0.3741271913,0.4784850947
fsi_e64a7846f193,0.3143857338,0.330883182,0.4322685566
fsi_9eac272fdf40,0.3525675197,0.3649389882,0.2573467792
fsi_43db79f399f9,0.1111493135,0.04566818418,0.04678749295
fsi_a9f7f59d03a2,0.1381257449,0.04938404689,0.06407674803
fsi_2f573730fb0e,0.1077412521,0.04611305819,0.04878605825
fsi_453bf14da15e,0.122049653,0.04852634833,0.02823441275
fsi_fa662f5c0799,0.1076578922,0.05103402506,0.05768953075
fsi_09e7233a6dea,0.2847163837,0.3387786712,0.1871533166
fsi_ed34465860c5,0.1212016763,0.04736526359,0.05025249089
fsi_29cd00bc6f9f,0.05769863527,0.03146162049,0.0429204083
fsi_3d38dda6d603,0.1300566168,0.05014457377,0.03118626079
fsi_c353a7b89060,0.04710545578,0.04844234304,0.07982548598
fsi_4d17f082fe5d,0.2583911108,0.2227920068,0.2706160605
fsi_313dec40fc0b,0.0534705228,0.03367556891,0.04634088876
fsi_0623c5b63c86,0.03827241836,0.02669591262,0.05046077115
fsi_00e72e9c808c,0.04756752815,0.07604035179,0.1415584866
fsi_866df05b907f,0.2016479844,0.1071872021,0.1300646483
fsi_91e2fe35528c,0.08549020827,0.1243035772,0.09621393189
fsi_fe30b5f42367,0.02934007394,0.0191273832,0.03747796591
fsi_54c02e3017ec,0.106740873,0.04127021204,0.04409829071
fsi_14db9471a5a0,0.08076528956,0.04529540942,0.06675434225
fsi_b103b2e32120,0.02680479512,0.01707405204,0.03386623799
fsi_2f7d9a5961cf,0.02755237019,0.02170624852,0.05200346188
fsi_99d38d14e38b,0.2272817357,0.1541955854,0.204405979
fsi_8b8653fccad3,0.1236468077,0.04766062419,0.03077874362
fsi_f503fb5466bc,0.07607194493,0.05537295408,0.08409813983
fsi_c78bd4587c80,0.709114823,0.8789214102,0.1917525634
fsi_54f96899bd6b,0.5316418166,0.06923731512,0.04737098049
fsi_fcc27e77b9d5,0.1876798049,0.1696080878,0.1994690716
fsi_9fa21d1b53ea,0.1147628216,0.04052364611,0.02712855877
fsi_2e2c786b5aac,0.1252108596,0.05048751249,0.03726679909
fsi_919e4ad80667,0.1303491163,0.04934135348,0.03134579476
fsi_a72d2feb21ad,0.2550148634,0.2718719638,0.1451205429
fsi_0869bcdf406c,0.07605289187,0.05909358022,0.08768737013
fsi_07660519e3eb,0.2593056426,0.2070970515,0.2845710016
fsi_f2ba248e2b0b,0.1117877344,0.1329038875,0.209825868
fsi_d0549b7bf836,0.1229488728,0.04765389912,0.05127343334
fsi_79e33242a48a,0.257113713,0.232348678,0.2821905424
fsi_b828c13765d2,0.008184686822,0.004579644449,0.01104172724
fsi_a8e50d07b998,0.008629794982,0.004815893825,0.01144203739
fsi_098288c4f149,0.0937581126,0.0664911664,0.1021565587
fsi_4310ba5a8673,0.1016808298,0.04200086196,0.05050966728
fsi_7b9dcbce366f,0.1029265735,0.05653518484,0.0910481092
fsi_4e92b31c610f,0.008514293259,0.00466986839,0.0112345021
fsi_b6796c8300c0,0.2554566204,0.215156248,0.2628968202
fsi_54f2efc0b1fb,0.1295683794,0.1702828769,0.0721651213
fsi_e6793292863d,0.8007032433,0.5653584814,0.685942401
fsi_2648c1b21897,0.3485841291,0.3936965074,0.2485204214
fsi_8f70a7b2b391,0.2348888948,0.1965444664,0.2373732395
fsi_fd3ca4dcf7cf,0.02796992442,0.07485424957,0.1072994574
fsi_f1ee03ed4477,0.2667940362,0.1939996007,0.24720062
fsi_cf8216774baf,0.1289895893,0.08046265692,0.09424693203
fsi_a393a28c7710,0.3770046639,0.1422101196,0.1587206712
fsi_08127721c2c0,0.4007080354,0.4023523534,0.5085998018
fsi_5dca05ba6944,0.7299314757,0.8863781379,0.1686160229
fsi_c698e5f2c171,0.2872943475,0.2440350994,0.2985973776
fsi_7eac670ecfd9,0.3563262015,0.3933684904,0.2817220427
fsi_2b42f9c4b0ba,0.304499776,0.4707346163,0.1912329305
fsi_0cc789d695eb,0.7254395191,0.9066029662,0.4111919026
fsi_7bed55acde2e,0.1134441849,0.03936682912,0.03422763775
fsi_db0132d54844,0.009608751119,0.005235657202,0.0127298285
fsi_b2661dbd768d,0.04676895778,0.03850616479,0.04985877969
fsi_a3ad5e8e8c86,0.7599461956,0.9170383057,0.1951147395
fsi_3382d25aa1b3,0.1194781235,0.05568239907,0.03142444497
fsi_c5843e63a110,0.1237713391,0.09685768195,0.1470560377
fsi_af442a3089b6,0.08684468865,0.05357116181,0.05227993625
fsi_5bd54656bad3,0.02724929174,0.01815218313,0.03621220736
fsi_e07e248ca8dc,0.4690948867,0.1946197122,0.2068092744
fsi_45c832d6e4eb,0.2291734454,0.1863970331,0.2404296719
fsi_0c3d7b6f11a8,0.01052652764,0.005644195682,0.0141876324
fsi_12769b2f076f,0.2335741862,0.1980339631,0.2414462156
fsi_3fce3576a768,0.2654899827,0.2615979806,0.2945045043
fsi_4a14e94196c4,0.2602028547,0.2956816131,0.1511862276
fsi_3b5d00254b83,0.4270108579,0.4399527214,0.5596295527
fsi_4e8a76cc734f,0.2837629234,0.3594935302,0.176490085
fsi_840efbe53138,0.01129953074,0.005877927575,0.0141625433
fsi_da07cf61dfe5,0.3929228181,0.3996234429,0.2643577108
fsi_9f53f0e842d3,0.1248220885,0.1078195615,0.1053082894
fsi_ee49715d31a0,0.524856122,0.6462816226,0.6740265115
fsi_8c966abb5747,0.3919020363,0.07580715509,0.08985680801
fsi_64c71b30b8ab,0.01298473433,0.006307019116,0.01555368056
fsi_44540f05576d,0.006994081927,0.005598678193,0.01589716878
fsi_4a597a55115d,0.4359753286,0.05896736681,0.07704955432
fsi_d2e89e230038,0.1868353369,0.2203674136,0.2734536419
fsi_aeebbf2e55b0,0.2549596877,0.206015613,0.2545426908
fsi_07fbb14d74a4,0.2475262212,0.1988771601,0.2488237358
fsi_8217453bbe35,0.3948375671,0.3764365503,0.4826371958
fsi_9b5bc110b322,0.5121310249,0.2081352603,0.2934327884
fsi_06cf989d84f3,0.3378014609,0.3951707248,0.2126012226
fsi_14b0bc86e05b,0.628272873,0.8430214718,0.4190594838
fsi_136c90196650,0.4093527932,0.3915837997,0.5019971543
fsi_5cb757a3424c,0.1917227699,0.2300718879,0.2713611428
fsi_47255bc262c0,0.7479695114,0.5943027549,0.4138002386
fsi_c59516aa2ed7,0.04546829489,0.0275443505,0.0295693811
fsi_1cd157313d1c,0.2077754729,0.1258672214,0.163832524
fsi_bdcd56c14c55,0.04458428933,0.02711422059,0.03067516407
fsi_ae6785d22353,0.6464366267,0.1142917558,0.08849066517
fsi_fcaed75c9ddd,0.3349942758,0.2765671336,0.3531094802
fsi_82329343a6b9,0.3930572873,0.380446991,0.4929011647
fsi_af1916c0e819,0.04981560724,0.0278628114,0.0314799542
fsi_4471d5741cdd,0.3395934616,0.4057562513,0.3245430942
fsi_9b7282dc5aae,0.2683183273,0.217602262,0.2642224673
fsi_559ee08dff35,0.2838561007,0.2398629646,0.3047054293
fsi_fdd5d547590c,0.4452075813,0.4235555215,0.5375892816
fsi_9dda36fecec7,0.05326920757,0.03084325884,0.03776211678
fsi_a4d87589a5f0,0.5357885762,0.6600941702,0.6883606638
fsi_f4caa64726dc,0.9939478064,0.9002560526,0.736233993
fsi_25ede6b2ca91,0.04338858653,0.02302940162,0.02694274259
fsi_45458d372b4c,0.9607693215,0.9671649643,0.1479029475
fsi_ca3eb2e56abe,0.3521237706,0.4222329598,0.3432584044
fsi_bbfc3c600708,0.3229652872,0.2620541235,0.3188467457
fsi_dd3b44c32c8a,0.1712880807,0.1966011332,0.2197800245
fsi_288683866a83,0.9305300941,0.961859111,0.3341478403
fsi_20d25b1c96e7,0.04305898281,0.02667810648,0.03095652921
fsi_6bc9ddb88086,0.7461463484,0.9039431815,0.4307071333
fsi_5bb01340f7e5,0.0575775565,0.03147063262,0.0426533471
fsi_86b4b8119126,0.003230224446,0.002716647052,0.006991057515
fsi_4e1c0654fd88,0.1974718275,0.06152950316,0.11411164
fsi_af0bf5536288,0.003370076696,0.002866428449,0.007377682397
fsi_e32ebf13bc9b,0.5208505789,0.3131239904,0.2181554891
fsi_e966916c8f7c,0.5158426181,0.3208860222,0.2376440902
fsi_3297b7e29131,0.3305231561,0.2804141278,0.3431469102
fsi_e7bc27dc1fc0,0.003748941405,0.003037836708,0.008031300151
fsi_f3befd8e6e4b,0.00342698574,0.002874999496,0.007507887989
fsi_58876046c914,0.3853557527,0.2989945649,0.3625498967
fsi_f1587d168187,0.03165144256,0.02289103182,0.04343328389
fsi_3dbd2b016177,0.4726062139,0.1956012416,0.2215219409
fsi_990c55c785db,0.1817840455,0.2116395744,0.2304600097
fsi_f6c27e078a6b,0.1347457203,0.194023886,0.1184308755
fsi_7c2accf7b4a5,0.297766198,0.2336740365,0.2828303809
fsi_bf8f49fd1d9b,0.3215233329,0.2546612506,0.3124263842
fsi_98fd2adbcdd5,0.7700830972,0.9204614681,0.4101613981
fsi_35c49acc9849,0.1327170265,0.07553343315,0.07032718595
fsi_a382d397152e,0.00249858887,0.001127036484,0.003112160796
fsi_f34e1913af42,0.09179231084,0.05616282968,0.05601829089
fsi_ef7858156299,0.13195844,0.1860335189,0.1109901361
fsi_75d8c98ab7be,0.7322999423,0.8933479279,0.4083477671
fsi_8838cacabea4,0.3616886527,0.4279621289,0.3974429847
fsi_0af16de4d07c,0.8757329833,0.6150036132,0.5803564208
fsi_dcae6d524a8e,0.1131790571,0.1669144449,0.05214228684
fsi_e5df96e40b2a,0.2046227937,0.2411973395,0.2568365424
fsi_9823301565a6,0.00361719819,0.002861507462,0.007716932724
fsi_808e0e23c1b9,0.3545504487,0.2811771595,0.3449698171
fsi_589f82ffafef,0.12202181,0.1289486068,0.1555873281
fsi_a008fd1b27d7,0.2340907294,0.1756850367,0.1719025142
fsi_ecf269c908d0,0.0025342656,0.001114946896,0.003055709231
fsi_1c781458f8c8,0.7528634773,0.9001510065,0.371271183
fsi_373ab62ff2ba,0.725470844,0.50982203,0.6879129902
fsi_196fd136e96d,0.2948245019,0.2330748633,0.2857410121
fsi_8dc451a499be,0.002779344123,0.001196656267,0.003245836823
fsi_cfa5173058f9,0.1707887374,0.2008551829,0.233314537
fsi_990f15c1c589,0.003342523221,0.001425660571,0.004120121217
fsi_a99f2a4cbdaa,0.004011419948,0.003066057054,0.008030128188
fsi_e8ddd6f9bcfa,0.002529034531,0.001070580601,0.002980182847
fsi_496cae29139a,0.4046894161,0.4522889461,0.3968052389
fsi_ecb9be183e1f,0.5766155826,0.7019070847,0.6831686066
fsi_491656bb9bb4,0.004840262498,0.00364462028,0.009790316667
fsi_b42da335228f,0.339481015,0.1176868014,0.1335512764
fsi_afbda1fce653,0.5624481794,0.2755848826,0.311975866
fsi_157866361413,0.8825336322,0.7919175325,0.6100412183
fsi_b8087f99fef9,0.1215168065,0.04689165885,0.06154728344
fsi_49baef25dd91,0.6149491026,0.6807262667,0.6970261269
fsi_485a7a7bdda2,0.02206524513,0.0213848215,0.04562284416
fsi_dbbb0891bff9,0.3370364548,0.1009376652,0.1105623774
fsi_2f6a0c67666a,0.5638864099,0.6206796844,0.6491900947
fsi_d082c0c67514,0.3182194479,0.2552212515,0.331968903
fsi_a395db7aec13,0.004049516785,0.001655467065,0.004530657786
fsi_4087498abc95,0.02921952994,0.02569875741,0.05620876094
fsi_4aafe8e45b4a,0.6358964829,0.07079869065,0.09020806257
fsi_741be06fe5ea,0.8889861966,0.7721676717,0.5884511768
fsi_2337edd991a4,0.05533201456,0.0530865403,0.09580982584
fsi_a03bf92a7a31,0.005535135054,0.001997119865,0.005526260876
fsi_9213731b3b31,0.01990534929,0.01775558975,0.03967601817
fsi_b926aff303b1,0.4166613751,0.1163041043,0.1349111828
fsi_c41ddc527236,0.1212691857,0.04419887023,0.05704503827
fsi_59db0f265e19,0.1169398559,0.04969874464,0.0650621222
fsi_43cfd25c8179,0.3861443984,0.3217131276,0.4042112988
fsi_f0f5d9f1371a,0.6949852245,0.167806132,0.1493022534
fsi_19403beb2369,0.5864471206,0.08468281774,0.108167014
fsi_dd47ffd55d13,0.6392972138,0.1940376412,0.174551108
fsi_321d38f55460,0.9270798083,0.6106773832,0.6168796653
fsi_717445465553,0.3796937856,0.2895755256,0.3677627329
fsi_de875940e28b,0.5852165038,0.7050015929,0.7140937813
fsi_fd0258c4bd21,0.1436359115,0.2050097963,0.2764510283
fsi_09411f62c3af,0.5886705546,0.2558354493,0.2993260808
fsi_ad447cd4d9ca,0.3352511216,0.2134191986,0.2756724008
fsi_bbaea1d4d6ac,0.5779173747,0.06703482621,0.0871704483
fsi_8f97354ea8b6,0.05564328865,0.03696411205,0.07974903692
fsi_e5365351edb9,0.5232367619,0.2864843185,0.2275855821
fsi_8557b22e9237,0.02372669961,0.02347743333,0.04751479713
fsi_5496af1fb199,0.03795279784,0.02313401508,0.06105501924
fsi_c320d6979249,0.1262987951,0.04524490079,0.05828285348
fsi_b8a80abd4497,0.2250330662,0.194306827,0.2219241186
fsi_472c9a13c350,0.3817162608,0.1277354025,0.1358632616
fsi_9f9daec3f5d7,0.3925774002,0.4659847981,0.3757721868
fsi_a4329041e771,0.1395634907,0.03741792776,0.0414575704
fsi_72560cfe4b3e,0.05483566993,0.03529715473,0.07615990236
fsi_85f0b5ae5f6f,0.3904032565,0.467169787,0.3350981241
fsi_2a49d013bf3d,0.3740107949,0.4390648027,0.4042607223
fsi_3a7904a7d5f2,0.02354159311,0.02389033453,0.04984395952
fsi_aef3977e8aec,0.4473984103,0.3120296295,0.391846913
fsi_5d1e6cac98cc,0.03686201398,0.02181058917,0.05757413897
fsi_2a4d6a6f2fdf,0.4160166197,0.4715995375,0.3859187928
fsi_f5fa12703b6b,0.6347862651,0.1569332559,0.1407377745
fsi_6a3947180852,0.6260922298,0.178921761,0.1510743839
fsi_449c0878ee31,0.5826438391,0.07758007276,0.09743858029
fsi_a9ef22b80b71,0.1958267003,0.2850725243,0.3108273753
fsi_67f69b828a31,0.01774784033,0.01467997344,0.03413281703
fsi_33180a2ef917,0.7939734604,0.9430661411,0.1336596957
fsi_194ee4ac428d,0.1317736991,0.2004965935,0.2909039597
fsi_a11aa4956dbb,0.05832410154,0.03545951348,0.07780298074
fsi_62cf33f23b08,0.6317323318,0.3871575641,0.2607794505
fsi_73afcdb823af,0.009747336167,0.004613274398,0.0117656434
fsi_2a1f743d5be9,0.3914252139,0.4101090658,0.4055143858
fsi_1bb66bda45b3,0.03806512729,0.02128669037,0.0569253071
fsi_9898397db964,0.2516327297,0.1128837097,0.04767635403
fsi_efb74ae5b9fa,0.1810131957,0.2497798132,0.3510867546
fsi_ede1b799799e,0.1213215153,0.04111026263,0.05381162292
fsi_7c7edcf39026,0.9347320609,0.7574896148,0.6220386117
fsi_2591ffa17f74,0.7076550499,0.8557430319,0.8000191966
fsi_1aa3ec8b035a,0.12626597,0.04563432425,0.05902673909
fsi_fe7f2148dac1,0.1872883804,0.1387436731,0.1442092234
fsi_40e7bc8048f7,0.1954262482,0.2761766339,0.3567737448
fsi_bcc69d563b06,0.1663295582,0.124771115,0.1259832358
fsi_89d5652ac8fc,0.1484216308,0.1605069995,0.2305962169
fsi_a8bdf49d3eae,0.1546972054,0.2232456196,0.134426428
fsi_77d8b5314ee0,0.2730744111,0.1427966657,0.06243110561
fsi_9c76db51bf59,0.994319045,0.2938691394,0.4119303099
fsi_36ac88f87de2,0.4020380641,0.2860769263,0.3659560071
fsi_c4d87050f1c5,0.04627121291,0.0728657462,0.1288000487
fsi_b1b4d43a0016,0.9917183323,0.8278600167,0.5962221336
fsi_552167883b28,0.1794654357,0.2511218816,0.3539561632
fsi_f8ddc9ebe89d,0.2273428233,0.09495028037,0.03971828172
fsi_4e44458dc41d,0.06489578103,0.03972066716,0.08913190851
fsi_67c1b45f2928,0.410546386,0.4498693604,0.3558661365
fsi_796029651c4f,0.1021564845,0.0542813805,0.07043935069
fsi_a931fc460f47,0.9942492229,0.320969208,0.4456790508
fsi_f053ee2588b8,0.1396747859,0.09476600473,0.08992127219
fsi_96158fd7ad61,0.5569188119,0.4076259825,0.4026463854
fsi_24259826e048,0.1551919421,0.2215213606,0.1138907222
fsi_0b7345ffedcd,0.3876828009,0.1089679849,0.1278372348
fsi_8850933f1997,0.9219214717,0.1476645673,0.1200956631
fsi_2498fd8de0e3,0.9609092865,0.1326295525,0.1028127391
fsi_f319d052a3c0,0.8308024348,0.07831742045,0.05967392477
fsi_acc2a42dd0c3,0.6529156696,0.8791308613,0.1581247672
fsi_7e2020395014,0.08871444272,0.08652590512,0.1385765311
fsi_36e81e0fe897,0.09475944712,0.03394943478,0.04238191131
fsi_0d98a337ba1e,0.2455640131,0.1432593019,0.07432624083
fsi_8ac630f11242,0.1419581679,0.09743584667,0.09092346051
fsi_05bfe1eb9684,0.4065287557,0.4337669373,0.4596091594
fsi_ffb726d4df78,0.7534232074,0.1146115239,0.1364787693
fsi_0d152890d576,0.06940991498,0.04367396781,0.09381568196
fsi_f91530581b60,0.9122350356,0.8174835853,0.7564353704
fsi_00d8cc00b66c,0.02788054186,0.03104782903,0.06394150674
fsi_98303efffb26,0.6214324555,0.2873014212,0.3013894537
fsi_acfeea30c028,0.05732967455,0.06083723468,0.0993783796
fsi_bb0a772b4977,0.03271855394,0.06716383329,0.07874601698
fsi_52f57e5ba525,0.9022051731,0.1050037931,0.07861561329
fsi_67939b43134d,0.04451470727,0.03849724725,0.06948158135
fsi_7db483520c5c,0.0626997089,0.0386518449,0.08560472471
fsi_6907142ef88c,0.04148352547,0.02321791996,0.06336036848
fsi_4a6577c39746,0.5609718687,0.06470038262,0.08392618364
fsi_4a723c32bf35,0.07568614014,0.08284822954,0.1380216826
fsi_581172c84397,0.01503578463,0.03859184565,0.0525992012
fsi_c571dd553640,0.4173158344,0.5047233249,0.4086708126
fsi_cc38503029d4,0.05372529864,0.05478971198,0.0916480486
fsi_538c955e92c3,0.30802282,0.2685280018,0.3736031371
fsi_ae6eefeb3031,0.8510293993,0.7995095297,0.7832630876
fsi_2aa5cf2225c9,0.03191696183,0.06564622021,0.06984626153
fsi_342258915526,0.1803122504,0.1169215339,0.1206020756
fsi_1242549a5cc8,0.9305878569,0.2739971379,0.385172365
fsi_47a8f00588d4,0.1038878465,0.09947173383,0.1587139941
fsi_4fc10391b58c,0.1623618935,0.2299118233,0.1309499801
fsi_449f1d55bdae,0.1272693863,0.2290777703,0.2607469574
fsi_d46a49f355d1,0.04288715482,0.117690713,0.09601893126
fsi_77a31297ed93,0.7160490391,0.07947630166,0.09598095763
fsi_170b032e00f4,0.08834770755,0.08673038507,0.1389244076
fsi_4d882202b36a,0.45852378,0.4925286772,0.364232676
fsi_45d85cc30a43,0.6657677424,0.06432484272,0.07733320718
fsi_61a6a9471cd5,0.2658912979,0.1957507954,0.1761855123
fsi_b4901ed07dda,0.1117387628,0.1676842227,0.2528994981
fsi_82eef5b6401d,0.3154206249,0.2672908958,0.2370229625
fsi_91c9bd2dce47,0.03584106406,0.07420381279,0.08896164357
fsi_f8902958199c,0.3999338012,0.4984792981,0.2645028033
fsi_00ca4a214d7f,0.1767937845,0.2532220335,0.3444966979
fsi_98eaf550bf65,0.6922960771,0.7312872311,0.3646325487
fsi_ffd69b8e685d,0.8117297572,0.9265633165,0.1256428806
fsi_2dcb161e4adc,0.6155737615,0.1547632544,0.1325911985
fsi_9b1ef4e6eee5,0.04416601967,0.04589274076,0.08026584802
fsi_af74fa9a6095,0.8820188702,0.2820263695,0.1884312797
fsi_c8bf80fdc476,0.3578323666,0.268125004,0.3563199546
fsi_634a833996c1,0.1614953312,0.112417631,0.09957786913
fsi_a61c70a18b0d,0.3395672369,0.3579481966,0.4611338877
fsi_39700900ff08,0.3441301284,0.3618988257,0.4629409806
fsi_f3bc42cd5bfe,0.3823362889,0.3827548317,0.4080605331
fsi_d7deb222d6c3,0.3201425333,0.3349747862,0.4373756189
fsi_3c47b7838847,0.9204146029,0.272396572,0.1661122475
fsi_e72c875ffae9,0.1400856372,0.09696697879,0.09580378921
fsi_7b066772a741,0.64425005,0.07479536752,0.09500970642
fsi_cfd7e32353a1,0.002197116526,0.004261590947,0.004201731603
fsi_e85a7940315f,0.8047845231,0.0638002634,0.04474906243
fsi_0e0d2008da9d,0.04952598997,0.03130167568,0.06477384081
fsi_e44940f8848b,0.06088674489,0.06616565371,0.1070950156
fsi_5b84d5bae2b2,0.1219840882,0.2259252545,0.2826106677
fsi_5768269900e1,0.7836902398,0.1660865574,0.09757706762
fsi_7c1e35fe994a,0.7288446254,0.1205147792,0.1481067131
fsi_c17929eb1e9b,0.214987711,0.1353510391,0.1646717665
fsi_953a179d69c2,0.4639360295,0.3334188459,0.4163472166
fsi_4116fb0f796d,0.8378076604,0.5921451432,0.625604744
fsi_28ef448e4bd7,0.3756907542,0.3824694873,0.4182191747
fsi_1da6e39c06f1,0.09155298296,0.06759315231,0.1344725938
fsi_1fda324cf962,0.0363631911,0.0780503454,0.0802975218
fsi_5feac95fa0f8,0.1830154405,0.2534553865,0.1287647557
fsi_894a99456767,0.008589480135,0.003529816203,0.01028632497
fsi_f271fa3b85c5,0.388973905,0.2745688665,0.3530499982
fsi_c3c8e042baae,0.1914633001,0.3292579029,0.354296052
fsi_c52e3f05649c,0.9138453975,0.6437974761,0.4408613686
fsi_7436b36f9d06,0.6927640457,0.3869015706,0.441813083
fsi_7e6e79adca83,0.0473376272,0.02769249849,0.07238864756
fsi_a74e81cf2e1d,0.04211426932,0.02421898398,0.06460686034
fsi_134b384b82ad,0.9997480324,0.2649736517,0.377233579
fsi_78bc42494b8b,0.9041023449,0.3109708654,0.2674524494
fsi_f474e603d1a3,0.3143391171,0.2754161026,0.2550917592
fsi_35997bdce492,0.6908158058,0.1727896629,0.1477517312
fsi_feb9fb8b10d2,0.854939684,0.2141796969,0.1256863479
fsi_4a01fd7e7b05,0.1742684734,0.291346556,0.353981654
fsi_7f3edaac543c,0.3367516701,0.3489483658,0.4601816734
fsi_df3a0eb6d1db,0.5099378304,0.5410192336,0.5157250709
fsi_3b8925661ff8,0.4139022051,0.4158699086,0.4524380044
fsi_0d5ec5d004f1,0.03654936952,0.08049937268,0.07875675272
fsi_c76131054fae,0.3458608343,0.3619161007,0.4700960419
fsi_c7544143c924,0.01607066525,0.03949882163,0.02693595923
fsi_747f9fb9f25b,0.1316060518,0.04143335262,0.05438827566
fsi_1faf05a4212f,0.09404345164,0.09448101705,0.153378555
fsi_9cdcc48dcc5e,0.1232886552,0.1246736925,0.1894380029
fsi_cfc45e713209,0.08486641646,0.09123895713,0.1057896639
fsi_f8014afd69b1,0.4606569415,0.4610468157,0.510202966
fsi_89f411d1eeab,0.8468041463,0.3569206504,0.3162391257
fsi_4cf5cebfeb85,0.620852386,0.2273703994,0.2167392807
fsi_841c9ccfb242,0.1150107495,0.1185962932,0.1931642997
fsi_70a6923ab162,0.4719447186,0.1639588207,0.06418987233
fsi_e9eeafb44826,0.8940878815,0.6705120858,0.8361270916
fsi_c6b14bed5b06,0.252143656,0.2640390722,0.210994944
fsi_6dc71973817a,0.4047743518,0.4140771889,0.5365653301
fsi_7db30b5735f0,0.005136715872,0.008209805831,0.01719799354
fsi_05523a3ac652,0.4786498514,0.2097515148,0.1067142181
fsi_ec6641291357,0.6571851697,0.4980876689,0.574548068
fsi_37651343a810,0.5304337773,0.2064870725,0.08952225272
fsi_99e5927c6a56,0.3665322786,0.3704847582,0.4885981046
fsi_500b8db772c8,0.7119061982,0.1807948509,0.1366075961
fsi_beedd530263c,0.04535464404,0.02416981352,0.06748253961
fsi_98dfb0174455,0.2312318581,0.08637576134,0.03235453604
fsi_d7b12e3fc2da,0.4225123291,0.127773257,0.05095658386
fsi_15a83e765f38,0.0719177765,0.08488410452,0.1351359618
fsi_e8df460d56a1,0.6466453065,0.1965035235,0.1471004988
fsi_fe08b60c50b2,0.4225024865,0.3252446811,0.3755661346
fsi_d2be089e2a8f,0.8147867175,0.9066108875,0.1148011008
fsi_b6ab3bc0f25f,0.08490256621,0.08971448095,0.1041993274
fsi_b8ac8805d6e9,0.1808664619,0.3244799626,0.2611603948
fsi_110f73551b38,0.1669597565,0.1840478054,0.2918315592
fsi_e6338aecd45c,0.8282346049,0.2910661925,0.2517751053
fsi_8e4b9f7b3d5f,0.2881919743,0.2361332521,0.21395741
fsi_2b28a9a22c6b,0.08100773896,0.08750053195,0.1029229323
fsi_51a904035172,0.04059619368,0.02487144301,0.06197420848
fsi_e7cdf44a40bb,0.06577883188,0.03837644784,0.09000689799
fsi_0754ded0cdff,0.1761083116,0.300620743,0.3623326934
fsi_7af355b3274f,0.8301793069,0.7284990088,0.6568488947
fsi_826423209619,0.04413778083,0.02274003122,0.06358076976
fsi_813b94b6ea14,0.6676416667,0.05385009445,0.0609714051
fsi_3d2455ea4698,0.4503666195,0.1247077082,0.135823359
fsi_0260b421258c,0.8188355085,0.7342363221,0.6607351813
fsi_fb1f2781ddb3,0.06489720741,0.03657147345,0.08585156967
fsi_ab7c851172d9,0.8738984289,0.5771284318,0.6693634372
fsi_599b8b2828ef,0.1612750411,0.1720250425,0.2541191671
fsi_f2ff314d3ccb,0.8342417031,0.3338424485,0.2779146385
fsi_92114ea83515,0.8924815973,0.2677910489,0.3895448274
fsi_20c1ddebdcb4,0.7615741717,0.1394999153,0.07639342011
fsi_0d7c7ad7d184,0.01906119809,0.01110013265,0.01930138961
fsi_51885ca867c1,0.1789396471,0.2329992535,0.3414651857
fsi_65e3f135814f,0.01924449083,0.01162365221,0.02035503383
fsi_8577cdb3a3d7,0.6318059368,0.08955584917,0.0552519758
fsi_ab5e624bf741,0.3997993125,0.5564817772,0.3504284032
fsi_7825e073084b,0.1825089256,0.237434555,0.3478789219
fsi_8c3e42013d75,0.3252479341,0.2700936028,0.2565616966
fsi_45f4410079ee,0.1725789077,0.2216589195,0.3272094012
fsi_6658cd9aa75f,0.3794823599,0.1030274143,0.118175783
fsi_cf2b39a5151d,0.9651139725,0.1039055397,0.08321731777
fsi_55066fb84397,0.06853568018,0.03655306894,0.08713089444
fsi_d3d0582d56a9,0.2814062253,0.2329591005,0.2186874896
fsi_af117f8e539e,0.5317880721,0.5609048958,0.5291743798
fsi_afd86208632b,0.04530971028,0.02208696329,0.06252126252
fsi_4bd2a4f00311,0.3671681263,0.3073175747,0.3009443779
fsi_363a8c5f40ea,0.03023642252,0.02924224151,0.05402079869
fsi_d7dcf11b9570,0.6540911437,0.170543708,0.1280523553
fsi_ea5eb374d982,0.4566662474,0.3078145197,0.137778061
fsi_4d2d096aa82b,0.1807950816,0.2319628839,0.3476434049
fsi_188f669fea99,0.00784486556,0.01377329079,0.009136689165
fsi_a24a6c59fe91,0.4278742487,0.5027009309,0.4573967721
fsi_028254825d16,0.1848074594,0.2383077482,0.352991996
fsi_1048b871ae87,0.6369530261,0.173703865,0.1204351904
fsi_85ee0ed472a1,0.8791973437,0.7095465591,0.6857755958
fsi_ae9724389a3e,0.5344582569,0.4858205722,0.458977825
fsi_20b9dd56ac1c,0.04384738868,0.0233162477,0.04644336677
fsi_607d42619ab3,0.5065567449,0.3213439588,0.117024935
fsi_d65a479c8de9,0.01975050399,0.01092886377,0.01941051946
fsi_6779240078ea,0.2064384586,0.1240226553,0.1405845979
fsi_7d92e2a3a432,0.4445266024,0.2505612134,0.0819422561
fsi_f29f896be415,0.06408047646,0.04237375032,0.1037534989
fsi_49561c7d98f1,0.7455782359,0.770891626,0.5866214889
fsi_910dd330dc43,0.2186617016,0.2734104011,0.4009166466
fsi_245a1c528b67,0.3961202499,0.2007511119,0.06561703476
fsi_21d523674e62,0.09393700317,0.1006683623,0.1173179805
fsi_17a106a7f4b0,0.860263904,0.9364226638,0.1164265911
fsi_2294f2b49a1e,0.04361625174,0.02223116562,0.04418879086
fsi_cfc60741ff51,0.8076290321,0.5758651683,0.6832728209
fsi_e4e7f992b3c7,0.09511534302,0.1020310311,0.1106130659
fsi_ebdd3edc48e0,0.7041517519,0.7869222818,0.3011159083
fsi_bd009d911a4a,0.1939595664,0.2423697003,0.3614666538
fsi_874839bf2ade,0.1791260421,0.3122433025,0.3557211764
fsi_9f295ae8c7bc,0.8405077972,0.9077247158,0.1037428111
fsi_ccc7a6e4b32c,0.8115215099,0.6738157542,0.7703740723
fsi_745ca3ec97a2,0.07549003692,0.04019992584,0.09783980078
fsi_2aa1fb0a8699,0.5997892259,0.07122357106,0.0413566178
fsi_4cae350b56ad,0.04460270631,0.02120544956,0.04324349077
fsi_6226e77bec61,0.002373778405,0.001647504246,0.004453749472
fsi_b9731d37eabe,0.08491467592,0.09050268143,0.1072981228
fsi_d9388a0dbae8,0.9853081227,0.3630111176,0.2511034998
fsi_12a21d770b84,0.3638106909,0.4259655838,0.4852605936
fsi_d78af8897abe,0.4119228472,0.1085829925,0.03915571289
fsi_757e55d57bbe,0.6898270997,0.115723381,0.07046230428
fsi_d0a012fd4404,0.6201931762,0.3556318754,0.2186656113
fsi_7d2bae141941,0.9212105616,0.3976087981,0.2780619299
fsi_ab3f918d3d1c,0.6133336084,0.2183062094,0.2217555318
fsi_05ed724627cc,0.04891544203,0.02365334726,0.06841799754
fsi_9659426fd053,0.09798763515,0.08280546995,0.169763193
fsi_37de4c3051cc,0.08198117163,0.04465662691,0.1044735017
fsi_2e6c16368f74,0.3051197772,0.2461775508,0.3145805201
fsi_9e2aebbd34ab,0.4206063887,0.2374199251,0.3099316967
fsi_d0d8dd90e436,0.9914969137,0.2515393378,0.3661828535
fsi_931a63b99911,0.3449608697,0.4169204018,0.4953653668
fsi_635495063cc5,0.07387500869,0.03954970259,0.09475568123
fsi_b3781477bcd7,0.6323637736,0.3353894913,0.1910934249
fsi_5e42ac6368be,0.0821117076,0.06817120228,0.144232543
fsi_2e272982b804,0.9169345093,0.2226164719,0.140840212
fsi_5cb06a0eee29,0.3070238659,0.1106078253,0.03741539595
fsi_fc56a8970963,0.08774734355,0.09486762633,0.1015308048
fsi_dd81da930be6,0.3652470278,0.4321795389,0.4818865469
fsi_57be52a1d1cc,0.2522331346,0.1936366931,0.2423987579
fsi_da038089d3b8,0.03474181451,0.06049900764,0.1000795796
fsi_3cd4e687fb26,0.09075735342,0.08927906854,0.1318508427
fsi_880343500d46,0.7473822909,0.6830582002,0.4179487053
fsi_71236db626e8,0.8154512003,0.06826129457,0.05019700369
fsi_c1b37ed23072,0.9406741108,0.7923271086,0.6684157612
fsi_19f788ab26da,0.8054881793,0.5643470251,0.6674718602
fsi_02f4a35ce4eb,0.2513691084,0.1920188186,0.2408123618
fsi_65f40469ed12,0.7084878102,0.547714096,0.5879894877
fsi_3928dd20620e,0.2899426353,0.2407233267,0.3049488934
fsi_2e902e51de28,0.3807630337,0.45462613,0.4943828814
fsi_a009168119b2,0.2590675802,0.1497514686,0.1868283582
fsi_e16c68f8a6b2,0.9127608057,0.9767665881,0.2701424975
fsi_a63b100e2163,0.2662241908,0.1717404653,0.2728080636
fsi_240be4a084a7,0.08843136585,0.08746428372,0.1301352287
fsi_d991d9696247,0.7575067671,0.7014661866,0.4311715063
fsi_6ea7f0d1f669,0.318370017,0.2440042477,0.2909513871
fsi_7c7cd915d694,0.561932596,0.6009281468,0.5200074102
fsi_da119b2c9a5d,0.736365639,0.5802721243,0.4365513896
fsi_861e69536ae5,0.4192403172,0.4850582517,0.4848680034
fsi_bd9152143b96,0.05219510693,0.02519826728,0.05242617305
fsi_9c3528dcc876,0.3078056019,0.1374800917,0.05778194327
fsi_dec93fbef5ce,0.3322602167,0.1585947876,0.2133225225
fsi_061c6db23834,0.02399766182,0.01363785297,0.02514741537
fsi_1f1d0faf700a,0.342764857,0.1379236519,0.04587269721
fsi_bfc75c1b4ce8,0.04652628158,0.09497985821,0.1095157185
fsi_1024ab097f7c,0.9136969485,0.3632571853,0.2342228687
fsi_8181ad44ba0f,0.09044133289,0.08790171024,0.1302571397
fsi_b13b6dbc0e15,0.1452613006,0.2224705952,0.08639455408
fsi_85abb457eecd,0.6672098062,0.1513325158,0.1115843326
fsi_7adda37680b2,0.912403041,0.3452501603,0.2370931864
fsi_94edeb68ada2,0.4390280367,0.4260211954,0.5434076774
fsi_d9f12293f10d,0.8086279043,0.2896463143,0.2390385083
fsi_5b07968a3955,0.5424543374,0.1723057213,0.0714594985
fsi_45fd23850734,0.9139207993,0.855619034,0.06417911932
fsi_f51c4d64e486,0.4112583678,0.3945288959,0.5166510465
fsi_0bee75402cf6,0.467211195,0.1762017562,0.1985816198
fsi_a161d7af7bcb,0.8673847052,0.9544937932,0.2365966086
fsi_12a3b96bc897,0.2806404184,0.2170130064,0.2649839078
fsi_fec912c7b5fa,0.4326507063,0.4190679977,0.5401459139
fsi_7073c8ce379d,0.388202919,0.1753207176,0.05262562276
fsi_a7ba280528d0,0.8083731542,0.9293446206,0.3001942873
fsi_c44bfb0cc679,0.5704113999,0.5277714764,0.5015334603
fsi_3561b4a9321e,0.6930226419,0.5462661211,0.5861300733
fsi_2243aeb45b20,0.1073374994,0.06814118966,0.1482851717
fsi_da25b51b11ab,0.05025498442,0.02494432109,0.07025600327
fsi_24c136d07da8,0.06272355533,0.03430051412,0.07658382207
fsi_9e5230a0afdd,0.05661757541,0.02852045827,0.07919763823
fsi_2496f17db98e,0.364016397,0.2429549372,0.2744256151
fsi_45cdf1f16993,0.7166062865,0.6202217765,0.676772146
fsi_2e32f72d8f12,0.3033766429,0.388208529,0.2795518368
fsi_eedd1e549e71,0.9004616714,0.9732733826,0.2592593881
fsi_ff5e6f1505d5,0.00103057956,0.001523960428,0.0017600225
fsi_36afac400c55,0.1647145307,0.1174758665,0.1296273673
fsi_533b8ddda912,0.2930684451,0.09147987482,0.02868502516
fsi_3920130323b0,0.9692461285,0.9302517788,0.879189348
fsi_42e70da46917,0.4146881949,0.5419673348,0.4575039921
fsi_3d55a347d8a8,0.01315583624,0.02169868548,0.01375643597
fsi_7a79cc6c584c,0.7105522679,0.1494386442,0.09757085009
fsi_61c607c35a12,0.4387224465,0.4059710082,0.5405156905
fsi_2ee4af88286a,0.828325966,0.7130521528,0.7690368918
fsi_9bd8d61b1ad1,0.6277865836,0.3422561185,0.4502687879
fsi_374459eba75a,0.1771618514,0.1259349887,0.1298712663
fsi_b44dc8107897,0.8759535828,0.9518437056,0.2056141045
fsi_e18ea3bb6c0d,0.2287396747,0.2521380846,0.3464058755
fsi_55f5938aba52,0.4398418799,0.4204864347,0.5489210542
fsi_03318f7f1236,0.07762190108,0.06172467771,0.133633775
fsi_815f7159c16a,0.7600452893,0.5697291164,0.4994098089
fsi_868f37fdf644,0.8980010977,0.3189392171,0.2630958965
fsi_b86bb3964063,0.7663047379,0.6690469876,0.4630372254
fsi_53b3354dd84b,0.1260148181,0.1227995874,0.2254250373
fsi_ec24ed683c7f,0.02233309339,0.0389067653,0.02671426916
fsi_7cc67826d6f3,0.09186912832,0.08988406164,0.1348397704
fsi_24cda9824acb,0.1130132055,0.109481381,0.2053718032
fsi_f69df5c8da2f,0.3159027105,0.3414281306,0.4296882872
fsi_d465d8b47cf8,0.2557952869,0.198190468,0.2497407884
fsi_fcce4a30a652,0.7712430243,0.08824086526,0.109925103
fsi_d32ab2a38c51,0.8755127267,0.7732883189,0.4367410173
fsi_bd2b30d1c946,0.4298291976,0.3295706327,0.4613900093
fsi_4f8a8de2c756,0.6026801325,0.04776948982,0.06448855957
fsi_d8ee6372de96,0.6542750809,0.316109236,0.2184889945
fsi_9acb6e23d272,0.05922584831,0.03018520984,0.06045577339
fsi_4fdc3cf742c7,0.3224472099,0.3874703275,0.2749056145
fsi_c65b8ef85862,0.8167337796,0.653399328,0.7598901928
fsi_975d1d6058e0,0.4689981143,0.4220524765,0.5637021828
fsi_05b5670e1eca,0.8399208499,0.555161018,0.455485442
fsi_53d63413c974,0.02745290736,0.01608025142,0.02878194062
fsi_87aa20254166,0.1021642317,0.1010372303,0.1484227188
fsi_e14be17ff7a8,0.586651732,0.6133959275,0.5597304318
fsi_58ff8640a1dd,0.1717951415,0.1224577329,0.1222248009
fsi_ca5b2ee94724,0.6352971312,0.1653771912,0.1174053215
fsi_947b63429cc3,0.4285785142,0.4934236816,0.4996003317
fsi_c7a6fe5f19e3,0.5125115432,0.2759037568,0.09687086124
fsi_290be4fd7757,0.05172476191,0.0274190474,0.07170426733
fsi_6798c393d505,0.01505322279,0.02501044634,0.01717652223
fsi_6bb9576a07c7,0.3229472478,0.1621327589,0.07871456852
fsi_344780fd1007,0.7388516538,0.4236782829,0.2383896732
fsi_7905f28a7c70,0.433554179,0.5026375211,0.6053394616
fsi_fceceafeaf57,0.2158552981,0.1850056529,0.2735876216
fsi_664ab9410463,0.2174361831,0.1901164659,0.2799715692
fsi_522da4e0d5dc,0.2139994318,0.1612480415,0.1790662187
fsi_98931b2a5f13,0.5961352138,0.2209938622,0.2456880374
fsi_92becf1b9646,0.3913808293,0.4650696129,0.5486382473
fsi_f79327667a30,0.03931960235,0.0179819661,0.01475676542
fsi_afb1e9bf7e42,0.03170994114,0.01913383381,0.03106373124
fsi_48f9d0229c7b,0.9997987637,0.9995194476,0.1845420572
fsi_2122c5c46715,0.4190968812,0.5422085882,0.3336296649
fsi_8c1eece27df6,0.2182864329,0.1907012194,0.2804156985
fsi_ed40110916a9,0.01378887762,0.02455856881,0.01594532251
fsi_780c906367ef,0.1098982963,0.1095057857,0.1546517283
fsi_19f8e07c0c69,0.8134131582,0.6152052652,0.8225961
fsi_cdd07c5af2e1,0.9489866842,0.9894475683,0.258948644
fsi_389716be5404,0.5055606157,0.4694808109,0.6111643521
fsi_650266f8a80a,0.3097873167,0.266580917,0.3900264521
fsi_15e71afaff6f,0.07013744438,0.05668062443,0.126163083
fsi_1ee29f2e86b2,0.7280932354,0.1212846962,0.08127352386
fsi_6c6cc567a35f,0.07022894549,0.03629277084,0.07083413483
fsi_0880e58bf4ca,0.232310156,0.192136301,0.2889838077
fsi_d123d7cd7fa4,0.06571201855,0.036161599,0.06592791924
fsi_c8c54030b9a1,0.1523377235,0.1411679944,0.128800723
fsi_ac4430346603,0.2634880953,0.2124068512,0.3206659205
fsi_7e12339ed59c,0.8046882409,0.7900072034,0.671698436
fsi_0431b90a45ab,0.05099075349,0.02383139806,0.05276593321
fsi_1e419ad4642e,0.1784812602,0.1807465603,0.09373444112
fsi_7b046b4dc5c1,0.8474571808,0.9697687017,0.2284393956
fsi_c0c686bf7e61,0.2338598723,0.2047113088,0.299489089
fsi_53ddd06a19b8,0.3682027859,0.1742030427,0.06660626199
fsi_4e207e1be002,0.1100731877,0.1042208635,0.2001595581
fsi_84060c653e2e,0.2545255084,0.2989926632,0.4351483954
fsi_2b89a7f4fef2,0.2418177757,0.2801888504,0.4121628995
fsi_4189cd313a04,0.07599782466,0.04302638274,0.1127296076
fsi_578e54f83bf6,0.7305501149,0.1841532555,0.126241335
fsi_efd580907a62,0.3141891383,0.3600253956,0.2555216996
fsi_f1ccbe080d33,0.1792395903,0.1274110789,0.1204262319
fsi_e1af30f65308,0.249251104,0.2925558694,0.4268689643
fsi_59a91b34906f,0.05076304281,0.02266877866,0.05010761029
fsi_b9e6b684fe92,0.03351928177,0.02012782609,0.03546141428
fsi_d726db6aaad3,0.3464957294,0.4187299083,0.2903738324
fsi_61639ae2189e,0.9807148579,0.9850106272,0.1563426491
fsi_6350c2bb409a,0.3993757098,0.3012409583,0.40897735
fsi_f8bd7f5c735c,0.3865315512,0.4658656681,0.6170627579
fsi_5dd80251fdd8,0.3684724542,0.4414850799,0.5877609073
fsi_c1fc706baeff,0.8877719645,0.9761688662,0.218047064
fsi_fac4f21aacbc,0.02021694668,0.03694439981,0.03384319805
fsi_5eae80008a16,0.2585616239,0.2903021984,0.4346999775
fsi_42480383ced2,0.05165558142,0.0215390953,0.04881068082
fsi_911db76f7de6,0.3703132327,0.2852974109,0.3680586118
fsi_0f1ab70f4192,0.1072238341,0.1074627371,0.1486393306
fsi_d8d02c9dd1f0,0.2565781202,0.2961525331,0.4369979155
fsi_7cb914566ee1,0.8786908028,0.05982145863,0.04776748293
fsi_26c44a5ea20b,0.9623325479,0.9528994599,0.1409165651
fsi_4c7172282ee9,0.2728146676,0.2067981709,0.2323873134
fsi_5094f0e75553,0.5997948258,0.1056236963,0.08178388431
fsi_4a8fddf267ff,0.2721962234,0.2948457425,0.4422916501
fsi_342428c6a607,0.313047157,0.2291568865,0.2928472791
fsi_8156920f01f8,0.07643004679,0.07522337025,0.07991595915
fsi_a736264ba99c,0.3120111732,0.226883739,0.2897525304
fsi_97620111feb7,0.4721096328,0.4822210502,0.4714370116
fsi_904522c40588,0.3869180447,0.1510560399,0.05525035903
fsi_cf38ca58040d,0.3626725138,0.2873152546,0.3680966378
fsi_3f625fc54f53,0.3340988824,0.3678895683,0.2865939192
fsi_671a804a9d30,0.2843937411,0.3198606797,0.2198309702
fsi_788bf97e7dbc,0.3167357742,0.3334391531,0.4235854037
fsi_9bf811a39f53,0.3667711996,0.435922841,0.5790731947
fsi_2e7f932fb189,0.4886386405,0.509654467,0.4719080869
fsi_11f4284ca014,0.9063947929,0.6414549132,0.7255129012
fsi_50644f735cee,0.9462603395,0.1442652325,0.243705072
fsi_771ab33fd1c4,0.8530774695,0.7620698692,0.4018255881
fsi_034d8bd581af,0.8914529292,0.3376226845,0.2177152127
fsi_826dce13b177,0.578389983,0.2041367178,0.253909341
fsi_cbb70488129a,0.1054419712,0.1015707641,0.1960429104
fsi_2d3cf8413ca1,0.2976722875,0.3281587897,0.4812538169
fsi_f29e4fd5c82b,0.05979648127,0.02514789957,0.05808370826
fsi_bea58804a3f2,0.9757764392,0.9456469585,0.1252322756
fsi_a1e5257cbb77,0.01186724666,0.01995694207,0.01265646939
fsi_be6bfc498c0c,0.4669952414,0.5470692104,0.4929750051
fsi_6e40099b268c,0.3422874601,0.2504735108,0.3122909432
fsi_43f05e5bd847,0.7078759719,0.764198543,0.6416363805
fsi_6dcae5a4bb01,0.2602064743,0.2470234612,0.3880505181
fsi_a9aaa7e9db6d,0.3763590479,0.3539922446,0.4653943113
fsi_bc14c72f62ef,0.5901154179,0.3121558373,0.2312330401
fsi_9c27d8de01f4,0.9494278545,0.1584514473,0.08887237481
fsi_6d6aa7495de7,0.964527819,0.9841697341,0.1564979247
fsi_8c7ac7b17491,0.3310243984,0.4078628167,0.5538010705
fsi_5dc857c22432,0.09713866774,0.05718326754,0.1067844555
fsi_f2a10d8e0bcc,0.5745020087,0.3201206301,0.2486416999
fsi_224fde597e98,0.7244448094,0.3884782444,0.4413369111
fsi_ebfcd258cb9f,0.7359740358,0.60751666,0.6678767787
fsi_6a814e2c18dd,0.1467488979,0.06072738575,0.07652155269
fsi_0d837f7bd976,0.4013297058,0.3821801465,0.4948179801
fsi_21b193b79080,0.7228520381,0.3493666938,0.3807741372
fsi_7044164bb9eb,0.9907534488,0.9336407191,0.3662163566
fsi_a4a45a75613b,0.4097563995,0.3926639852,0.5017027235
fsi_841b64c958a6,0.7562163247,0.6796511985,0.6771880837
fsi_860785ace85e,0.09486804165,0.1299971687,0.1757828996
fsi_cc50d400f78f,0.7790693272,0.8525233461,0.09940254144
fsi_cfa6c563fefe,0.4053791554,0.3679507865,0.4889263648
fsi_5eb2d62c24ba,0.3155732384,0.2314336078,0.2960987999
fsi_0ab582677b64,0.6871529773,0.5291305649,0.32350938
fsi_54edeb382b8d,0.09263307402,0.12648527,0.1690025975
fsi_09a0a4d2a0f4,0.02222946112,0.03934929029,0.04060600605
fsi_4984b0f7ab8c,0.061774745,0.02290970325,0.01068322873
fsi_46f547f9cc81,0.2046027477,0.170097538,0.2201463976
fsi_2b81cd943e95,0.4054126558,0.3793970351,0.4989254011
fsi_de099fd557e8,0.9916590874,0.3682354556,0.2300130291
fsi_c03dd94f0e31,0.2837408674,0.3101075948,0.4296252885
fsi_24ec1d6a6947,0.9064934316,0.9706578854,0.3142342822
fsi_7f70197c6963,0.935414471,0.992385991,0.2527651387
fsi_39dccd010f43,0.8016783931,0.337170297,0.3817177703
fsi_2813c7e8253b,0.08756986934,0.1171874771,0.1565945372
fsi_ef2435ee0846,0.9155709404,0.9940014802,0.3159361313
fsi_634a0f23af86,0.7078748924,0.09931340362,0.03692456781
fsi_b8ca4fefa266,0.946987839,0.9936444931,0.2898851966
fsi_2100421799be,0.4694767118,0.4340032028,0.5667558244
fsi_1a5598ad34fc,0.520745157,0.3220838024,0.1877687117
fsi_32942c9bfead,0.4450998835,0.3903395196,0.5200619998
fsi_0ed24c3e6b6c,0.04476735771,0.05628404224,0.1129125967
fsi_9c1c73247f41,0.006230288515,0.00586807956,0.003368448941
fsi_8ee071a2873e,0.2716894172,0.2660260216,0.3744203354
fsi_0fd989af441e,0.0206702458,0.03684331567,0.02024702533
fsi_2bf05d8254e5,0.06833287575,0.03038210735,0.06720736202
fsi_4ccf4277e017,0.009682787895,0.01019050481,0.006385080943
fsi_04fe224f9fde,0.29551723,0.04932425349,0.04355178148
fsi_bbeafcc91f43,0.5163931622,0.2159963091,0.1529284049
fsi_e96d55298d62,0.8230177601,0.2454069931,0.3499017995
fsi_7fb9175fd51a,0.3736752873,0.2098153003,0.3398598755
fsi_6ae3a4d67ddf,0.06648029731,0.02442556588,0.01170401085
fsi_e81d14090ff2,0.03405812462,0.01809779537,0.05092046696
fsi_feedbad2d47f,0.6112849549,0.3971453093,0.226269971
fsi_609fa4da89b7,0.2858368761,0.2193325328,0.3318952372
fsi_19872e0a812f,0.615349123,0.2896558083,0.2569539035
fsi_0bd8838f625c,0.04908579167,0.03243723481,0.0554167159
fsi_a231ccded3d7,0.9723394118,0.9772814926,0.3125577024
fsi_70c1bc7bad3f,0.2871672738,0.2246560932,0.3380413095
fsi_056ff30f4159,0.2392708429,0.2242421393,0.3533279305
fsi_5f5a1671cbc2,0.2889567474,0.2263255297,0.3392669447
fsi_d7d1d208c059,0.0329167498,0.01690480641,0.04761869089
fsi_12ef9a17c6b0,0.0137143752,0.007524375437,0.01879008302
fsi_996aa5678c7b,0.8544262398,0.8173636339,0.3335826815
fsi_91da7b2ff6fc,0.04958852326,0.02899271091,0.06915699906
fsi_72da2cbd7ba1,0.227480785,0.1394584053,0.1672698453
fsi_3a6e1075dc44,0.3119668055,0.2255188763,0.3491762278
fsi_7ad66e3ebad3,0.006945087475,0.007394699964,0.004264799352
fsi_a62611e6105d,0.5260785094,0.2868963299,0.1208499338
fsi_9bfeeb890e5d,0.8888560766,0.8105080025,0.7822538493
fsi_63de6c853490,0.04861554164,0.02747687414,0.06552633697
fsi_aae9e0dc7a31,0.2724650753,0.2690281797,0.3699146318
fsi_e928d4d7d99b,0.0810323544,0.03653447003,0.07911256988
fsi_8c4ce6492c2e,0.03350796654,0.01628139512,0.04631836243
fsi_924111f3dcfb,0.865957376,0.997651213,0.3242503564
fsi_c6b7e2409010,0.05801899828,0.07672758606,0.1371786988
fsi_997febac088e,0.05102505411,0.02731610035,0.06599790672
fsi_fbba89e73471,0.9643829376,0.9761028914,0.2848745852
fsi_3f82a89ce6a3,0.6551593737,0.2012602839,0.05505788872
fsi_27d8804075a9,0.261482472,0.2566876077,0.3509529564
fsi_93a274d834f0,0.9016191506,0.7932694009,0.7588892535
fsi_b1eb1ed4274b,0.08047545934,0.07117936843,0.1475397921
fsi_6afe1095a943,0.3068112779,0.239578764,0.3594855048
fsi_1b75c4b55dd2,0.3462386516,0.2417667123,0.3775037964
fsi_06d226e65232,0.2654183793,0.05541873969,0.04481925904
fsi_0df3f6fc1537,0.005955535273,0.005550017462,0.003563682835
fsi_47a06be6bde8,0.491105804,0.4140791241,0.2089934682
fsi_fdd593734ecc,0.09183787626,0.1186798482,0.1646608693
fsi_6dbfd07e558f,0.02312095638,0.04502808312,0.03801302323
fsi_ea5a81c79b11,0.970464896,0.9829046436,0.3544124523
fsi_f87622d9cb4c,0.02575270673,0.04578931355,0.04706326014
fsi_2c32a4c91de8,0.9501887368,0.6281420963,0.7406870094
fsi_adf52e09cd02,0.07736340519,0.02537484338,0.01298980092
fsi_6037bd01cbcb,0.5686013624,0.3313466369,0.3445815775
fsi_f44126ecec6d,0.07975051575,0.03860417399,0.07650852095
fsi_bb20adb9ffa9,0.7947782947,0.7389000066,0.5614521165
fsi_0ebbb0113709,0.3911978618,0.2659776324,0.1365202556
fsi_e7fd4b351e03,0.505991358,0.2816130547,0.1518424492
fsi_580f547503b0,0.5281974481,0.3031472995,0.1374075153
fsi_ee1ca3789b9c,0.3948711195,0.298352702,0.4485587233
fsi_cf98278b33dc,0.03694625797,0.02007198585,0.04862658397
fsi_82e55a266b9a,0.8333933794,0.9878907739,0.2182239605
fsi_d829086f1f57,0.0972282133,0.1305800787,0.1784080243
fsi_ec763d7d3c6f,0.5888012514,0.4019623704,0.2585611387
fsi_a3908fa83ba0,0.849010543,0.998800238,0.1956967172
fsi_6c3663128f6b,0.06632068013,0.04043457393,0.08447232613
fsi_6dc759175d0b,0.3165168332,0.05767383322,0.04963418444
fsi_a186f2a8a239,0.222642267,0.2404471463,0.3258635207
fsi_a477265ae724,0.03319482423,0.02637166272,0.05333137052
fsi_d084ced599be,0.3472060567,0.1882827506,0.2943143605
fsi_c753240e3c58,0.09338409078,0.07145278663,0.154411795
fsi_cf1f885b5ce8,0.4277489091,0.5936909446,0.433463082
fsi_3bfb90ac679d,0.9327831019,0.9921563226,0.3797964084
fsi_05d99215bbe6,0.05370235238,0.03055710652,0.06618368995
fsi_4a4a83caf7dd,0.02517545678,0.04843690227,0.04207032748
fsi_9d5bcde4d9a5,0.5795126962,0.5028730105,0.2514340012
fsi_6278fd4e52f0,0.334417624,0.3874307047,0.5024204599
fsi_301ef329d3d3,0.03609438405,0.01905510426,0.04565252539
fsi_d17ee76c3a06,0.2181973025,0.2505570372,0.3813196448
fsi_28e701422ae2,0.7014770223,0.3979337474,0.2839032882
fsi_47baa0be0cd6,0.03471700484,0.0289658825,0.05778698531
fsi_42c8193b9182,0.7312789377,0.313847873,0.3602952128
fsi_b9e2a7bc59e8,0.9048019482,0.7083087325,0.7947900252
fsi_0b3ba6471e70,0.4925480906,0.1983595123,0.1653807103
fsi_b13238bf4a80,0.004877247307,0.004757799697,0.002811841944
fsi_4a2c292ac512,0.8894854357,0.8519316681,0.8812944058
fsi_f12391ea46bb,0.4800704558,0.5477846969,0.5426367218
fsi_5f3e14a7e403,0.07929921691,0.05973531043,0.1336528245
fsi_0d4c6c207b03,0.0563930112,0.02987194859,0.07387354411
fsi_e2556ffb4203,0.9703776335,0.9443454281,0.4598968293
fsi_ca4475219d4d,0.2559920004,0.2497606233,0.3381740944
fsi_d0fe82567aab,0.1058540373,0.1310504823,0.1798100924
fsi_7dbb45a1481e,0.03438973056,0.08986075978,0.05598118456
fsi_4f8285a91e15,0.3728788994,0.2269254042,0.1091843449
fsi_6c9ea06ddadf,0.4501713982,0.06487788968,0.0676871962
fsi_1b1ec213d468,0.865568258,0.9819257146,0.176556493
fsi_702b14fc771f,0.236092702,0.2611917031,0.3996491096
fsi_c622711d1b50,0.6304709899,0.3739153132,0.2020641988
fsi_f21592c8a537,0.03623415281,0.01731858221,0.05051738217
fsi_efba6956436b,0.7628990833,0.6996259656,0.4701683126
fsi_e2e94fc94d33,0.4003929017,0.1140493044,0.1659351393
fsi_d57fd0d2bb36,0.2286189956,0.2661907362,0.4009127956
fsi_15eb3a6f92e9,0.8639001112,0.1071243745,0.1343729652
fsi_ea4d207f5c75,0.233263632,0.2650328169,0.403635648
fsi_e26c6335a3af,0.7823272068,0.4295183502,0.5158328984
fsi_d454f08a40a7,0.2353329667,0.2749138595,0.410973794
fsi_abdb495bf49e,0.04518204127,0.03102693374,0.06389293974
fsi_6eda38a76abd,0.8497747986,0.974936259,0.1565373528
fsi_e68f1b5f0e9f,0.03777704718,0.0190610507,0.04632910978
fsi_c8012d822b11,0.2569547472,0.2712401107,0.4156096482
fsi_3224fbf1ae80,0.2730908022,0.2995721813,0.4483337953
fsi_ba7d02947ba3,0.06266214437,0.03476786429,0.08192841365
fsi_a9591579db81,0.01681617958,0.01840003626,0.02113467128
fsi_6ef1049164ba,0.5638727568,0.5070392638,0.297092798
fsi_2a4d2d71f65f,0.4792101851,0.3718441483,0.1748909226
fsi_06bb2a8cce6c,0.2332461224,0.2304641284,0.3180701172
fsi_cfaddb0047df,0.05492078486,0.02986878254,0.07184888083
fsi_5ae7f99647ee,0.03096943854,0.02224950986,0.04666969386
fsi_f7c9958201fb,0.1197988109,0.1222941943,0.2241872843
fsi_973d55702c35,0.4627729041,0.3286635956,0.1649993148
fsi_61a2cc69e907,0.8672912494,0.9968350961,0.2411112748
fsi_559f167d0388,0.8867011909,0.9650325811,0.1980723272
fsi_38cce2614d50,0.3587698494,0.4216776381,0.5430216409
fsi_a41b66994350,0.101355777,0.09419649295,0.1295943558
fsi_8e2168190225,0.3762290014,0.4601798432,0.6016220787
fsi_303bf5678e50,0.4202167184,0.1050883985,0.1529963284
fsi_e9f7db063f60,0.9419358182,0.7815430383,0.7815294935
fsi_8d4a599c27c3,0.7946136773,0.9888001443,0.2025083037
fsi_2da4d7d45d1c,0.9067067907,0.1144614733,0.1474873571
fsi_46e157835a72,0.4185381419,0.09767344849,0.1424432833
fsi_909c45d11e60,0.8900678594,0.9743371634,0.2218384946
fsi_a4d5c17051f1,0.2498347065,0.224370217,0.2931167187
fsi_42b3b8099439,0.04058639152,0.03735141889,0.07312784975
fsi_2674a2cf5ceb,0.5266421836,0.2660068651,0.144911563
fsi_65460603de1a,0.373179451,0.3092155957,0.201879975
fsi_16cf81ebcb1b,0.9874271171,0.05807514913,0.07304734774
fsi_06d6cc15e0e4,0.05185400626,0.02826803556,0.06206902347
fsi_f3f4b7967046,0.4332038036,0.09568995737,0.1398895855
fsi_0b88104b37c2,0.9974645088,0.9804818459,0.3605316778
fsi_640a7a4d4278,0.2565790184,0.1287982433,0.1803832649
fsi_e9aa13c63936,0.9004525126,0.9989396455,0.3951640351
fsi_0edc897efa70,0.3295122164,0.3784756646,0.4876299334
fsi_82ff0f75ca62,0.07629161499,0.03304602384,0.01230102145
fsi_78af7941250d,0.6488883414,0.3858659907,0.1594400186
fsi_ffde7b473a0b,0.9982660137,0.8382205609,0.7702476661
fsi_b497133499cd,0.314517061,0.2571025805,0.1687515307
fsi_58ae0d121168,0.1111029777,0.05692381402,0.117582478
fsi_7b422c0d5525,0.4181155057,0.4933351445,0.6158979845
fsi_293e1ae99386,0.737744093,0.9670827607,0.2488993018
fsi_e28e2319006a,0.04712131615,0.02730919972,0.06074393038
fsi_7b55a1acf1ca,0.9466021626,0.9785595498,0.4024378596
fsi_ee010d54b26e,0.1195153869,0.10342907,0.1995359059
fsi_31eee8416001,0.939005235,0.07719838488,0.09510558449
fsi_d0644ea36fbb,0.3416735468,0.3961030556,0.5073263916
fsi_867011157351,0.7404725524,0.6050776854,0.747683105
fsi_330e454b6624,0.108455538,0.09392135272,0.1852429385
fsi_b2387118df28,0.02852183505,0.01791122399,0.03921285941
fsi_347016260124,0.6044572595,0.4994992997,0.2359445073
fsi_4bf261191818,0.9031541859,0.977263516,0.4441577977
fsi_acb298ca645d,0.2613052235,0.1167870982,0.1602570811
fsi_8060900b153b,0.003432509563,0.005928317104,0.006021450944
fsi_66305b47530a,0.4655007605,0.3335625308,0.5055361533
fsi_4d10ad3cfbfa,0.2582493276,0.1098795494,0.1518959674
fsi_cdeff7495141,0.1246513985,0.03262169632,0.02016544903
fsi_b8c37b65d85d,0.0746159138,0.05497442681,0.1258097256
fsi_12ce83358e33,0.03713742634,0.01857793317,0.05222699089
fsi_95e6fa1a081c,0.04426878417,0.02311970799,0.05689487952
fsi_b689707d3d8e,0.3750721014,0.4368121642,0.5515120409
fsi_fee653d94ae9,0.2684677701,0.1084774273,0.1515250828
fsi_e9748eb10bee,0.04306104941,0.02194686837,0.06087024171
fsi_aaaf3205b0e1,0.2108589338,0.1756388948,0.2526478324
fsi_f48947b820f7,0.08143377982,0.05262019656,0.11648301
fsi_720d63a3d98a,0.3616298784,0.2894124849,0.3384050485
fsi_a8c32afb5c43,0.4307717384,0.09283980479,0.1362388855
fsi_2f3c36088d9c,0.7683294096,0.755834388,0.3967927012
fsi_4ac2aef78472,0.966283746,0.04608267857,0.05517162205
fsi_11c0cc3d1cad,0.4183478121,0.08838558271,0.1302264388
fsi_1ba4f22013fe,0.1245631079,0.1231199938,0.1826678751
fsi_3b8236d1fadb,0.2831448285,0.05767318373,0.04744000511
fsi_162297629591,0.683460237,0.3864038883,0.2173985244
fsi_de070c5691df,0.9605040265,0.9810512363,0.5151372451
fsi_f9c64b844f40,0.08427325059,0.03392634657,0.01546876874
fsi_5c786884fd77,0.007449976315,0.007770815159,0.004369383284
fsi_30d8e8986a53,0.237474751,0.2677101651,0.3312687825
fsi_978d78f5553f,0.7514112143,0.3307018362,0.3629659291
fsi_2f3cb7d35801,0.2601646075,0.1852282297,0.2844893202
fsi_e144270cec2b,0.907127129,0.2450933183,0.2402392613
fsi_eb44af1848a2,0.03897222446,0.02159432743,0.05577056053
fsi_0e0b42c450b2,0.02088649878,0.04154243736,0.08055806228
fsi_45a4fdf715dc,0.01969348517,0.04649136981,0.03388768071
fsi_40d29d3f2767,0.8727532118,0.9976581688,0.2858839671
fsi_0bcf69f87bdd,0.1971682449,0.06123310614,0.04276037296
fsi_994da2df00b2,0.09295527291,0.03051388001,0.014210547
fsi_b9ea573434e2,0.1045094561,0.07258126786,0.1339107425
fsi_1e96deb0287b,0.36578808,0.2670566367,0.4045008159
fsi_7f9e8a52f41d,0.08053984773,0.05254508595,0.1022823951
fsi_060e01961c03,0.8286253079,0.991396877,0.2533958073
fsi_e5d3243cda0a,0.3259107894,0.1260053998,0.1748117783
fsi_71ae2941a634,0.2591778447,0.1029239217,0.1432940148
fsi_678c585ca83a,0.911993195,0.9647117352,0.4285347864
fsi_25ca18bd30b8,0.6457307489,0.8618281147,0.1187922799
fsi_7bd54776578d,0.2869961195,0.1967829887,0.3049569002
fsi_b121a05197b6,0.8044989779,0.2185447736,0.1654921659
fsi_9f63e3bf2605,0.2686302839,0.1050129363,0.1474466646
fsi_a52a9ac0e263,0.0735389198,0.04849944312,0.09542514823
fsi_4f77dbd9ec9f,0.281948156,0.1119757914,0.1279435127
fsi_bec1e7e49beb,0.9495190786,0.2450208333,0.2547988711
fsi_19627305fb1d,0.1803931886,0.2015430134,0.3307930032
fsi_8b5704f776fb,0.02236202838,0.04232690104,0.08207633879
fsi_3fa89b16e2a3,0.3456962007,0.2818757926,0.3301647331
fsi_cea1bb2f172c,0.8685683073,0.6215149078,0.7555180089
fsi_8956fbb9f0c6,0.8507322895,0.9382731008,0.5434325346
fsi_9347b190240d,0.3278542255,0.2153552406,0.3375812263
fsi_f00d89c61a07,0.9040874108,0.9676373361,0.4757469535
fsi_23d6e244537e,0.7470983224,0.2838410269,0.2932856303
fsi_fa9fa8fb754d,0.1779002602,0.2277258217,0.3854121713
fsi_7ff83285d283,0.264863352,0.1919744942,0.2938884576
fsi_c0fdd33c9131,0.8230803091,0.3466990672,0.3843492495
fsi_f093ce98c977,0.334499365,0.3896388872,0.505639767
fsi_1647e9695eb2,0.04901558552,0.02725480451,0.06098660402
fsi_370a9994b0c3,0.1234926414,0.126521789,0.2283529826
fsi_2685442a6555,0.4112668851,0.08949233463,0.1326536761
fsi_7f32b194c8cb,0.9411821017,0.9833678362,0.5034732103
fsi_afd75964a59e,0.06580931408,0.04859158025,0.115014483
fsi_0f13dccf4bdd,0.1381013254,0.1799184283,0.2448795381
fsi_eadf4fbe8472,0.07980691279,0.08011306001,0.1194758354
fsi_21f29432f5ea,0.1051446344,0.09088888097,0.1834528026
fsi_2a9e4ee4f5ab,0.2682883949,0.1942315897,0.2959530628
fsi_0b4bb2a7d538,0.04899933684,0.01735487483,0.02357981231
fsi_0a1f290e89b9,0.9365531489,0.1400011703,0.135690408
fsi_9299ceff01a9,0.1164184407,0.1260728173,0.2313947086
fsi_1f0bfef58a59,0.281303507,0.2048934347,0.3127558673
fsi_06afea95ea58,0.3020111954,0.2282684007,0.2681526944
fsi_465c2a462776,0.311349018,0.07719891022,0.05026223956
fsi_472f24026647,0.4489932703,0.08884889094,0.03105656775
fsi_8ff3c3a37411,0.1258083367,0.02423517756,0.01643836113
fsi_4295343d1cd1,0.06774414653,0.07175146815,0.1138011196
fsi_e61862f124e9,0.8404906303,0.2996927378,0.3334244435
fsi_ccd850f6ec1a,0.416276037,0.311441873,0.194743554
fsi_71db00b484b6,0.2034378466,0.1269012093,0.1669759966
fsi_8380f7cce7fc,0.6498393379,0.516277479,0.2559474672
fsi_d34429317a54,0.3160518845,0.2419443937,0.2907849449
fsi_985798853c2b,0.1394670635,0.0368547901,0.02275369362
fsi_3ff0b56c5045,0.989397727,0.1789713044,0.171862133
fsi_f1c6ba20ee27,0.9735251538,0.993076468,0.5049636104
fsi_921fcd78281b,0.316153762,0.2369910759,0.1426015882
fsi_585a686c0a27,0.04268277922,0.02065903621,0.05381686502
fsi_78b0551cb4e7,0.1604024928,0.1742927619,0.287899969
fsi_ca784137fb94,0.3421780775,0.3015961954,0.2117925222
fsi_cd866ccd3c4f,0.2440836249,0.05782460043,0.0462967464
fsi_88110b165ad7,0.2376841495,0.2419984534,0.291154894
fsi_53cce7231e9c,0.9225998316,0.05106205575,0.06590968983
fsi_f577ee3b5882,0.2735597627,0.1154779082,0.1626960354
fsi_2df6daa112fe,0.03929503466,0.01820824222,0.04121242135
fsi_66023b755c74,0.8247862991,0.6792354953,0.7192567074
fsi_ef0cba524c34,0.1838116139,0.1151139174,0.1645313053
fsi_cbfc3b95fe62,0.05225507605,0.02842792376,0.06837229178
fsi_b2b83644d5cd,0.07481487326,0.07547013984,0.111234545
fsi_7b754a95c401,0.2137485875,0.06538853754,0.04686137642
fsi_2e138f57ec43,0.3536262558,0.2728173686,0.3292481638
fsi_3a1e51b83e74,0.05734319967,0.03289837001,0.08696031208
fsi_2298a36ec483,0.03890226152,0.01720773455,0.03882953217
fsi_f000df653e52,0.03925945362,0.01620959167,0.03740734613
fsi_79b86e4045a2,0.04175158058,0.01956874528,0.05051476087
fsi_68a480802d31,0.3651510488,0.2826230826,0.1648999403
fsi_c8ca69a715f9,0.7350012318,0.1010539507,0.07102812375
fsi_85ab45db3edc,0.9191273305,0.1155304641,0.1071184438
fsi_c3160b3b00a9,0.7219717797,0.3089853541,0.3462450648
fsi_512937007cab,0.2838267995,0.2877043526,0.3807630194
fsi_6709d135a024,0.3017356239,0.2311717272,0.2718678969
fsi_0ddeec3da464,0.0285305556,0.07501292949,0.1279856064
fsi_89248d3193b2,0.03493973401,0.06194710623,0.06095789284
fsi_24b2acecddf4,0.0363318667,0.06548878751,0.1229503063
fsi_3cad42a6d21c,0.5100751208,0.3318051212,0.1686325547
fsi_459c8df798e9,0.09839339103,0.0852941656,0.1743476647
fsi_91a960d0bf52,0.8923334857,0.07508204541,0.09924368425
fsi_58102088857a,0.06710084135,0.0368570724,0.08698426421
fsi_8c757f06cb90,0.04107154308,0.08356221219,0.1523028171
fsi_5a57341d223f,0.4188062381,0.4448120821,0.5721937269
fsi_b564a8af5307,0.0434604719,0.01948931375,0.05101790616
fsi_b2dc02f73fe3,0.7242290159,0.7975719449,0.7362553115
fsi_a687a6793c1d,0.07550125921,0.05291646198,0.1044231988
fsi_33fddd727794,0.121619037,0.08592997203,0.1103625447
fsi_ab4f2a62eb91,0.3944953071,0.05777359006,0.0838003702
fsi_029bac14d7f2,0.4566307653,0.3101159848,0.1518686103
fsi_e1a909a527f9,0.4227347095,0.1103611655,0.03981168291
fsi_a41fb4b1daff,0.0402517104,0.0415018884,0.04935064868
fsi_53fb439575f7,0.1338193317,0.0283010945,0.01907783288
fsi_ba6daaebbe70,0.3232037664,0.315908368,0.4084691398
fsi_e3450e68313f,0.2804037989,0.2674458038,0.363627151
fsi_f428b3b1a4e9,0.8969735925,0.5978221493,0.770834186
fsi_96f27e630dd5,0.0456683902,0.01887853035,0.0444944547
fsi_fa2d31a7fd24,0.1711096505,0.102347568,0.0412872697
fsi_3cd54e07eb4a,0.960153374,0.2449448879,0.3619216107
fsi_3f581f6bb707,0.8433321655,0.7526286465,0.8041436774
fsi_aa5b93b4bccf,0.1407868729,0.2204139564,0.368912146
fsi_78a5cd0efe67,0.04754646634,0.03370556893,0.07414994988
fsi_cbb66ff9cfd0,0.1172407892,0.08284385641,0.1068885687
fsi_2cc20c9a6b97,0.3306365448,0.1720060734,0.08188612867
fsi_31ba18b1ea6c,0.6723235475,0.1018759584,0.05923092842
fsi_add8da1b2d2f,0.3954917195,0.05778567308,0.08749168107
fsi_1f75c7db8734,0.0229830189,0.01710007332,0.04224928631
fsi_11881b2f2fc9,0.1267618928,0.08844290151,0.1132510532
fsi_2c1bb6aa9367,0.8809106129,0.9971654351,0.3684104086
fsi_3f9579ac046b,0.7686702566,0.0770875107,0.07839864807
fsi_36e052f89c38,0.9637132375,0.2781099803,0.4077682251
fsi_9651196ab747,0.4579082082,0.4908082358,0.6269352215
fsi_14dbe4a97c47,0.06124042395,0.03613026389,0.08187141609
fsi_242198d80964,0.8261218801,0.755431665,0.809162191
fsi_ecec5e8b0ee1,0.4750763243,0.2682351685,0.3166205334
fsi_500c661e2214,0.04728525203,0.03592739846,0.07501840107
fsi_6a401b53b5e8,0.03869151957,0.02682719634,0.06117205325
fsi_f2e4ea38f47e,0.02330723481,0.0177972041,0.04307996725
fsi_daf1adf5c6e7,0.04477266265,0.04644554223,0.05591402067
fsi_486ad79e344b,0.03652085256,0.07044983386,0.1309194867
fsi_4145a1e061ff,0.05041395745,0.02325620134,0.0615749472
fsi_298c46ed6829,0.7717019047,0.2847800783,0.3178527952
fsi_d843b40bbb3c,0.02316315878,0.01816615379,0.04337892197
fsi_64050ea6f586,0.09867680745,0.06313236969,0.1381420446
fsi_7b13b6959c5d,0.7387896132,0.06044375861,0.05923353323
fsi_db650ce3f8ff,0.02174690899,0.01616041928,0.03844357312
fsi_40ebb5e12eae,0.4162254362,0.4374688884,0.5603168307
fsi_bfc3e0e48e86,0.08516100842,0.0688686096,0.1251141746
fsi_5b693825a491,0.1393183641,0.04234901603,0.02161327743
fsi_198d8c14c82b,0.7782539221,0.9189411399,0.1939917291
fsi_37aa0ba71fb9,0.04961534873,0.0389083407,0.07874309729
fsi_19732d3d135e,0.8870564805,0.7357729984,0.8199515436
fsi_bb9e196df932,0.2414386067,0.08302766826,0.04809814712
fsi_4729799d2c48,0.04739031689,0.05116068287,0.05206843146
fsi_84a5f5ecf361,0.3186564952,0.1707198992,0.3109374825
fsi_7a5c8e5b2a1d,0.6210112338,0.3961856757,0.5738645503
fsi_fe536612a9d0,0.04724117134,0.03351338467,0.07227144207
fsi_df71578f798f,0.1128079748,0.2200502241,0.207273141
fsi_0ace6ae78dfa,0.4301638075,0.4558734889,0.5814413608
fsi_e79ae962a2d7,0.05230999993,0.0232118798,0.05187879101
fsi_a8205267a0f7,0.1341173157,0.09677368426,0.1249494831
fsi_76ecf4224bbb,0.1167659409,0.2214621184,0.1783790141
fsi_8d1f80489c60,0.05736996327,0.03587078194,0.07481314208
fsi_36a4f8468ce0,0.9167459895,0.5502773561,0.6108603034
fsi_c057c8fbbfe5,0.08569940781,0.06998252604,0.1246797233
fsi_d80e752c626b,0.9425617043,0.1833405536,0.1892996713
fsi_33406ac43553,0.463600072,0.4918002033,0.6184715925
fsi_35e0a8c8859c,0.1470708167,0.1501784528,0.210737887
fsi_f25844714085,0.831059302,0.0981712331,0.09834651285
fsi_b13e61bb2bd8,0.01678998089,0.01002759364,0.02234896016
fsi_252d6480fa56,0.06189757291,0.05068282854,0.1029658181
fsi_ee2e846fb582,0.4872283961,0.2634565243,0.188044363
fsi_e3597289acae,0.1657569553,0.2902854648,0.2675697228
fsi_1482acf55acb,0.07563745649,0.05951312652,0.1083297624
fsi_e626bca697fc,0.06244506746,0.03103542295,0.06201334761
fsi_e022172d1758,0.9458684097,0.2554118936,0.3751592838
fsi_79edb968235b,0.08165442889,0.06692535715,0.116767309
fsi_7883a9fcacc0,0.05424302545,0.04416940763,0.09206091911
fsi_275fd5d28151,0.7479482377,0.2455691268,0.2898687763
fsi_3c55b2e3a218,0.5363406012,0.2577955974,0.1658846569
fsi_ac0731007b97,0.03574802846,0.02412193279,0.05572714643
fsi_4a5c874d58e1,0.2877633229,0.07036330291,0.05395283799
fsi_b97bedce8781,0.06298690095,0.03465832181,0.0767214013
fsi_4f9d0e450566,0.01629333599,0.009479217125,0.02074808767
fsi_dd357fcdb575,0.1556276321,0.1133549875,0.1416781336
fsi_a75e6aedde24,0.4035370483,0.07573222042,0.1037168341
fsi_963bd583dd8e,0.1886060311,0.1006256002,0.1340234873
fsi_5d2e6e71fdf3,0.03991976598,0.0194532352,0.02412397251
fsi_5b84acf4fbdd,0.1807337832,0.05136693925,0.02957929535
fsi_928311524318,0.4200264577,0.4461612033,0.5756575035
fsi_3c906dc5a16e,0.06381930323,0.02884832728,0.06346153137
fsi_be09c7572667,0.03717806681,0.07537404609,0.1395114276
fsi_4573ec36b6b2,0.05166549672,0.02663172371,0.06139577586
fsi_9ea44ab8d706,0.4477665691,0.3988322056,0.4638781195
fsi_7c311b220f1d,0.0776026899,0.06287628881,0.1386683229
fsi_ea3ea4c74c37,0.2810252788,0.3208220614,0.2198360029
fsi_6942e3e7bce4,0.4366584394,0.3350627676,0.2042289705
fsi_5492e2e99c7b,0.7660163292,0.6149630213,0.5966662765
fsi_0c8eb2bbfd90,0.2565793109,0.08410754403,0.05834122282
fsi_51e294098a01,0.177058024,0.1553766875,0.2191333139
fsi_49bfcacb0b38,0.02914488232,0.02222111875,0.05279963179
fsi_45744ddb14a4,0.01436607714,0.01019483263,0.02635173976
fsi_9c80890858e9,0.03156604919,0.02101925396,0.05085791283
fsi_c0b8025aa30a,0.05984195403,0.02883068723,0.07408477152
fsi_5c82d1b156fa,0.8015584589,0.2304271827,0.2617945643
fsi_3f3d1edf6a76,0.08672045043,0.06825346742,0.01786716352
fsi_d14ee8ae403f,0.1829301372,0.1608209998,0.2222740043
fsi_90718beac346,0.3457558288,0.07986561925,0.06344339026
fsi_4872934c5005,0.9515629129,0.8062144575,0.8205159933
fsi_7ef430853c0d,0.5395660324,0.2739016722,0.3682025363
fsi_ad216427d48d,0.8911517264,0.2172425738,0.09458880887
fsi_44a1c2adcffc,0.101483708,0.1336553484,0.1847475562
fsi_af04013079be,0.01726577248,0.01921370353,0.02224728899
fsi_df6b2b9d9656,0.7607226407,0.7099563916,0.5884512061
fsi_845cf823c6b7,0.5007334473,0.2527814254,0.1636343679
fsi_6449b00da6bc,0.04420216449,0.02240520183,0.02869405078
fsi_034a407c3329,0.2729913907,0.3087957472,0.2096548811
fsi_a71dddf58062,0.04589095953,0.02285581753,0.02910323173
fsi_01529d96a7e2,0.1837194476,0.1604892733,0.2277194507
fsi_85d10a06c0f4,0.8925876679,0.9970765383,0.4950944858
fsi_5297fd18b916,0.1693144397,0.3034751145,0.2714349107
fsi_23506a1d46b9,0.817465381,0.1353288214,0.1540327098
fsi_a5cba9d651fa,0.1183357429,0.1028780909,0.1811535812
fsi_3d9dae51fc9e,0.05187003018,0.04195850136,0.08865357295
fsi_c171211c71ea,0.7637108154,0.04342402487,0.06034803804
fsi_fa7c753068d4,0.1991760224,0.1019425648,0.1301771193
fsi_af3124dbbaef,0.8227166513,0.1606979125,0.2746125165
fsi_405b0328250e,0.03660252,0.02598923861,0.06048667899
fsi_1c4bbe61d1ed,0.05009106795,0.02111038955,0.02537342053
fsi_2885a489ab97,0.1691746093,0.1247553342,0.1461457251
fsi_d563af4b5122,0.4962154181,0.242850221,0.1552167026
fsi_b457b4e1257b,0.8669275458,0.1392823474,0.1461420659
fsi_56181ced837e,0.0433493598,0.02281971053,0.02938600881
fsi_1dae809b9a83,0.9407867255,0.93133156,0.6178635879
fsi_d70e36a38fc1,0.01733102068,0.009785503431,0.02164998538
fsi_a135116afe6e,0.001644554238,0.002192507301,0.002647302606
fsi_290ff1f9d75a,0.5179771769,0.2040341326,0.184357974
fsi_253ba661b7c0,0.06195906727,0.05597141229,0.1090320056
fsi_88f43c750c19,0.07667401404,0.03738423486,0.09453582879
fsi_361004f3d1f3,0.0532087405,0.02882706349,0.03958709169
fsi_4554160bbe70,0.2054937764,0.08950683425,0.1077424624
fsi_c398799ab629,0.1989667498,0.09062631174,0.111220559
fsi_6f38ef7961d2,0.08482141593,0.06182131102,0.1169362225
fsi_4c03afa4c1e6,0.05367130755,0.05979291819,0.05939944858
fsi_259ad2bd5b3a,0.7653648192,0.7246155213,0.6066761497
fsi_0eda874f563d,0.1146982452,0.1056959058,0.2047100757
fsi_8b1cf8703188,0.3839059246,0.4137291784,0.5227983053
fsi_1f28dd2c7934,0.7454669638,0.9683902018,0.4852197193
fsi_a0f8c941d144,0.8685079646,0.9938274377,0.5742523044
fsi_a7e74a4b7a1a,0.04965503978,0.02499709771,0.05837692557
fsi_f38d8b18034b,0.2217849862,0.09198244582,0.1127859692
fsi_ee92527e9144,0.8350394481,0.3691156139,0.1245638345
fsi_142dddd873dc,0.03444697305,0.0251136818,0.05689216746
fsi_dcb0c149b314,0.8349636867,0.9958151563,0.5867853923
fsi_b31e925e14cb,0.8530672123,0.9615420595,0.5653339278
fsi_1fd7fe476d77,0.09036766924,0.07276541814,0.1245336197
fsi_8bd20b882f68,0.0315560743,0.02458012016,0.05821991681
fsi_68491dd388b5,0.002880758978,0.004919403512,0.01257219008
fsi_5f8962f79026,0.9033948179,0.9983487301,0.5466861
fsi_58376fec7eb9,0.3047731388,0.3478064424,0.2443994955
fsi_717317b5d887,0.4692699206,0.4191612719,0.4838119904
fsi_bea71b9c45e9,0.1678323821,0.14760426,0.2151185779
fsi_ac00afaa2780,0.04892345855,0.03925982974,0.08465830021
fsi_19e3a6f56092,0.04419371556,0.04614018228,0.06127084425
fsi_a141169778fb,0.01705201788,0.01548508956,0.01286251196
fsi_e1daab619f2e,0.9654293472,0.7514562107,0.5965252871
fsi_a09a393a5999,0.2048102194,0.08486869266,0.1040285774
fsi_21e5d5fadf2f,0.05377915246,0.05750416315,0.06922977423
fsi_02e1fd452523,0.782593827,0.5957047697,0.6414230838
fsi_c6082aacb0b7,0.07714001123,0.05934458141,0.1133408224
fsi_4be33b355c47,0.2162409625,0.1894210004,0.2358505505
fsi_c03a78c345c4,0.9308579472,0.9866449888,0.5696704788
fsi_c22867d58350,0.7739778718,0.6974855843,0.6276791715
fsi_b687714cc53a,0.08709391979,0.04458355086,0.09409415078
fsi_a79e9b40d305,0.08985887027,0.07882180396,0.1517676632
fsi_5db9f3f5a01b,0.2268813364,0.3026312342,0.2785527249
fsi_81a97f983372,0.06178283374,0.04967594013,0.1018589981
fsi_10a57c6f5c85,0.07336381358,0.03871466977,0.092803396
fsi_493661063d96,0.1905499637,0.1413038623,0.2024480302
fsi_e818b5ce2062,0.8519582921,0.1333608648,0.2319577097
fsi_4f8448555d7b,0.01762792559,0.02154901182,0.03211408944
fsi_1b2a6cbab9f3,0.1445675811,0.09603062729,0.1114486049
fsi_bc7f853bfa66,0.147921619,0.07911696551,0.07546628432
fsi_084f96a0dd48,0.7386332238,0.5196266359,0.3656814358
fsi_aebde3e79b5e,0.1116282684,0.06338712488,0.1482755317
fsi_09c32909654a,0.7884533492,0.4999420003,0.3092014173
fsi_931e7adec9fd,0.0183107467,0.02976050977,0.01997655053
fsi_790f843f43e5,0.8867721137,0.7906205297,0.6151136373
fsi_d70afc96f6ba,0.2258205993,0.09232682684,0.1136903519
fsi_6023aedeca92,0.1931688775,0.3481667658,0.2590513361
fsi_f80f9ff3c578,0.1729070595,0.1238537244,0.1442676352
fsi_4486fcace491,0.85933989,0.2996441344,0.3302244015
fsi_a145496fcbbc,0.8352983143,0.1311792657,0.1297942713
fsi_05d9840d555c,0.1573441737,0.07802127643,0.06917649282
fsi_7c498c75b987,0.1076500306,0.1212482868,0.2209814433
fsi_0c8d330fef04,0.01815587774,0.02769588988,0.01798885835
fsi_85bc1532cce8,0.966559686,0.2411059814,0.1289002909
fsi_1cf342cc9b0b,0.01205185627,0.01854754,0.01262579146
fsi_42fa3ac9fa6c,0.9943629374,0.252073491,0.3737529649
fsi_c132900e8543,0.8556359379,0.1014259767,0.1110705952
fsi_5e59f6a1cddf,0.1927396546,0.0867345265,0.07908872462
fsi_1b5e7685579e,0.08927582486,0.0731979188,0.129635347
fsi_2e88d29960f5,0.05415808541,0.02940666576,0.03766969865
fsi_5fc1fde51861,0.4932062777,0.4450752945,0.5047060793
fsi_725bde0d86ba,0.02102918102,0.01235550834,0.02803332308
fsi_11a3a8ae05b6,0.02802003469,0.04637646208,0.03381834766
fsi_9e0f29dc6ff5,0.8527621158,0.2177872277,0.2755161872
fsi_4f48e4ad1913,0.8913251262,0.3038829562,0.319027242
fsi_8f4f1619a830,0.104139333,0.1172820021,0.2122765304
fsi_bdfaa896ad45,0.1040142989,0.09629004196,0.1889456113
fsi_da397185d97f,0.09205499119,0.1016042886,0.1864530129
fsi_7f7f03706ba0,0.1742553467,0.1747242777,0.3008189816
fsi_0f1ed6c0913c,0.4879513257,0.4342045666,0.5325819223
fsi_14123967762e,0.1793041971,0.2474594843,0.2326576783
fsi_82f4add02d27,0.1430694325,0.1307064403,0.2305137577
fsi_424f64ff050f,0.395079733,0.2406503062,0.248953456
fsi_a1521ca45fbf,0.4665294105,0.4243428165,0.5039244998
fsi_508d60852f35,0.04581814326,0.02327071935,0.05567798362
fsi_2c0430675318,0.174786199,0.319976052,0.2598978203
fsi_d73b37d976fe,0.01434282187,0.0120238158,0.009179304864
fsi_51d524e1df65,0.07986651918,0.06003907885,0.1154417316
fsi_941276929fbf,0.09584613603,0.1072860281,0.1942606294
fsi_49761152bf1b,0.01983762717,0.03081972591,0.0225555946
fsi_e7679765c9f3,0.2256015894,0.3126553729,0.2815605801
fsi_2bd2c3c44209,0.2491268826,0.3542419843,0.275468899
fsi_e5ade8bebfc3,0.2037351817,0.09224604474,0.1194578344
fsi_d8b50c404bcd,0.05810443827,0.06223708253,0.05634563598
fsi_0bd987af2594,0.1908748799,0.2634145081,0.212046823
fsi_2891db12d151,0.7612036854,0.5078713891,0.3242320057
fsi_fcb9a97cd0fc,0.01235099623,0.01034620846,0.008843800577
fsi_1a4a667a2bcd,0.3954707582,0.2396263145,0.3016725278
fsi_28f9aa103807,0.7523617312,0.5926185933,0.2969829364
fsi_64c315764739,0.5634222826,0.3472996701,0.5555215759
fsi_a73f8cde4f76,0.9277823051,0.9914410095,0.6217570418
fsi_38d963673ae7,0.1201531557,0.1122540187,0.212912741
fsi_55c9f059374b,0.4514497646,0.09557177862,0.1121943711
fsi_9052ece7865b,0.8865053858,0.9958503473,0.6464855895
fsi_5f45f48ffcd9,0.7336380882,0.4733719257,0.2897608681
fsi_d6e005752326,0.9924382156,0.4836347724,0.6024800149
fsi_993165a36eee,0.2700150626,0.3886665046,0.3564480434
fsi_ea429be7e384,0.7633801465,0.2759052484,0.2999069694
fsi_98615c2b4fe6,0.1721187419,0.1134993378,0.1338163464
fsi_e94e76b65091,0.4318566084,0.07506265525,0.1043900019
fsi_94e1157b557c,0.7498359443,0.2123078989,0.2329514403
fsi_636affc1d418,0.2573434049,0.3896448749,0.3626491422
fsi_c219d282df86,0.3540007183,0.3777040837,0.2545727212
fsi_04e4ae6ae3c3,0.8706339256,0.9997788956,0.6650759698
fsi_6b190e57cffa,0.1550599987,0.0999726433,0.1950896457
fsi_14561035ce1e,0.0461524565,0.05141619617,0.06347022967
fsi_aaf6f1f03f92,0.9806933363,0.9474004048,0.7157119347
fsi_42e543a8bad6,0.1252407559,0.07576144751,0.1564846921
fsi_107ad94eca43,0.03316552596,0.01578203697,0.04175809749
fsi_3676cd14456c,0.3853344202,0.3520399474,0.4331525408
fsi_dfbee3815aa4,0.7995352799,0.8882810203,0.1711797583
fsi_9f654ec1eacd,0.2138801599,0.1962976824,0.2775292285
fsi_758a7a0dec4e,0.1092884971,0.09005726284,0.1612934328
fsi_6667025f5ca8,0.6972375809,0.2271542509,0.3093864075
fsi_7c16010e918f,0.4413066556,0.09441906352,0.1157233442
fsi_90cd0df0856b,0.2284329995,0.3242216842,0.270275253
fsi_1214857d9733,0.4909774512,0.2445841144,0.1456296001
fsi_c815cd46dca8,0.05000333549,0.05638894576,0.07207943537
fsi_5525d00292f9,0.5842332017,0.5247976291,0.2341136538
fsi_f51de6a4c8b0,0.03223840431,0.01483230467,0.03887311038
fsi_d2ee73f069b9,0.2456978614,0.2873154946,0.4199200797
fsi_8c2e36858f08,0.7526162329,0.2223406072,0.2958921808
fsi_599af33f52a0,0.1820106774,0.08481728772,0.07803987826
fsi_56d7472fde35,0.03233191739,0.0159687434,0.03511593697
fsi_17558888f2f1,0.2603675772,0.3589639104,0.3335284773
fsi_4aaefcfea646,0.7834628305,0.9073923027,0.1489546549
fsi_5f2d88bef491,0.2742110758,0.3518578753,0.3450060433
fsi_42cb02853cdf,0.09754853269,0.109206449,0.1951262672
fsi_ae07a8099dac,0.01624937231,0.01581945854,0.01078105041
fsi_c68f4a8406b9,0.03734399071,0.02786727328,0.06191451546
fsi_db464019b5a8,0.7451651414,0.8117797499,0.179591676
fsi_0230b22e81be,0.0251939429,0.0151701929,0.03399800001
fsi_1b528bcdf678,0.09047941868,0.1016845006,0.1902656698
fsi_6c90947eeb01,0.4099159792,0.4457348695,0.4640947145
fsi_d14b9eb542f3,0.5083380914,0.4294706268,0.3649472345
fsi_dcc16359e2d9,0.008308079216,0.007266095389,0.01185337407
fsi_a815ba0045c0,0.03332239292,0.01465223995,0.03886854119
fsi_12dbfeba597e,0.3110923498,0.3602563262,0.2209306729
fsi_7f88d87cb41a,0.02540349874,0.01163140132,0.02657259228
fsi_09714fcd7eb6,0.5807806598,0.230641297,0.09757490406
fsi_665925f2abbe,0.7903826026,0.1601761494,0.295370349
fsi_97d21bf18a04,0.5762153488,0.2842617888,0.1580594803
fsi_8dfd43652022,0.5279207124,0.4117816666,0.3077550074
fsi_a3d56e04ab64,0.119507857,0.07198410187,0.1493110468
fsi_470709497de0,0.3838605699,0.4863542529,0.6359023011
fsi_75ced78417bc,0.8945221584,0.9761100307,0.6663030954
fsi_b19178da2b90,0.649922226,0.227654359,0.3079135972
fsi_f2dca3049c7d,0.09765633156,0.1132705654,0.2048725812
fsi_1d2cf66832c5,0.2444010811,0.2492692389,0.2899333914
fsi_3fa8fea0a90c,0.6957102741,0.2254677174,0.2957340005
fsi_22f8cc794998,0.2542958,0.2675565458,0.3880854643
fsi_ba9d885a972f,0.05728034956,0.04977544953,0.1006996892
fsi_ce47ee58f6b1,0.4795228267,0.2576406689,0.2879981512
fsi_8297838458f3,0.3715796715,0.4662255133,0.6122836679
fsi_7f8790538b87,0.2946135547,0.4227848476,0.3846861713
fsi_50d6670bb224,0.2624741982,0.2370426452,0.3310001199
fsi_b2f981bc3f28,0.5908743219,0.433479424,0.3344413646
fsi_19fa3f4b430e,0.172463225,0.192748747,0.3184177886
fsi_8ff254fd1027,0.6828796634,0.2138486427,0.1948269958
fsi_4a1575223910,0.03360083245,0.02060417163,0.04567301606
fsi_ae1ac9472c0f,0.4368835203,0.2935793579,0.3604046409
fsi_c21ef9c32c81,0.578083629,0.3447057562,0.3243557369
fsi_bec8fe45c064,0.6474171156,0.2232024471,0.21273203
fsi_0d76c18c9d9a,0.8915511682,0.9978264674,0.6320071413
fsi_d79ea07d3113,0.0388364357,0.01745882646,0.04695945737
fsi_b825787c1575,0.869894105,0.7018230709,0.6609309451
fsi_8f23d5830f56,0.4367971462,0.4764272832,0.5202887786
fsi_5f2b3659a114,0.02405941194,0.0107125019,0.02457460941
fsi_8637116761ad,0.6174524637,0.3708408278,0.3426354592
fsi_638ac4f8c9ea,0.5995146262,0.4017285435,0.4082502616
fsi_78d3302f785e,0.01620493093,0.02381621379,0.01590298063
fsi_be2939bfa9e8,0.03115008586,0.01979004963,0.0415196518
fsi_18256f6ac909,0.871826801,0.2405159255,0.3714137663
fsi_d53249277c73,0.2284573437,0.3103697058,0.2831918869
fsi_f8ae9316f3f2,0.8071601708,0.1293643854,0.2530306917
fsi_cfe0b762122e,0.2669013361,0.3579213575,0.3579611122
fsi_617f6290e47a,0.3725163223,0.4589510112,0.6027921427
fsi_2d48d786f30f,0.3634125344,0.5568049406,0.5827722077
fsi_7b7874ed1515,0.08834077689,0.1363394482,0.1270868193
fsi_fe9c652d0f9a,0.7220124516,0.2993963774,0.3505023512
fsi_b263169df1f0,0.8061106795,0.205954376,0.304500037
fsi_b46dc29d7ee4,0.8773920124,0.742518077,0.2043610378
fsi_55fbc1a99e10,0.6754460092,0.8193508641,0.1654530651
fsi_b75f16dd64d8,0.5640458101,0.5082529737,0.5971560504
fsi_46191eb3734f,0.05509577933,0.03161889816,0.07053577447
fsi_8807c4e9d279,0.2999839066,0.170550078,0.2043188854
fsi_5942e1835f88,0.8550326642,0.4913039044,0.5015570755
fsi_cfddf061887f,0.1235955454,0.1918766518,0.2401877336
fsi_5d5623aeaf6b,0.7673444336,0.3272934992,0.3779013756
fsi_2dc35d87ffaa,0.06497503671,0.107598368,0.1012574404
fsi_1391de1b319e,0.02688631281,0.04210371678,0.02564375691
fsi_b92b67ce408e,0.09951578845,0.1636225746,0.1265270816
fsi_97bf04f24fbe,0.668594362,0.8872775336,0.2176202136
fsi_914a1896b0d8,0.8187388972,0.2892159493,0.3666416379
fsi_055d890bc83c,0.05661778252,0.07551396643,0.0536729047
fsi_45ec6db45576,0.1334543244,0.196645197,0.2189876275
fsi_082a052c242f,0.4037143836,0.4347222494,0.4756138144
fsi_0c55258e60bd,0.6542401257,0.4277702745,0.4207085621
fsi_3b52854421ca,0.06617488655,0.1055679743,0.08562069468
fsi_18da99028301,0.1242206529,0.08985629719,0.1562252775
fsi_a2a26156fb2b,0.009950780326,0.007928177645,0.01557559735
fsi_46360424f634,0.2214625039,0.0735591698,0.1150605331
fsi_d91334472fc1,0.7366799688,0.7806942346,0.1829000867
fsi_5c56894f11fa,0.01013218592,0.008124437645,0.01607407745
fsi_b086578d8440,0.01031091877,0.008170985357,0.01644883865
fsi_026a011b2681,0.9329270212,0.5306231221,0.6039629749
fsi_d98f234121f5,0.02238512323,0.009908261101,0.02357835494
fsi_08e4daaa8146,0.08873065592,0.1423506726,0.1301073781
fsi_5c74264a774a,0.1577610145,0.1122808207,0.1689667285
fsi_51f588f32a47,0.5125873553,0.8211915297,0.09436368912
fsi_3bd9580cb4b5,0.633844845,0.8491118094,0.1688889316
fsi_6bba9fcc4152,0.1157398012,0.07250918362,0.1528711396
fsi_cd3e40cbd80a,0.7389216184,0.3864673284,0.4492425376
fsi_f49d9be70322,0.05254674734,0.03644466707,0.07548751699
fsi_dd98ef9ece51,0.1751857725,0.2497239219,0.30335343
fsi_a7a5a40fa0be,0.2541938281,0.3943064333,0.2027473723
fsi_388760f0ab54,0.6750020683,0.8629240768,0.2460241119
fsi_814aaa79a966,0.6507322698,0.8297093213,0.193943091
fsi_de31ef8498ba,0.9869357134,0.2325030269,0.3556668895
fsi_2237308265d9,0.3115914209,0.1880883239,0.08847172709
fsi_f9949adbdc07,0.3139032321,0.4038424367,0.5182205819
fsi_2b9ff76d8f2d,0.3080032902,0.3965928417,0.5059217253
fsi_fe8df670fec4,0.3009307629,0.3831867249,0.491826342
fsi_4b61926ea23f,0.009007919551,0.0113035926,0.01499837018
fsi_e8d9dc288e16,0.0447025523,0.04001683704,0.08603834492
fsi_8207ee37ee13,0.6728609516,0.147479896,0.2697803687
fsi_658f75215149,0.7647136591,0.2907215989,0.2568117624
fsi_76c6ba3a2095,0.6022679946,0.7449957834,0.2023860628
fsi_d5c7682fd4fe,0.1070153024,0.08329727319,0.1606969637
fsi_a4a586d24b00,0.728714293,0.4771578518,0.2722171961
fsi_93fbf3c79d98,0.3112676542,0.3862712261,0.5081450819
fsi_48b5b60da0cc,0.09636137349,0.0932236354,0.1633723434
fsi_84b62eb8a795,0.04627381378,0.02199747386,0.05690423468
fsi_4b637837a328,0.12557208,0.1644594852,0.1223831619
fsi_38331a667bcc,0.331992627,0.3985560746,0.5180045405
fsi_d8f9b27e6f63,0.01097607487,0.01014704139,0.007395482778
fsi_0b2999e2a436,0.3824118442,0.4679259474,0.5889122617
fsi_155fdf86a13a,0.05899430052,0.0689951042,0.07353180438
fsi_23619284c408,0.4163881661,0.3725305021,0.4831561593
fsi_abad1676a755,0.4356546609,0.47143819,0.5269113827
fsi_f7ed769c6192,0.4028085811,0.3695990249,0.4029737524
fsi_2be73700ad79,0.0746989385,0.06637226999,0.1212529626
fsi_d7e9310cfa38,0.568866547,0.3485414363,0.3169257589
fsi_9f0fbcb615db,0.4806869553,0.5202348244,0.5854999751
fsi_2822a85d0f2a,0.05281366025,0.04596500153,0.0914999243
fsi_36c18c397fe7,0.05799474041,0.06676580172,0.0850906016
fsi_49f231880b12,0.6209967926,0.7831468639,0.2526435071
fsi_bc0235f39715,0.01190910567,0.009086711074,0.01827476303
fsi_d7fe083be5a8,0.1049741677,0.05094456505,0.07433187947
fsi_30a4ad0c6f98,0.402256906,0.4373456636,0.4880874447
fsi_f4bb0fd665ee,0.1758839438,0.2562460049,0.3073263899
fsi_8ccd081cab19,0.3473981135,0.4372688835,0.5838500662
fsi_3d086cbc07e2,0.5109461599,0.3287760862,0.4559825264
fsi_4d9d6546cad8,0.1852439727,0.08651668907,0.07550277724
fsi_7955e6387003,0.7169035535,0.309368189,0.3598454369
fsi_09a40984d885,0.05622229473,0.06274827018,0.06760108771
fsi_a2f42898dc0e,0.7614176672,0.2788351942,0.3515736357
fsi_30ed9809b834,0.326807035,0.4141455662,0.533224398
fsi_73bcd8184cbd,0.7030164773,0.1651350482,0.2311238161
fsi_2c8c4e34ea19,0.228493363,0.1079172507,0.08438088704
fsi_726f043c148e,0.84471748,0.5417359176,0.286689145
fsi_e79c1696d975,0.7095961241,0.2009664276,0.2130420529
fsi_177c83238f14,0.06408115498,0.05635225011,0.105044293
fsi_2483a73e6d0a,0.7261657117,0.209022479,0.2928137323
fsi_47dbd1ed190e,0.09113474687,0.1510724928,0.1267851423
fsi_f78b588d1e35,0.08011093444,0.06123537223,0.1258916015
fsi_32c096120f07,0.313628782,0.3850204269,0.3024219336
fsi_17ad8f6ee76e,0.5434044531,0.4132023768,0.3162248888
fsi_2a7df7685200,0.06110911458,0.02952413878,0.07536177307
fsi_afeb38dceefc,0.01071891262,0.007817107534,0.01616343688
fsi_ee90480097e6,0.7837980358,0.3816303746,0.4417307532
fsi_7619f09c2408,0.2227944963,0.1441316988,0.2684722026
fsi_03e9ce073301,0.4165788436,0.4404353589,0.2741800494
fsi_0fc899a94b54,0.3219701298,0.156106184,0.2146099139
fsi_35187f3beb05,0.1839146181,0.08473153943,0.1180264245
fsi_da73ca148f58,0.110701542,0.05382398379,0.07821970245
fsi_fc32e8baf48f,0.7098883594,0.1362346886,0.2047834472
fsi_7403e0f3d7ac,0.05814754245,0.03108832621,0.07459795223
fsi_03a87bd0449d,0.1098172735,0.05390344411,0.07805876475
fsi_ebbc7e3c23c5,0.8959718835,0.6113109804,0.3257314213
fsi_6ed410184789,0.1350348006,0.1116025201,0.1453286697
fsi_f6dc08263f38,0.6534911225,0.3877092272,0.3526327555
fsi_d54d29598846,0.7129891236,0.1286722466,0.2401241248
fsi_0e03f99f41a4,0.1314950243,0.0697220051,0.1039965744
fsi_528a4af8cfc0,0.302900841,0.1711588704,0.2078690086
fsi_e947a66f88a8,0.7758716923,0.3601914136,0.4250906127
fsi_35938d532720,0.01159008221,0.007968561622,0.01589209507
fsi_d03abd7740fd,0.537756968,0.7361078327,0.1914140708
fsi_7a9b98360b77,0.7100960143,0.6729480815,0.2322535924
fsi_79bfeb702de1,0.110594992,0.05565387942,0.08015665437
fsi_d50c991d770f,0.1064046264,0.04702530369,0.06928711188
fsi_1170cbc94243,0.3112848957,0.3770490757,0.2862216824
fsi_dfbbb4ab6a40,0.293048609,0.1386083385,0.1625685646
fsi_ff4e28406541,0.46797181,0.3888474493,0.4907247778
fsi_2d27e748f897,0.02629610409,0.03418285801,0.06826838093
fsi_f825fa2238da,0.4314755407,0.3476147984,0.443967592
fsi_ab3baf5b8ff1,0.7891420968,0.3285911946,0.3805595254
fsi_edb0a911c395,0.08877249428,0.04984098176,0.118371047
fsi_18c508b91df2,0.201011378,0.3721417543,0.1698917283
fsi_85cb0c85caa4,0.3351877866,0.4088575634,0.325672138
fsi_0f65c856d3c7,0.8352066006,0.08967249297,0.104221029
fsi_dcacbec93c76,0.7176569807,0.1135895128,0.1272764829
fsi_0064cbebc1c9,0.3161791456,0.1592104786,0.1916641445
fsi_7ad2c37d19ae,0.4464495479,0.3611362661,0.4614404636
fsi_5326118eb460,0.3115587386,0.1763315357,0.21414452
fsi_4f0ce3dcd491,0.3289130612,0.1952062978,0.2315985054
fsi_724b2d0f1f14,0.5688628758,0.7829372823,0.245737348
fsi_777761cb0781,0.09136885394,0.1605486842,0.07828415582
fsi_a6bc55d4b83f,0.7282204128,0.3954277973,0.4631016504
fsi_798d324b0941,0.6308793223,0.217403653,0.09493507452
fsi_dce2a69121f6,0.2926074415,0.1366661453,0.1643419438
fsi_ec93b26c7660,0.07750247946,0.05362725562,0.1087341025
fsi_18cd5bafbe04,0.09619706917,0.06727240566,0.0705118997
fsi_77f7541b5c6c,0.5225569737,0.1043261976,0.1341466169
fsi_6020e13e92ca,0.4056478079,0.4997256158,0.6405579931
fsi_77f9dc166507,0.660825798,0.1256443221,0.1383025488
fsi_337be9016f0e,0.4220255458,0.3316357746,0.4044916614
fsi_812b40706a68,0.1537385412,0.154834204,0.07125811491
fsi_ca298bf8af95,0.2216329534,0.1639647026,0.2449614597
fsi_aa5db4c1ecb0,0.7479093299,0.7244739098,0.3078414817
fsi_ac004bf9b72e,0.1464382137,0.08640689375,0.1757916317
fsi_66427ba65d3d,0.4174998865,0.5176400933,0.6642337944
fsi_fb49649fbc36,0.1880970412,0.2550519891,0.1845045527
fsi_a28871d15ee4,0.7114876892,0.3346232705,0.4020860562
fsi_e881ae582e37,0.1193929077,0.06629838867,0.1431048029
fsi_779224015051,0.5965712552,0.7037617553,0.1981901887
fsi_f4d497217ed8,0.3026189952,0.1496886498,0.1882579325
fsi_92ebb75662e0,0.8731660407,0.4051325308,0.4734561629
fsi_2a0fb9b3f096,0.4229637145,0.3704961268,0.4537580421
fsi_f3bb08acc931,0.1770289467,0.2646409606,0.2953445784
fsi_ac849149cbed,0.1306106737,0.08726103726,0.1729827559
fsi_5cff5243ead3,0.1257608048,0.06650141216,0.09600469203
fsi_f96b3e05f613,0.06646528665,0.07423989788,0.07166778313
fsi_73a190407077,0.200597308,0.2972189507,0.3075536435
fsi_3071ee730e5b,0.03123409574,0.0340666443,0.06873291536
fsi_5d34a177b9e2,0.1427045381,0.2010557504,0.1480785111
fsi_dab112604f02,0.4128754945,0.7497024638,0.1033195441
fsi_413fd35366b4,0.0269866085,0.01377795819,0.03017104083
fsi_c1e640a90700,0.7144803033,0.3675182112,0.4317868771
fsi_b0c6bb71f783,0.8131903233,0.5632459449,0.3756497583
fsi_6205a81f2140,0.663245691,0.1095378546,0.1247555043
fsi_cda74bd6be1e,0.2910821984,0.3492136969,0.4734081225
fsi_65108fdd9abd,0.01443771097,0.01016084163,0.02061571793
fsi_56239225fd39,0.3998827517,0.4901056537,0.6195522807
fsi_4e4214549dd4,0.2276680496,0.2419821142,0.3727031003
fsi_ad930dfc41db,0.8174240931,0.4257777545,0.4959524953
fsi_c52c5e1fc118,0.5162176204,0.4699244737,0.542734895
fsi_aafa76ca1574,0.6617413836,0.1126603447,0.1197760298
fsi_d87e6db73fbe,0.1051543001,0.162272815,0.08653666743
fsi_75cdfe652737,0.01080326556,0.003617953068,0.0036712287
fsi_f624678d8cb2,0.06459440137,0.04342429425,0.06134654342
fsi_8ffe78a93730,0.3531992431,0.2020016089,0.2044312962
fsi_1df5532fed40,0.1891793286,0.2675567361,0.1836970119
fsi_d8c0896013d3,0.5199047338,0.4799912836,0.5546823807
fsi_36ecc935cb6c,0.4920048725,0.3790502647,0.4611147801
fsi_8dba9ef963c9,0.5351711821,0.5007846262,0.574762562
fsi_31dc876e806f,0.3880058055,0.4831173405,0.6246491309
fsi_da992def505c,0.113536997,0.06360494913,0.1379534553
fsi_19f32c7f3ece,0.810677139,0.3820067936,0.4515182094
fsi_7d43e916d18b,0.1893606624,0.07132943448,0.04600273309
fsi_932794930b71,0.06947744843,0.04601316506,0.06440142075
fsi_cc2f2254d27b,0.327632331,0.1207145161,0.164561052
fsi_4cc69fab1580,0.1505781003,0.211966955,0.1265556828
fsi_854ae12534d1,0.08205766712,0.05535732263,0.07655219251
fsi_2c165a149d43,0.1701946693,0.1415553303,0.2577097143
fsi_59a9025246d6,0.1802378273,0.06654852498,0.04097154845
fsi_5163565de03a,0.2969251441,0.3096898858,0.4153381967
fsi_c8a4fd8d3019,0.06251319756,0.04261770358,0.06089238282
fsi_26c72de1cd38,0.2904812054,0.3018049727,0.4009469055
fsi_cb16134b72be,0.3428230114,0.1992417037,0.206325748
fsi_8b7039aa802b,0.4156787817,0.5041540715,0.6329534536
fsi_56ec8f48b46d,0.1996514528,0.08739967953,0.1320284216
fsi_d76f1c6d8455,0.8088377736,0.3857640057,0.4443511751
fsi_d205ed9040f4,0.3632994158,0.2223342923,0.2300882656
fsi_5fada5dcd824,0.3305155868,0.3905622373,0.5153765881
fsi_3a515d211cb4,0.6328408402,0.7519884845,0.2657053073
fsi_26f19906e160,0.4187981992,0.2108946245,0.281936411
fsi_84bd825de812,0.3474838041,0.4447797501,0.5689847074
fsi_bd5b98957704,0.8910719683,0.8409218092,0.1710387786
fsi_ad842c284c99,0.6649604413,0.4864643739,0.318744205
fsi_f6f52eb5a838,0.3241274278,0.1617524488,0.2046915813
fsi_141e3fd36374,0.09591544442,0.06560800741,0.09305120316
fsi_3016faa139d3,0.1537908869,0.1300882405,0.06885780324
fsi_aa242da6d13a,0.1640652154,0.07937580907,0.09025473021
fsi_4ac6859be8c7,0.4509443573,0.3623107793,0.4722803814
fsi_8564e1ff6acc,0.1553398009,0.07608275205,0.08621528424
fsi_e4911ea82a5b,0.5843759286,0.4749299558,0.6080624521
fsi_8a4d7d6530c8,0.4675214608,0.7220691195,0.6461782576
fsi_c1d2cc57b00f,0.0749566777,0.0507616464,0.07092468599
fsi_87cf357ae995,0.1624179954,0.08158725276,0.09377577354
fsi_c3a97cef6a0a,0.4068336051,0.197094048,0.2524711937
fsi_9a69579adfb2,0.2818091591,0.2912145131,0.376973631
fsi_9318fbf454b1,0.5194638445,0.8591991189,0.1764209611
fsi_0bc98d9e990c,0.1552634359,0.07585850933,0.08664029501
fsi_b0cec839cac7,0.6093297282,0.5114179333,0.6406141943
fsi_fd1b58102a2e,0.09915162202,0.07039163596,0.09837004877
fsi_199407e22461,0.30518648,0.141449897,0.1724166476
fsi_5919a90b1f11,0.116031918,0.1299481261,0.1920472684
fsi_270244429ae5,0.9287410513,0.8942241648,0.1587547016
fsi_c38d7b44cd14,0.1602063492,0.1611327857,0.2808084116
fsi_5c54521eddf1,0.08369905568,0.05693117322,0.07729342931
fsi_1234db229aca,0.7252078003,0.3669636168,0.3153970781
fsi_5f9e20ae103c,0.368738845,0.2508680092,0.260939684
fsi_ab01d16ba020,0.09014754116,0.0613506076,0.0850297099
fsi_ef93395faf21,0.01604015409,0.01736655264,0.01296701231
fsi_21fec47c9b38,0.5874592342,0.4837805766,0.6143410113
fsi_8388c42edb38,0.1642344344,0.08369543083,0.09667119335
fsi_dc8b1d85efae,0.1676888993,0.1277310651,0.2335823907
fsi_a049a2b36ed0,0.2173432942,0.08642009627,0.05555962825
fsi_bbcf5b9594c5,0.4504245674,0.3554961881,0.4379473605
fsi_6bafdc642e18,0.08666096411,0.05944549224,0.08090902395
fsi_435d629f8eb4,0.6944823744,0.3292661402,0.3989848949
fsi_9ba6b6ddaa5f,0.0415632612,0.02866742801,0.05953621779
fsi_0a007feaa542,0.4203444956,0.4768649246,0.6139256585
fsi_27b8d7584960,0.4045263679,0.4530187518,0.5849158021
fsi_5180e67d49db,0.04883998699,0.05656708682,0.08011734683
fsi_3400f8f783de,0.4257912073,0.4485339919,0.5962265227
fsi_3f651b02c556,0.08025850605,0.05439969599,0.07332990917
fsi_57132a0b5d82,0.1077720247,0.0623147623,0.1380888676
fsi_6bf56c016f0a,0.1545365188,0.1163432978,0.1564029426
fsi_63ed7b756752,0.4217071366,0.2171044954,0.2795191522
fsi_d6b015151af0,0.1283327678,0.1200188713,0.1924451099
fsi_6b0832746763,0.4548625503,0.6419435364,0.4161412295
fsi_3cfbe525438b,0.4460567216,0.4501472696,0.5969749662
fsi_cd8088c5718c,0.3952349275,0.19181885,0.2469971353
fsi_2b638f889068,0.4121556792,0.4667735819,0.5990726106
fsi_76cc68bd3774,0.03864653122,0.04610780504,0.06900982568
fsi_bda7f30b27a4,0.3742437321,0.1406542306,0.1938681457
fsi_67e262b0d751,0.1222608151,0.1231325006,0.1643127832
fsi_38cc55f19e46,0.1597043722,0.1116532712,0.1604528685
fsi_154bc7b7e10a,0.01101670153,0.003982884219,0.004076820057
fsi_12c968563c6c,0.2608448756,0.2326654725,0.2997083552
fsi_f7e103af4679,0.194869898,0.2829074279,0.1731244139
fsi_5a6a59bdfb1f,0.9000179938,0.9155755541,0.1393229971
fsi_ec2f71e0fadc,0.7924100053,0.369287127,0.4394519285
fsi_d0e4642bed24,0.5672849954,0.166485948,0.07303901712
fsi_c211a90c06e5,0.4467646245,0.6182067796,0.3960965223
fsi_39b824396a20,0.1059897393,0.07270973158,0.09512608319
fsi_b8fd3e03b5b3,0.3473840018,0.4243575031,0.2971219607
fsi_d0192c4c087f,0.3798417287,0.5792688624,0.6687578606
fsi_0c475db17d1d,0.5501324029,0.4219717779,0.3023109991
fsi_18505cc88637,0.31518538,0.1198763236,0.1658222651
fsi_f90644f89b32,0.05421270709,0.07520268517,0.06005614428
fsi_55e755c870e4,0.1227118119,0.1156069684,0.1869594944
fsi_ba43af2e9cc6,0.2200564961,0.3202528184,0.1784183375
fsi_8ac2d1eeb5e9,0.3822608114,0.334729425,0.4879099479
fsi_b06d1c5d2b31,0.5051299445,0.4036970439,0.4730217565
fsi_1d3f984b213e,0.1050358044,0.1014856547,0.1764034185
fsi_826dcb249cef,0.1286768056,0.118741118,0.191749936
fsi_08b8634c408d,0.2464331908,0.2578394622,0.3370051043
fsi_47bc9615bd7f,0.9413655435,0.7784874521,0.1733410529
fsi_bb126831d135,0.4344147783,0.4798542965,0.620553204
fsi_388c0d48d719,0.1230522731,0.1217678458,0.164003869
fsi_c04a50e54b50,0.1666278572,0.1149238079,0.1653320477
fsi_0cc7337cd57a,0.4699946115,0.3539060688,0.4799761682
fsi_401c2ff966f3,0.1515824517,0.1062210175,0.1535286149
fsi_a1b04e3a9d04,0.443002307,0.6379623105,0.4310817497
fsi_ed45fcc8e57f,0.6459101141,0.1029007082,0.1156983928
fsi_32027dc1dcd9,0.05468111452,0.06463203958,0.09303171223
fsi_f08e23e6d265,0.1146834683,0.1163208398,0.1574725874
fsi_37abe9cadf8e,0.1756776143,0.08897655672,0.1043660018
fsi_d46f6e273a6d,0.3503032954,0.1853608531,0.20521459
fsi_70bd7a653bb9,0.1627112441,0.08098755801,0.09324961922
fsi_0bfd56c6fcfa,0.5751252535,0.4546238491,0.5169107372
fsi_08ec12f369dd,0.2690862067,0.1712700518,0.2374952424
fsi_6b8546154aa5,0.2252220469,0.09467482593,0.06826681588
fsi_f989bcef9b19,0.9169108702,0.8499764183,0.1639989742
fsi_f60bc941295c,0.2234661274,0.09327139193,0.06539464404
fsi_44958e7faa1b,0.1030818079,0.07493762026,0.1030485721
fsi_4d8da9edae9f,0.2469702409,0.2330042505,0.326635003
fsi_871aeda24e89,0.4980872333,0.5237233527,0.6666441719
fsi_39814b5088bd,0.245062967,0.06977900488,0.05089623585
fsi_3e01c31cf8bf,0.3901839302,0.5541304555,0.3282447458
fsi_b57292a778ab,0.8253309446,0.3002669434,0.3460177567
fsi_d1cd8a30397e,0.1273586772,0.1175469019,0.1928042449
fsi_03a13377e4c0,0.08656681763,0.04631947269,0.09606808147
fsi_1f562e763644,0.04129179179,0.02590739014,0.05060335949
fsi_f402fa5b4297,0.4794310033,0.6549715916,0.4585116226
fsi_07e8c27f3401,0.1717831061,0.1215861582,0.1763791598
fsi_3a1590011f41,0.5336114134,0.4877043667,0.5628928872
fsi_73f07f5fd4c8,0.8564935234,0.1616493824,0.1615083555
fsi_e4b3b642ea29,0.01296269989,0.005084481925,0.004799615575
fsi_47b4dde98094,0.5092468407,0.6947748597,0.4587320607
fsi_642d8d2bf84f,0.3978456506,0.4979017733,0.6140608639
fsi_438980bd16f5,0.06816745376,0.1075164553,0.07755871719
fsi_bb2291513f0e,0.0076747434,0.002689599134,0.003361973808
fsi_bffcf4af9294,0.6146872847,0.7641519394,0.6801621947
fsi_73400beb2939,0.06764401815,0.03364315666,0.07433524076
fsi_db5f75be3fc6,0.8223750871,0.8820625942,0.1498074985
fsi_c1e9449290d1,0.4093354725,0.4599145406,0.3490625876
fsi_801cf31451fb,0.7946475804,0.3721451168,0.4412876312
fsi_04a8f072cf38,0.1929323148,0.09909784834,0.114240665
fsi_59aa97b97ff4,0.04748295488,0.08121567416,0.05906075231
fsi_06f47678dbde,0.4208789012,0.5345267569,0.279113326
fsi_f6c722e1cb16,0.134755384,0.1409054579,0.2303542393
fsi_ee95ac8095c0,0.3638543843,0.2060302456,0.2083180059
fsi_0994171f53dd,0.144729829,0.134857117,0.2142171253
fsi_7009894910c7,0.1359261287,0.1353603115,0.1811235588
fsi_768b335fce32,0.3228063239,0.2438560617,0.3613696543
fsi_2fd27801a0f5,0.1423073546,0.1414524324,0.1774024808
fsi_6da941d5c1a4,0.5220350251,0.4139789043,0.4942089818
fsi_3760dab702aa,0.1347420769,0.08951048265,0.111085404
fsi_fff6d3bbce00,0.497476577,0.7168885133,0.7740215541
fsi_c9b969a852ae,0.1224220171,0.0878592322,0.1053477969
fsi_6a1b54680f15,0.01301990622,0.004776851976,0.004988004818
fsi_a0b3739fe862,0.1200636848,0.1190657545,0.1640299237
fsi_596626f5d423,0.2021551605,0.1442815253,0.2011265844
fsi_96d9012c6d93,0.04319769418,0.04526990392,0.07040586975
fsi_ee1e0adf4c7d,0.0137922339,0.006120368191,0.005057171154
fsi_a8b4a23c5156,0.1595463379,0.1494682818,0.2280854057
fsi_41bb825f7650,0.4833940937,0.3924078805,0.4607041114
fsi_c53513aec07b,0.3142874258,0.4115307448,0.4267002538
fsi_2d1b72efc018,0.02152358755,0.00464619779,0.005022698228
fsi_0badd8384e7d,0.235628793,0.1332554161,0.1667851113
fsi_61f3c970dabe,0.3710603542,0.5568448803,0.6862601188
fsi_83a22507866e,0.06966402724,0.1146471761,0.07846306682
fsi_09f2df314676,0.2497254593,0.1695719051,0.2284123221
fsi_6168bd625c75,0.486900312,0.5044057221,0.5119948607
fsi_745036911bad,0.7557286462,0.1189594053,0.1267949849
fsi_f3d0b67d0a51,0.02431766277,0.0263396253,0.01451682631
fsi_cc94b09970e8,0.02780425021,0.00549972846,0.005442809218
fsi_a37289603ada,0.1335053167,0.1351874351,0.1710206994
fsi_00e2baac76e4,0.2138835854,0.08701939169,0.04642946066
fsi_ed62edf1fa66,0.5986235463,0.604612403,0.5587087781
fsi_d4e7a24fc86a,0.44626163,0.5410416931,0.6279517644
fsi_c18814ad4f11,0.06343070967,0.03175106193,0.06944157936
fsi_736d47a516c2,0.04815658678,0.0785654052,0.04659386271
fsi_278c5845acbc,0.3553511875,0.3043884669,0.4571628599
fsi_6037794911ef,0.1569686553,0.1496039194,0.2274343107
fsi_0f72fdb20e7f,0.6141335895,0.4899545255,0.6356462528
fsi_a966c6dfc2c6,0.3853854235,0.1846372114,0.2182418617
fsi_c36d3f43cb77,0.9160652182,0.4113885174,0.4768847498
fsi_dd443ea594c0,0.569055175,0.4973853781,0.5982866791
fsi_b48f7ace5b7f,0.2392234864,0.1587383215,0.2284761587
fsi_b6a2df140ef7,0.4236331859,0.1789788869,0.238509973
fsi_2f0f8a237d27,0.1964366106,0.270606294,0.1163624564
fsi_a1880bd4d63f,0.1144345876,0.0988603331,0.1538954172
fsi_844ca6442cff,0.3763934612,0.1958419733,0.2336408861
fsi_fa836c052047,0.4771128771,0.6569141293,0.7695647699
fsi_c71f3d2f2064,0.5622055707,0.5803509591,0.5582383414
fsi_6ab720f9ce41,0.53777902,0.5526573989,0.5534838396
fsi_edcd3b72410f,0.3016427622,0.3177161914,0.3974205206
fsi_e4931b696350,0.2239804582,0.1615798741,0.2121340268
fsi_cffc392425ce,0.427035983,0.2002096073,0.2641302788
fsi_e853a8d37e6a,0.2607667277,0.1182816879,0.07567032983
fsi_896c2986eb46,0.1204501777,0.09698823717,0.1736195551
fsi_61e53179460d,0.1493484583,0.09074142898,0.1453736278
fsi_ca72ebfa58f1,0.5640809873,0.46043335,0.5771858097
fsi_d4b99765326f,0.4375735398,0.3410456261,0.4207690164
fsi_3225f5defb6f,0.1152350493,0.09757053543,0.1531804323
fsi_82e8d731fd48,0.6047802323,0.6081238536,0.5524586938
fsi_e995301fae12,0.12083692,0.09574848861,0.1723618907
fsi_077663ed48d6,0.1243604029,0.07717571106,0.161033468
fsi_f9b397d0edfd,0.5334678167,0.4113697337,0.4865989331
fsi_f26b6d839bea,0.155892535,0.09330608649,0.1493506865
fsi_e59a5a88c695,0.4116236833,0.6363091397,0.6285903547
fsi_18febca048bd,0.6145134572,0.9014662093,0.07150728396
fsi_25b148d75725,0.02445290848,0.004995820851,0.005608303393
fsi_ba984c2e721c,0.1157852523,0.09384848216,0.1691244027
fsi_de3207ba5083,0.1079578552,0.09378517992,0.1476828663
fsi_5ea2edac3f87,0.1424029167,0.0867073978,0.1393582763
fsi_da5fd303ad3f,0.09138075357,0.08861839798,0.1586305946
fsi_44f8e1a402d6,0.2207734544,0.3377822838,0.2572025439
fsi_4cabcf0d67e2,0.2419792537,0.059637087,0.04012062499
fsi_6342122edde9,0.2292151168,0.164155033,0.2164374577
fsi_45728dd24ada,0.2879697075,0.1293960892,0.2023163888
fsi_83b364df7e49,0.04990026625,0.04950663545,0.07061852953
fsi_a5457aca54f6,0.1531332128,0.1134368115,0.2180542381
fsi_f2c2d5aa1957,0.6083238784,0.6184065341,0.6009146697
fsi_9b210aef36ba,0.5810173754,0.4604991883,0.5348893976
fsi_cab41251ea1d,0.06073262629,0.03119552922,0.07041334312
fsi_ac6ed440a7c9,0.06217516938,0.07427589547,0.1054801683
fsi_d72b56dc1e88,0.4911945521,0.3706728643,0.4730769112
fsi_691ea0a6f75b,0.5367302557,0.764929194,0.6611223926
fsi_1ee1304031e8,0.4708552764,0.6680580019,0.7781842745
fsi_696751127e0b,0.1976317227,0.1849838909,0.2668679587
fsi_7796457f53be,0.2612987473,0.0972372204,0.07362294817
fsi_bbfd90892bb4,0.3701372342,0.3311548258,0.3951140862
fsi_7774b676ba47,0.5011830804,0.5404367746,0.4858948458
fsi_93607467cfd7,0.5894642637,0.4676884074,0.5189086797
fsi_c56def34e392,0.8763282843,0.1097031565,0.20016307
fsi_1f051e673f84,0.1688424094,0.09662200293,0.1097628315
fsi_baf7219b1cd3,0.1628756481,0.09972917093,0.1611793566
fsi_ec73aa233467,0.1215267069,0.09563992591,0.1752514562
fsi_32a7635a1f3d,0.1286987405,0.1091543079,0.1694443671
fsi_5af2e05ff8c4,0.2002766516,0.1873324226,0.2681752928
fsi_bce18899bc96,0.5340140737,0.7721401503,0.6750316796
fsi_5f1f37a954e1,0.08286878033,0.1405104703,0.0762350311
fsi_5be59c80c436,0.4541146817,0.1726817242,0.2617259765
fsi_6bc7a5ba8d93,0.07337995011,0.1250598248,0.07589838266
fsi_1d1d4ed5d7ed,0.06537529626,0.0778085963,0.09918813046
fsi_2af018339d88,0.128947992,0.1199288425,0.1494049023
fsi_13c2203b178f,0.9300592339,0.5038465985,0.4262341371
fsi_bf04962ae45d,0.3369502167,0.2031992,0.2245341609
fsi_61d66a214b68,0.1319036659,0.1127542573,0.1679966605
fsi_52f420f92de4,0.3467913378,0.3568022326,0.4326938105
fsi_7d7259e60088,0.3232639854,0.3533001087,0.4710240044
fsi_8f0896ef984f,0.5005555439,0.7490630796,0.6802193372
fsi_511ef65c5b3f,0.6561456246,0.482086754,0.6534456538
fsi_ce67ae1ff19f,0.519649822,0.25370415,0.2546589051
fsi_a6b26b59cc49,0.9146036347,0.5773789524,0.548745131
fsi_6a1f345a82de,0.2597002805,0.1266720087,0.07189568549
fsi_1649e5257c2d,0.8738067229,0.4611707806,0.4081554659
fsi_dd01682ad71b,0.5684884278,0.2828131604,0.2607234394
fsi_f8b7ed935424,0.1373563733,0.1094964586,0.1932123792
fsi_cf5b720d8ec2,0.5706517981,0.3079462324,0.3663712379
fsi_7cda1cd8bef4,0.1143693225,0.09627174524,0.1547894539
fsi_8454122017f5,0.4814587168,0.5326367444,0.3718715208
fsi_1df6a85b6ab7,0.129416448,0.1297955927,0.2166408731
fsi_61270c14d9c0,0.1909497393,0.1181468037,0.1828705259
fsi_8c29b38d0ec7,0.2025146148,0.1883045285,0.2715161786
fsi_f23fe4b9be00,0.9850567278,0.6094265208,0.5703068526
fsi_1b9db0824ff0,0.3703971178,0.4011301409,0.5525997609
fsi_4677d01b7d0d,0.8627521228,0.3695043423,0.1575088376
fsi_9b3fa85551ed,0.682611648,0.6468808967,0.5759920628
fsi_c972fad4ae31,0.3938484219,0.4023423641,0.5614463328
fsi_fc5389993e46,0.4246886012,0.4094863869,0.5720916516
fsi_6aaa9fe53adb,0.4776441555,0.6912304463,0.7766575953
fsi_ec7d28587c03,0.1483694727,0.1203567668,0.2077912769
fsi_a017d2a7dca4,0.5036817394,0.3523122089,0.351803643
fsi_c1bc1f61fb86,0.6826158167,0.641049077,0.5812661797
fsi_9aea0822c514,0.1217520545,0.1060024408,0.1613998247
fsi_1c0a8fdbecff,0.4297444506,0.6689394111,0.5719703807
fsi_ae7cf0b947aa,0.2443076314,0.1617871739,0.2133853058
fsi_1145692261b7,0.06216658051,0.07214279591,0.09533571838
fsi_cce538b41161,0.03086907194,0.008217253769,0.006857635297
fsi_4e169e15632e,0.2796320582,0.09418424525,0.1101781054
fsi_c857eeba96d6,0.4633507084,0.4806666976,0.6371849362
fsi_a75ffd5ccdf7,0.1024111679,0.1314273239,0.2333107521
fsi_94bb418ddb9b,0.05744989056,0.0578759232,0.08274171981
fsi_b227fd0c39cc,0.5571116266,0.5973047675,0.5170425848
fsi_40e454b33768,0.5511816691,0.3205381316,0.4007792219
fsi_75edfb0a35f8,0.6034930901,0.3095969927,0.2665763301
fsi_cd035596b698,0.3051997845,0.09129749662,0.06246227954
fsi_496acf37c7e8,0.3929744356,0.4307190265,0.5865854179
fsi_4f54cbbf6fab,0.0165076669,0.03339369104,0.06718448159
fsi_67cd11cc54c6,0.3557250383,0.2187978601,0.2755679125
fsi_291b5a9c4213,0.382635075,0.4184409325,0.5714371046
fsi_b83e4a5da724,0.1438793875,0.1189709802,0.2075260103
fsi_db0043c7e05a,0.06076000483,0.06051337544,0.0796526145
fsi_d9a7a25c33e0,0.01778616927,0.03460108466,0.07222623833
fsi_deda03aaa168,0.4007455622,0.4259683463,0.58484804
fsi_474fd08ce5f1,0.4185315608,0.4697630321,0.5821199441
fsi_bf2aea20a71e,0.5014572475,0.2464040966,0.2880052948
fsi_cbfd4a55b51f,0.6445009272,0.6175352767,0.5870020124
fsi_31d1faffc6e6,0.5483881776,0.7832839684,0.7191824423
fsi_4b56e68f4b61,0.1611742355,0.1142710209,0.2172647476
fsi_4282bcb8ca43,0.1621520337,0.1443296152,0.2152329172
fsi_ce62cd8020ce,0.2081250249,0.1320076789,0.1961404239
fsi_5945d2703792,0.5482601073,0.2691686957,0.2388859711
fsi_f41d0f7d5b49,0.663835193,0.5913528468,0.6686775789
fsi_28344e115059,0.2833884273,0.09886466824,0.1108437342
fsi_7af37aa89dba,0.5464655214,0.3197766703,0.445527997
fsi_c595ef1e48f5,0.8610557432,0.4582228344,0.3889179746
fsi_3f921cf4e7b8,0.6938542392,0.655450156,0.6303119141
fsi_3f6f85bed567,0.2249173108,0.230872412,0.1817790914
fsi_370c38504652,0.005539945601,0.003612658391,0.00775525022
fsi_5687e826aa6b,0.2858215688,0.1993489618,0.2713657947
fsi_491d007535a6,0.9614434444,0.4918768148,0.4275519859
fsi_63e818899484,0.7207767406,0.3887739465,0.3417861288
fsi_4206db0c4f7d,0.5183000067,0.2772088774,0.400818906
fsi_dec7cb649021,0.7700871017,0.4293682017,0.3573206205
fsi_4e2065ff8c77,0.1771062104,0.1650878605,0.2434089744
fsi_3a625613ecb1,0.6423097965,0.3181727473,0.3893712941
fsi_dc515a5ae729,0.2204291648,0.1844639533,0.2674664191
fsi_8aee799cf7d3,0.03504709877,0.007228297094,0.006388025626
fsi_b87a004f808c,0.2371248919,0.1442203658,0.1983417112
fsi_a415f41501e9,0.7516897203,0.473550381,0.4554645356
fsi_06e8662cee8d,0.142920227,0.1924635995,0.2560673371
fsi_772c66248165,0.2192896136,0.2234641191,0.1777599463
fsi_91d4d30ebad3,0.5496494034,0.3250790867,0.3360037394
fsi_175aadaf148a,0.5777335971,0.3727344833,0.5054308124
fsi_803ad7e964fa,0.2105477804,0.1342253752,0.2009484185
fsi_f73d51ef8d3a,0.247634726,0.3647716086,0.1379629008
fsi_fcb340369d1b,0.1137538399,0.0926881199,0.1383681171
fsi_bf0033a81bab,0.827188961,0.5285374642,0.4981648567
fsi_805cdb85f6ff,0.01929480947,0.007505591749,0.00729856504
fsi_d820c16c9a00,0.247703839,0.2547563859,0.2051565038
fsi_32dbfc16f539,0.4379076432,0.5631595644,0.6979599761
fsi_ef6f173acabf,0.4969472677,0.4854350635,0.5103542711
fsi_fbb3c3a385fd,0.7080283279,0.2660783295,0.3323131495
fsi_a170cb88feee,0.08633573663,0.05709173623,0.0907221181
fsi_9ce0efd565a3,0.5283376297,0.288229918,0.4063097474
fsi_1dc9e0388c34,0.56492518,0.2285613216,0.3429164865
fsi_6d28a9b263db,0.09718860801,0.08443275947,0.155447961
fsi_f256d2a14e99,0.03199981134,0.007327913439,0.008034879991
fsi_d88e99fe5690,0.1935086847,0.2530658699,0.3535214887
fsi_379218f93352,0.10434129,0.1873383162,0.2022961349
fsi_8ca51a5bbbea,0.7385094625,0.5763327237,0.7354029349
fsi_3d5f13a7a451,0.2996917875,0.1175990873,0.08989639214
fsi_14204f084553,0.09279514787,0.06046676231,0.09573264239
fsi_7e63871222ac,0.08204769318,0.0549916498,0.0884232738
fsi_b08dda93dec7,0.1115148503,0.06201184967,0.1036764837
fsi_1868ca6f890e,0.4498394604,0.3161589928,0.3013693418
fsi_46cf37eaae98,0.1413888977,0.193495029,0.2834147131
fsi_6d9843d1be24,0.5946308156,0.3994785794,0.4856407882
fsi_f28f63df8c27,0.6396895014,0.08492121919,0.1233078161
fsi_3a17f4939eb0,0.1478277092,0.2414893907,0.243224423
fsi_7698e4b11bde,0.7120501489,0.3854384084,0.3274563805
fsi_514150278b78,0.7244518826,0.5432574578,0.498172588
fsi_3fc18a2cefbe,0.07022169698,0.03927465944,0.08250427711
fsi_2df707add3d7,0.1146743563,0.06256167774,0.1042382418
fsi_d12015852823,0.08661131856,0.06596152041,0.1229612709
fsi_b860b1f8f135,0.2069744556,0.2918403418,0.36429854
fsi_a344ef637f0a,0.03057394953,0.05564533898,0.1118495177
fsi_185670d6c55e,0.2804799797,0.2125131475,0.1593874432
fsi_8fcc684e1f40,0.416028543,0.4040114513,0.4922386864
fsi_b61fabe863f8,0.1231450872,0.214615324,0.1910694185
fsi_976316a3dd86,0.08116995864,0.06670978536,0.1126581599
fsi_b9d8465b596c,0.218948871,0.1298877422,0.193758743
fsi_dc0e62fff54f,0.1065098941,0.05990213296,0.1004831043
fsi_ddaebf273b34,0.6174233878,0.3053255598,0.2741686846
fsi_4ee8a49a69dd,0.6190562717,0.3727089354,0.3733613327
fsi_5b7111a9db4e,0.08514802195,0.06355229842,0.1189437586
fsi_ecfcd418a4a7,0.3984733345,0.6268437652,0.6229807903
fsi_3f050c09669d,0.8110060664,0.4335757799,0.3691722207
fsi_227fbf0e90ba,0.06794939512,0.07208738273,0.09059738565
fsi_faddfceed3bd,0.02064463528,0.01415997983,0.03261850681
fsi_6500457e69b3,0.08343767811,0.06468570029,0.1214158723
fsi_a99754945a7b,0.08003571758,0.06412817243,0.1092366648
fsi_79843b05e942,0.485942129,0.1635385359,0.1611940817
fsi_f7090f89f977,0.09738923313,0.06462415473,0.1024244647
fsi_8d184852def3,0.2729698523,0.06573428573,0.08266740583
fsi_8c49581d11c6,0.6599604966,0.5096704263,0.4664397736
fsi_c1991e6046fe,0.6356289214,0.08301742739,0.1144481238
fsi_bd32f085c9d4,0.08961970326,0.06082496084,0.1195111917
fsi_3e7d4edbed70,0.1185314809,0.06600321078,0.11127942
fsi_589e8c11e1a4,0.3441558329,0.1295130265,0.1319729553
fsi_ae5b0e5607ca,0.5543102142,0.4913221087,0.5907608714
fsi_b9c93876b44a,0.3428013495,0.4474197021,0.4068284079
fsi_3f0b289d80ee,0.07665674668,0.06403347829,0.1094977901
fsi_441f4b204ce6,0.1746768589,0.141593998,0.1945168951
fsi_7eee7bba6ac2,0.2270052138,0.2165315052,0.306803194
fsi_1a911b327f89,0.1441367242,0.1134465504,0.1932190489
fsi_6dbe2b7d8c51,0.06691502061,0.06876395881,0.09692533993
fsi_031508a3c2cf,0.4897423875,0.1641908591,0.1567533392
fsi_6bac1b1a785b,0.1187706455,0.07921778708,0.1227350379
fsi_17c2719f3410,0.1933503304,0.2646224747,0.364748947
fsi_dd1cc36d641b,0.4965613482,0.4418945648,0.6811784121
fsi_5d377b947fd9,0.5945141574,0.3770890704,0.4935847591
fsi_a7405cbd3f84,0.1587202939,0.2707870614,0.2625355552
fsi_73d416b15c09,0.6167732467,0.4177677177,0.5298729473
fsi_bd693f737afa,0.6246681943,0.4865606943,0.4678501841
fsi_f0e9edb958d1,0.0842853671,0.06230979395,0.11899646
fsi_ac359acd6e28,0.4995798966,0.3001912561,0.3595137825
fsi_b35f79242973,0.08149682465,0.09643938732,0.1162006137
fsi_381fe26316ae,0.3500431916,0.435948216,0.3948398319
fsi_54a169af4a48,0.3018450877,0.1145273317,0.1104099794
fsi_16d04251949a,0.1340039193,0.07440539532,0.1211567993
fsi_8bc1317b543b,0.1952685249,0.2933528346,0.2734918967
fsi_4eb23afc5495,0.2440726259,0.3846718129,0.1206794597
fsi_41029f8530dc,0.6117297587,0.3131684963,0.3873945952
fsi_f165dd7d0f1a,0.325200587,0.4428038067,0.41909652
fsi_a20379408281,0.269820628,0.0759779717,0.1018338707
fsi_15deeb48c2fb,0.09091510161,0.06731179551,0.1246255382
fsi_0a91f5f7c648,0.813774276,0.3026446927,0.3559570536
fsi_866572292a7c,0.08367998728,0.0662401523,0.1123464721
fsi_679abad0c161,0.9458174694,0.3053720311,0.3791071905
fsi_6bfc4920d898,0.031574413,0.06148496756,0.1213708546
fsi_6c6b91452f25,0.1417789089,0.09538478204,0.1391310035
fsi_a7e7c0c7c513,0.5467063058,0.3054703715,0.3574623706
fsi_cba5700172fa,0.3940234943,0.6191065421,0.6735746871
fsi_1bb98170c42f,0.7017186182,0.241427451,0.2978040926
fsi_1d1fb5cd4e39,0.8858078054,0.3376314127,0.4097512251
fsi_9d3129a3e49b,0.07809069853,0.06205237822,0.1081085721
fsi_b2a04a7f2873,0.08875291342,0.07174271735,0.1191992868
fsi_b9d3ca8e0903,0.6180002075,0.3902016842,0.5005388295
fsi_7df3fecbb0a6,0.6261728233,0.4520609585,0.451940535
fsi_e9d74567782a,0.6765195183,0.07061320301,0.1086410542
fsi_ca61d11645a1,0.910105527,0.4276174145,0.5175283609
fsi_095e412f007d,0.1019082543,0.07775282923,0.1427085867
fsi_eb08200db963,0.0805953488,0.04629283143,0.0838895624
fsi_1696874f6599,0.2838830977,0.3712171978,0.3411272664
fsi_51d4a86863b6,0.01560548695,0.01501519109,0.03905191246
fsi_d16ed933306d,0.6799543794,0.4029167339,0.5668000503
fsi_95712a71ef3d,0.4082437299,0.5408277625,0.5084748599
fsi_fe1c2eeaaba8,0.4484545331,0.2838575014,0.3629330579
fsi_6d52a3eee0d6,0.2868621072,0.1759757617,0.2725652521
fsi_ee2ac4120885,0.6532528321,0.277449376,0.1520423044
fsi_e185097f9a70,0.1814399125,0.3101676117,0.2448702973
fsi_070ac875ee0c,0.01564365604,0.01534955471,0.03932267927
fsi_258ad1eaedce,0.853474495,0.4277447801,0.5167642469
fsi_92ac16be0ae2,0.08666796692,0.04904016661,0.08845821989
fsi_21295f116ff3,0.651811833,0.3575655644,0.5224305358
fsi_8fdd52cb1be1,0.07696615476,0.0447960522,0.08192493603
fsi_0d39c6115ab9,0.02632780632,0.0389363851,0.06596647932
fsi_5b72b88c875b,0.1792735261,0.1724439081,0.3017737273
fsi_0edf260a072d,0.08673573173,0.1197016934,0.05499409566
fsi_8cf22cfb28ae,0.3623147047,0.4659327016,0.4708154515
fsi_7a22724192e8,0.7575464453,0.2887131537,0.3445277615
fsi_62d956bdcb91,0.07204102408,0.05919964406,0.1029109715
fsi_819bbc3ccb00,0.4397968387,0.571786912,0.3473850206
fsi_82b1614f0914,0.1509579412,0.0869073126,0.1385718698
fsi_b2b9404f4525,0.09740008711,0.06336877988,0.1195025843
fsi_fc6f3b3f7aba,0.1980027832,0.2814890735,0.3707396242
fsi_bdd6f5e9ff03,0.01529160647,0.01529600213,0.03891078279
fsi_542dd44aa721,0.7744591871,0.3396613712,0.3970856652
fsi_abdd78c0b7cb,0.1623962747,0.1159909685,0.158294363
fsi_dfaca845e841,0.05513714067,0.02478575002,0.03422249709
fsi_4b136f7cb55f,0.4425423757,0.4187869396,0.5415987131
fsi_6811a70a3fcd,0.6837096056,0.2298658829,0.2801032094
fsi_c009598a4fc4,0.08778125491,0.06811440496,0.1298996394
fsi_d9595bdc71e2,0.01278394683,0.008260534629,0.01962246638
fsi_50060d1a29bb,0.4113679074,0.5430052587,0.6856222808
fsi_7aca6839fd76,0.5203394852,0.7212172105,0.7911228912
fsi_67c810274e1a,0.9534544689,0.305811867,0.37464702
fsi_10e6d9098a92,0.6719659194,0.08688559617,0.1394664827
fsi_63e3c872c55d,0.2806319528,0.2670060439,0.3713921294
fsi_476607561bf2,0.6355704487,0.4609126626,0.4110116645
fsi_fdbb79e034d2,0.5527554855,0.1985427288,0.1755093476
fsi_16d17ba57468,0.6610539146,0.4989856341,0.557497886
fsi_8bd4a04ddccd,0.01422217575,0.01375178918,0.0351197217
fsi_6c5553849938,0.2912423547,0.2907343782,0.2379233213
fsi_a5a18e970292,0.2632138551,0.2394338181,0.09189947836
fsi_c2145b540dd7,0.7417667726,0.2695433427,0.3217936148
fsi_a0b93b3e6ae3,0.6766393372,0.3739558747,0.5384311026
fsi_6abfa38e0625,0.09712417741,0.1348078835,0.06328317848
fsi_7ff0bedef5cb,0.4056122245,0.5281499655,0.666728248
fsi_961ceb4566c4,0.02544513831,0.02229280608,0.05471274022
fsi_1b462cc06441,0.5149891457,0.7217208369,0.7513317688
fsi_a0d839308632,0.1890581079,0.1253763259,0.1733993297
fsi_03fa86efb5b3,0.08825618637,0.1212731929,0.1346965398
fsi_0bd5180bd439,0.2535473232,0.2647386163,0.1977817296
fsi_f1ce17115ace,0.7673167622,0.6129636841,0.6556967279
fsi_a3e14ce2a42c,0.9683467056,0.4779224674,0.419609954
fsi_f2ff46130215,0.09227188887,0.05310604688,0.09592454502
fsi_18d7be4d600b,0.6208590207,0.4996779463,0.5709625169
fsi_82cd4d6c9efe,0.0369767014,0.01931740535,0.01038707801
fsi_526ef646fd40,0.05485034715,0.04506580778,0.08250697624
fsi_f3a18d144501,0.6511694808,0.5134884499,0.44422695
fsi_bf3bd51d1812,0.049414568,0.03165160705,0.05774205795
fsi_7b37094ce5e9,0.8802472118,0.3112298771,0.371183432
fsi_457ae5835720,0.5001964718,0.3629709259,0.4322167083
fsi_1d143cf048f7,0.8719783143,0.3207685746,0.3955847554
fsi_16d0ea4d84d1,0.8789675993,0.2800291383,0.3273988381
fsi_2b9ec8eb08da,0.1386318358,0.07925665742,0.129769128
fsi_bd52d8cd1960,0.1679748885,0.294362343,0.2606177552
fsi_d0ff7fd0ba49,0.561866237,0.147137355,0.155874557
fsi_a8297089f62c,0.03800078271,0.07832316362,0.1438477899
fsi_930630f81cf5,0.01851984269,0.01800745536,0.04567414355
fsi_04c2c080f7fe,0.1120384023,0.06493055239,0.1137227957
fsi_026cf20aad69,0.0850898812,0.1151352179,0.05254099125
fsi_9da5ee46eb66,0.2685561417,0.1535733221,0.2117544614
fsi_8c2039ddfaf8,0.8597697375,0.6747534779,0.6939732089
fsi_54c3d493362f,0.934843256,0.3518560509,0.4069510878
fsi_0bb3d68358f3,0.07068470975,0.05287304951,0.08951638991
fsi_b0c00e0b6a52,0.08512962513,0.1515044805,0.04298510134
fsi_ff793494555b,0.763735896,0.3159123017,0.3694899746
fsi_c57f72d40435,0.08075132425,0.08272146773,0.1002526097
fsi_679b1b3bfdb9,0.9064238176,0.421552679,0.4954081755
fsi_2eab58538bfc,0.4024048798,0.5173530457,0.6438792654
fsi_4847c26c81e1,0.4038762281,0.3527319414,0.4256021188
fsi_726ed5564e4e,0.5623543107,0.361595404,0.4694009874
fsi_370f94a25021,0.1373168013,0.1974390427,0.2133705144
fsi_d2b896745dda,0.6424236788,0.490265465,0.5473044603
fsi_01c175a3f81e,0.1510249132,0.07864041687,0.12647164
fsi_51981ea250c4,0.6181549882,0.4757828496,0.534369422
fsi_d1c1b4a6a009,0.5620218445,0.208739484,0.1663312437
fsi_e54520e40ad1,0.7090142716,0.1055224435,0.1360317958
fsi_2e9908037ccc,0.6717576698,0.3134183489,0.3908045559
fsi_02e6818e35f9,0.9721603771,0.4489021452,0.5215128674
fsi_8cd2eb04bb4e,0.05917149477,0.06172512711,0.1204110603
fsi_ed645abba1a4,0.738991639,0.6023678992,0.6360223095
fsi_6af918452e1f,0.4343385208,0.1757104572,0.1456898091
fsi_813d0d74ba3e,0.8764953224,0.3095906813,0.3646881132
fsi_50a7cc12d963,0.4695072872,0.3434167684,0.4037546041
fsi_b9c5b3f8bf8c,0.9899444857,0.8390076346,0.7641861332
fsi_578d1389a742,0.5560546849,0.3529406408,0.4645159195
fsi_35936bae5339,0.5465518642,0.3142183773,0.4399799873
fsi_37ccbd788a9f,0.03329929714,0.06833086715,0.1308423594
fsi_52ffc13dc5d1,0.08557638579,0.1154119061,0.08193268764
fsi_1b44ebc13224,0.3891898532,0.3078695718,0.4193913924
fsi_769081d8d35a,0.1314456376,0.07800729228,0.1304407605
fsi_28e73b05cafd,0.1957210449,0.2733650941,0.3247389174
fsi_1027396087ea,0.7658686518,0.07324848394,0.0783875752
fsi_97ce764e5b79,0.1376818765,0.2072203323,0.2581837348
fsi_2d55bf250bef,0.715685039,0.1141800664,0.132852195
fsi_14e1d690df24,0.05893851051,0.0618184029,0.1190461038
fsi_983f719ebe0a,0.03865513153,0.03669878421,0.08347138281
fsi_d314cfc224b3,0.8037558062,0.6545081177,0.7107428734
fsi_36191c2bfe80,0.5642678492,0.4102399147,0.4626736147
fsi_8db394b76391,0.02142446265,0.02134518768,0.0536482771
fsi_7f863369c002,0.6328833168,0.4851220307,0.5493146311
fsi_d14fc7557fa9,0.5900879051,0.3108309001,0.2915603876
fsi_401731c79bd7,0.3268381628,0.2342901695,0.1039064867
fsi_b02bcefa0d3f,0.05531256388,0.05805956455,0.1096248823
fsi_9ea0640f1cc2,0.7340477536,0.2823576399,0.3399562861
fsi_9dcf26ce2e42,0.4002509457,0.2635093395,0.3138858651
fsi_44d32bf183b3,0.05072567665,0.05210528667,0.1029344037
fsi_44e2e41ad0b6,0.5866800133,0.3954307953,0.4994110737
fsi_6f64af68a199,0.4404011069,0.173239106,0.1460126348
fsi_5f49d13b0799,0.9604940787,0.3432278058,0.3999526117
fsi_f83376703dc2,0.9174534349,0.3300526104,0.3002251535
fsi_217c05a6c72f,0.2029186725,0.2356475867,0.3851153001
fsi_5087f91a7bd3,0.8611840804,0.4494603384,0.3694807603
fsi_0031ceacf7b3,0.7396211452,0.257159357,0.3133647478
fsi_4fe2222b7779,0.09259125592,0.06691126292,0.1230858546
fsi_57cdee2ee05a,0.9086922224,0.7990650667,0.7252468876
fsi_6548332d9c1c,0.4766784255,0.2045820395,0.1609910575
fsi_d6a28ce0605b,0.05484600043,0.05432136846,0.1136036282
fsi_c6a90c57c3ad,0.2489292434,0.2770592212,0.246509165
fsi_0c9a5aff0977,0.5155360358,0.7373063616,0.758634082
fsi_7229e74a9363,0.8867853316,0.7873692063,0.7477651724
fsi_393a96f1c6b6,0.7581704761,0.5543191431,0.462372206
fsi_d15b6a0f294b,0.1988341659,0.2321804417,0.3776940586
fsi_a82c73471db0,0.1488563956,0.09529632956,0.1509101553
fsi_090eb93f6973,0.9431690945,0.3184874082,0.2763608945
fsi_e50dca210dc7,0.7150048545,0.5450957765,0.5887331781
fsi_c895172705ff,0.7358064131,0.3371805259,0.4139630301
fsi_989223011f0d,0.1692616694,0.1012398145,0.1623788272
fsi_09d61243bd6c,0.6632408192,0.298369604,0.360947847
fsi_c42f115c7c0e,0.1866053175,0.2176431748,0.356036953
fsi_f52c9c777520,0.6099242613,0.4742671107,0.5311450741
fsi_4b50521a04fc,0.2701183695,0.2989720074,0.2692953103
fsi_a293423528cd,0.2996566213,0.2099755583,0.259162313
fsi_b7515bcc496a,0.2481756652,0.2731836636,0.2391930756
fsi_46c7e1f03182,0.9482456014,0.2732137338,0.2403320763
fsi_4dd9cd7a7fee,0.7479013718,0.3440899962,0.3993336025
fsi_d09eeee3150c,0.2833769406,0.4085034584,0.3279672049
fsi_78e68795a229,0.757227949,0.1303024609,0.2385106453
fsi_5162485ecc94,0.05921163919,0.06086482873,0.1115928989
fsi_a8b839e988a9,0.2026785988,0.234640018,0.2602468572
fsi_7fb212c7bbb7,0.2891429938,0.4093858,0.3520310349
fsi_19ec4b607a66,0.8688655445,0.6532972543,0.6752342867
fsi_9928edf142a4,0.8563217792,0.2434762961,0.2180679485
fsi_eb87493f7a48,0.5457481011,0.2714761628,0.4168629547
fsi_a3265665a04d,0.8262085479,0.315089603,0.3734609742
fsi_933341cfb699,0.6656051489,0.432011719,0.5373592283
fsi_2c7017677b5e,0.360598101,0.4797496724,0.5998991654
fsi_ce7d5939d69c,0.1866003999,0.2165107257,0.3541600539
fsi_c1cd8cdab369,0.1968850042,0.2860308748,0.3299651581
fsi_1fb65a812fe5,0.05927269425,0.03138840072,0.06058565587
fsi_dbfd4bbb80ad,0.8804160424,0.7063642146,0.7498828126
fsi_497281d0ac9a,0.6019798885,0.277320065,0.2179867013
fsi_39667c00d0cf,0.4155047595,0.3674741024,0.4383739744
fsi_9b6a4266abc8,0.3639847018,0.2465623983,0.2983084378
fsi_6564b3b22cd9,0.3366557722,0.2477522569,0.3327460803
fsi_2c0b3b4e7015,0.6234454758,0.1820602027,0.1973449462
fsi_1afdedcf632f,0.06281074753,0.03258010884,0.06265806457
fsi_c54b27435b54,0.01155088744,0.008120783731,0.01495007052
fsi_5e681e4cd2bf,0.6268202108,0.3072860476,0.3763542529
fsi_fb97748663a6,0.1851380755,0.07113275343,0.0695529065
fsi_feabba75dbce,0.7368502209,0.09481430264,0.1838495066
fsi_a8cbe6c1562d,0.05675576182,0.0308303586,0.06015716562
fsi_be64970ceb43,0.1966990747,0.07656028514,0.07631179931
fsi_f84f64549f64,0.1933138076,0.07571372386,0.07519922588
fsi_68affaa4c3d6,0.8689658079,0.9416128875,0.8545886932
fsi_3828d5eebac7,0.6598712369,0.5104254769,0.593495138
fsi_781ee2db1b17,0.1850752425,0.07414968571,0.07357931365
fsi_429ca91dbaaa,0.4829055205,0.3568942492,0.446472556
fsi_4083f2164453,0.1763923773,0.112609338,0.1801802688
fsi_4ff6c297d531,0.4229180843,0.3638780218,0.4534925941
fsi_e882d5b1e690,0.3029216613,0.4174603455,0.3673945497
fsi_dd97022c044d,0.1952538843,0.07687242231,0.07632337791
fsi_3d9c5678879b,0.5665031009,0.79982961,0.7382790383
fsi_779d977cf4e7,0.3321407777,0.4766015792,0.3741527625
fsi_99d5cdbb3480,0.3392239707,0.3386665242,0.2539057546
fsi_28d1639f4981,0.3134166223,0.1948765086,0.228496357
fsi_63a28985644c,0.06202261713,0.06528977534,0.1251731874
fsi_4e8ae124d8f0,0.4289592816,0.3843859468,0.4532266161
fsi_97a4a5a29cd9,0.6326196582,0.421428909,0.5257580033
fsi_68dfde8bd9cc,0.06615456726,0.03459280244,0.06681032734
fsi_9f8a23f8345d,0.1772668427,0.1155613952,0.1374651529
fsi_f43487aebd2a,0.1132215927,0.1611022666,0.07029130281
fsi_b8a8bd5a7456,0.2030093484,0.1522604667,0.2241772662
fsi_b6a0c99a4950,0.09965391222,0.1392010889,0.05547037379
fsi_47c9beea849c,0.9936126,0.3645252519,0.2586289531
fsi_81d79df1e65e,0.8981998589,0.7655146395,0.681949852
fsi_fe4dda8853aa,0.1852912249,0.2162704685,0.3531076821
fsi_222434a41f3f,0.1051459745,0.1324839346,0.1427976046
fsi_cc2b3c3d96c1,0.3926774105,0.2494843047,0.3835741748
fsi_37d0852e4e88,0.560698152,0.3961341858,0.4508788008
fsi_362a4d041b52,0.7340111371,0.5435265299,0.5844487363
fsi_b006c331df29,0.0773674689,0.04018526813,0.07565420737
fsi_dec53e665823,0.005277247763,0.005474477518,0.01024517287
fsi_bcfb2d6e2ce8,0.6907300941,0.1046253978,0.212296441
fsi_42c6ab8516e5,0.6184218206,0.4824828311,0.5326112896
fsi_4470d10da640,0.2695847526,0.3897724186,0.3612624406
fsi_0bdbab195fdd,0.8231128444,0.2347519961,0.2022309884
fsi_0637110c847e,0.009536954268,0.008636593477,0.01822533069
fsi_d28a649d2e61,0.1817828223,0.2147851491,0.354609104
fsi_29996dbe444f,0.4471468689,0.3601288334,0.4661533099
fsi_f8ef4db6f1d8,0.7392817516,0.5772563692,0.6523645712
fsi_2facf01bac52,0.06138769038,0.06110545611,0.1141341695
fsi_ab2b3afe32c3,0.1440202874,0.05125341356,0.03824744783
fsi_e24a915f16ec,0.1906690035,0.07732853947,0.07798276276
fsi_4ae7bd9cd741,0.1508513498,0.05401192827,0.04113718888
fsi_2106c793b6c4,0.3368624608,0.4333224777,0.5598644324
fsi_e9bbab11a055,0.9765784114,0.3413335073,0.2292371172
fsi_d9f961bbf03a,0.7023074029,0.405147467,0.5750591331
fsi_c2ac47dba0db,0.3950489438,0.2971774029,0.4060596881
fsi_7ce286da308c,0.06990557247,0.06210354996,0.1294579615
fsi_b7f7fd7a2df4,0.6853123204,0.3798264386,0.5523236862
fsi_4a86610ff7c2,0.9245916106,0.273199315,0.2375497966
fsi_2e74fda23928,0.17531081,0.07517944688,0.0753344333
fsi_97220d48cd88,0.5296633977,0.7648064169,0.7463804695
fsi_f246585dfa0b,0.223468081,0.3306232948,0.3269319565
fsi_d4d1b59b651a,0.1663645046,0.1466308642,0.2695775162
fsi_a8f497c75816,0.4138794453,0.3252794073,0.4403553478
fsi_a8aa6f2e977f,0.9686751732,0.317211258,0.2202822606
fsi_cc27fd58419a,0.8404413572,0.3373919706,0.4129938256
fsi_6e95f3529b0c,0.8968211714,0.8010349376,0.6923110237
fsi_a29f36359a03,0.725167484,0.302166876,0.332627627
fsi_417c02eae78b,0.9201147404,0.6689528754,0.8411707601
fsi_f1f1fa5c8821,0.4060160283,0.5280276274,0.6400274385
fsi_9afc601d2860,0.7451726132,0.1235706164,0.2215651666
fsi_30ed3616c8ce,0.09429412497,0.05060833446,0.09223403427
fsi_ff656d5911e2,0.9421333375,0.2884119839,0.2014853972
fsi_5abcd1f24d9a,0.04472972303,0.04516849803,0.08798977276
fsi_cefb7061c173,0.07157662681,0.1026212401,0.1989347292
fsi_bed5e415678a,0.3110197731,0.442928696,0.3645561039
fsi_9e4c8b68087b,0.07478186919,0.1072893973,0.2081193231
fsi_dbc37326e2ee,0.4984664784,0.3410440348,0.4559511841
fsi_48865c6e668e,0.5782836017,0.3924102722,0.5076640545
fsi_62b121e6ba04,0.9316264895,0.9393207687,0.833424438
fsi_e8ea8346788a,0.03257731023,0.08519519155,0.1225906189
fsi_f1a95d1c52be,0.06429365095,0.09215317041,0.1877515363
fsi_a19cb7564b75,0.7298527565,0.5579602187,0.5843035769
fsi_9b61fa5494be,0.2130213414,0.3606398241,0.1629446016
fsi_083449e80e66,0.04454104883,0.04393622651,0.0807897421
fsi_870700271457,0.06487406055,0.09249098257,0.1795375552
fsi_c197aaf6443d,0.1761167837,0.06775633352,0.05149076776
fsi_3a38bc82fbd2,0.9558097132,0.9608304899,0.7953210048
fsi_c59f1ff93faf,0.6444061904,0.3822462127,0.5272704346
fsi_5e674245e47d,0.4015741717,0.3060380245,0.4199744558
fsi_0ba0bed8b27b,0.06231447082,0.06517017045,0.1209617362
fsi_06fdd08398eb,0.06170883921,0.08799280901,0.1734538471
fsi_66848c2b8fc9,0.9772974274,0.9477047585,0.8020422714
fsi_fa5535fe53b3,0.2061335415,0.3098622445,0.3323370785
fsi_883bffaba9d2,0.5543066189,0.4184054394,0.5050432663
fsi_8cef56e12e48,0.3638360079,0.2449555278,0.2886002533
fsi_40a02e61731d,0.8811112564,0.9633012365,0.7538870659
fsi_8f3a2ccd7ddb,0.05684385694,0.02672407651,0.01063333185
fsi_305875c21268,0.06868037373,0.07524140597,0.1315329976
fsi_524fe2c210a3,0.1832891829,0.2086869559,0.3472238958
fsi_9f7b5fcf70b5,0.4398419922,0.5565474267,0.6473950481
fsi_c183126a841f,0.5444725435,0.1654496261,0.1536643717
fsi_02deca8695a7,0.01747840819,0.01108893476,0.02262039385
fsi_e6f81e9c1774,0.5778820379,0.3534222087,0.489619785
fsi_bbebbc8350fc,0.1172947173,0.06247402331,0.1120075351
fsi_e7d840d594c5,0.4218760443,0.3149132596,0.4261268466
fsi_ebb584bfce81,0.2037702483,0.2236224502,0.1885596357
fsi_7a899ef9ce38,0.5006929581,0.2171763306,0.1526365471
fsi_5aeecec8bc61,0.2147949335,0.08646575749,0.08905442615
fsi_98c8f10268bc,0.06580118877,0.03443432066,0.04187877731
fsi_f519a1bd9fbb,0.01785223228,0.01052349902,0.02145671025
fsi_4e4c923aaaa5,0.9674420513,0.9345319144,0.8271808182
fsi_bfbb853460ac,0.09758900669,0.05633437879,0.100415045
fsi_02189e2c770e,0.2709013019,0.2223288775,0.2690052838
fsi_7c276141a59c,0.166832987,0.1850962314,0.1694487454
fsi_a0f1b60c9f0e,0.08574655296,0.02399591638,0.05818658441
fsi_f49877de53d6,0.0636908341,0.09076775672,0.1724940246
fsi_4e91e5bbee88,0.05425879662,0.02490779832,0.009469634883
fsi_eb221493d32e,0.2806866958,0.3118508148,0.260474776
fsi_a414404dbf48,0.0682010579,0.03462595079,0.01342986128
fsi_3c76136852b1,0.7040159281,0.3658397611,0.4014753714
fsi_f72bb9f90fa9,0.3596074871,0.5510049794,0.3271062772
fsi_f5e318705216,0.5084062169,0.3893330544,0.4553289215
fsi_dce8711ce1d0,0.0284943897,0.008446634141,0.01854459215
fsi_9e34d054550d,0.02913434458,0.00986377566,0.0214121954
fsi_95f123a4990a,0.08829577309,0.0244774621,0.05919057486
fsi_2515ace82ea0,0.06861033327,0.03904125578,0.04872285803
fsi_4ecbb4077a5c,0.6685890029,0.2886461836,0.3532054147
fsi_c42ede71314d,0.9684157676,0.857697594,0.7072618912
fsi_442cd37373d4,0.06195287852,0.06723609481,0.1234592361
fsi_85a150ccae73,0.9727236742,0.3740540426,0.4194893908
fsi_ce45f8592525,0.2935788191,0.1948224767,0.2877387086
fsi_66de1f1ccb04,0.08759784673,0.02240687175,0.05517464626
fsi_a1716907a0b8,0.7195206516,0.3572963224,0.5562857287
fsi_dbe2522e9534,0.8180646611,0.1568192415,0.2482958171
fsi_04d72cd7c9c4,0.01945885315,0.01235048774,0.02615746365
fsi_be3a4f5168c5,0.2471722066,0.3627092652,0.2388834393
fsi_22ede13f9515,0.449887251,0.2874863533,0.318305686
fsi_9f1c72128f6f,0.08948143719,0.08843723814,0.1315192985
fsi_9800724c6546,0.06776789372,0.09989865092,0.1934027697
fsi_996691f6c93b,0.515901294,0.4352745462,0.5433432414
fsi_783318b979ff,0.06861857724,0.03015779158,0.06325091868
fsi_e547e5ecea52,0.2142342401,0.2551612537,0.2023523153
fsi_074330fb8e00,0.9079143018,0.2739092321,0.1818293399
fsi_cc1bd4ec4d63,0.01906787899,0.0130889071,0.03447127705
fsi_68a13e2eef30,0.2456887441,0.3673864131,0.218341697
fsi_c41a2ff54250,0.1995025817,0.2292806538,0.1654536531
fsi_68c680881f3e,0.07083015865,0.02774904655,0.05933722583
fsi_26cabe387005,0.1031550288,0.1480048726,0.0930650437
fsi_150724bab798,0.01900865552,0.01321140277,0.03438186889
fsi_c171d4d35774,0.01816097054,0.01269099627,0.0336619138
fsi_042cb3ebd5c3,0.1387061519,0.1939077861,0.07608968423
fsi_8383ce3601e2,0.07294133308,0.03196353276,0.06701602593
fsi_40ca7557c2fa,0.4140559278,0.3001698367,0.4234707968
fsi_5c7ea38baa43,0.4719934873,0.4097417295,0.5067772909
fsi_d75618722e6e,0.07258159779,0.04238526579,0.05185910676
fsi_b70cd4435dbe,0.9740914599,0.8086867022,0.6973852099
fsi_d5c67542b878,0.3532064255,0.3950802183,0.5172092262
fsi_cc0971d438dd,0.2570066664,0.3647984061,0.2538224685
fsi_25736ed08e9c,0.2004668015,0.0564806087,0.05159208949
fsi_64bad0b4e4cb,0.7863614557,0.4866975229,0.650209276
fsi_ae1319c576c8,0.7625602897,0.2324564571,0.288773722
fsi_0ee3c69a380c,0.612759429,0.4539524628,0.2605170654
fsi_f6928b1acf93,0.313478135,0.2090157111,0.317766327
fsi_debf88ab7c04,0.9038611023,0.6136461273,0.6047652888
fsi_c8b9e70b11e8,0.4719763186,0.4301061852,0.5296415258
fsi_13c8a97eb51c,0.07838904314,0.09700327748,0.08116728566
fsi_8bc3ef2458ea,0.07987900399,0.05295285261,0.05330932613
fsi_ee62e50ea33c,0.0603076756,0.07784787011,0.07084141245
fsi_cd2899309b98,0.3347658004,0.3573120111,0.3212512898
fsi_636729ca02f3,0.1362238193,0.164695863,0.2373462657
fsi_d7d43839e4b2,0.03210923813,0.01085065954,0.02407754129
fsi_216b5a148dbb,0.9644210989,0.3127089593,0.20403686
fsi_205a31558f22,0.0587699027,0.07225325541,0.1102191761
fsi_3f242da6acfd,0.1038525423,0.08724632968,0.1643200568
fsi_707801327104,0.8216772977,0.7447156887,0.6724348925
fsi_89299e778557,0.005940533229,0.000831172246,0.002138784657
fsi_454a7e1e8cd4,0.4665671721,0.4180313617,0.5191641197
fsi_f870cf1ea5b2,0.2216064437,0.3292753233,0.243881203
fsi_33700e979c56,0.115007716,0.1717221193,0.09683271111
fsi_13b26af4e774,0.003801723989,0.001375824191,0.003255631002
fsi_7aee8d3f6e78,0.02399433699,0.006364277862,0.01452558093
fsi_3fd835dc8443,0.1734799211,0.06759309837,0.0460088399
fsi_cc9309c25a1e,0.2048015124,0.1643654418,0.227357509
fsi_8bfbb8c2896e,0.5407504925,0.4053040054,0.555477468
fsi_4168104c77bd,0.02018755282,0.01373350511,0.0364601782
fsi_7c212457726b,0.06822384707,0.08632261355,0.1482289692
fsi_15d96d30b43f,0.01973222465,0.01288311537,0.02677815075
fsi_227c8a2e11fc,0.02275350351,0.01354301909,0.03631151038
fsi_5f8793d9fba3,0.146785347,0.04174586019,0.05174903525
fsi_6c575a964010,0.2504332792,0.3067267896,0.1942599834
fsi_7d2b35b60877,0.3325121871,0.3817495162,0.2203408907
fsi_cba57798a8ca,0.7041951336,0.4523929275,0.5993294328
fsi_98101632df6f,0.5461207132,0.4286756145,0.5763956937
fsi_77a593a0936b,0.8492311936,0.4546299499,0.6736155352
fsi_e9ab0f0f1675,0.7322189916,0.3853564227,0.5432973096
fsi_3048e61cc26e,0.125460255,0.1877099942,0.1065370842
fsi_bef5dc2ea278,0.2619099879,0.170130883,0.2711505959
fsi_539013ca338c,0.01467335448,0.008154931342,0.01754147219
fsi_4eb698124570,0.8889211276,0.7711235474,0.6561833045
fsi_42baaea5fc96,0.08418706519,0.1137151261,0.08968225905
fsi_0f2405bf54cd,0.05079230924,0.06701276912,0.1171489514
fsi_65005fccbda3,0.3388007459,0.3100940409,0.3556755439
fsi_47c33b46589f,0.1529040183,0.0408939611,0.05011610376
fsi_45e9a65266c9,0.6287580066,0.2132862033,0.2000963805
fsi_b4e3c50844e3,0.03824778133,0.02298567802,0.03114460576
fsi_44472f78cc21,0.1382500291,0.08762157405,0.1137111689
fsi_84eaf4c66dde,0.09414998685,0.0282178848,0.06581989602
fsi_0d2e575d426a,0.03498155235,0.01233957477,0.02656357093
fsi_30f8362db35e,0.1835848535,0.1110066577,0.1828119188
fsi_dcdc305da2d0,0.1347944462,0.1740658157,0.1770660428
fsi_261ac2dbb10a,0.06673502905,0.03374861368,0.07699110301
fsi_44a3ffa55a1d,0.03003346654,0.009614414561,0.01809752933
fsi_95db1269cac8,0.005737009762,0.003279998671,0.01003648524
fsi_6c4c8c83dec1,0.3008501356,0.1051228851,0.1250616092
fsi_2d60837d9211,0.005880978548,0.00315052514,0.009667859203
fsi_d1876aa77cac,0.0690913556,0.04305811752,0.0504733196
fsi_134d5469b186,0.8399942617,0.1607589285,0.2637063894
fsi_228dbecd937e,0.00580205352,0.003224382424,0.009741634588
fsi_bb9d659d6681,0.5344516254,0.4114094507,0.5600960467
fsi_39a86731a108,0.1001110061,0.02958986754,0.06896793084
fsi_cde6719eaf02,0.1264182886,0.07893743564,0.1024340123
fsi_90ebad13d4d7,0.5138059196,0.3671180366,0.4026655515
fsi_e5b750191760,0.04826175145,0.06191255895,0.1040785511
fsi_48f3702b430f,0.1334963674,0.08494165102,0.1111837103
fsi_7d526db349b8,0.5810977307,0.8107273974,0.5634503514
fsi_6498a7826cf1,0.03678888148,0.009671669803,0.01366448477
fsi_e87935438ac9,0.07875753915,0.1085203904,0.1744495601
fsi_edb3cedce4be,0.07081914521,0.091444483,0.06509874842
fsi_4bb39f1002b4,0.06476629429,0.03328081642,0.07532048029
fsi_27d75ab83ef3,0.1339443826,0.08637948164,0.11197265
fsi_3a2544c657d2,0.2549471624,0.3736824461,0.2360067751
fsi_a7ab35b35a9e,0.005595710157,0.004983875644,0.01191673247
fsi_f2b2311bf57e,0.1184434415,0.1522929653,0.1913238028
fsi_f37bb46cf305,0.03263040736,0.00991777155,0.0219381348
fsi_77860991ad05,0.2924221678,0.1032390912,0.1231571891
fsi_5f462d8087ca,0.02139050765,0.01420057767,0.03853773115
fsi_714f07dcefec,0.1152819984,0.1684002381,0.09109450743
fsi_9c076887cb50,0.6467432111,0.5414010746,0.5687099704
fsi_c02ed07f1256,0.09708745397,0.02608618757,0.06215758365
fsi_209f65988c0f,0.08103761444,0.01714481527,0.0443868134
fsi_04bce57281c3,0.3026650176,0.1084848568,0.1297346797
fsi_ce515fcfe0f7,0.08713329574,0.109877316,0.146336201
fsi_49ea38e19f90,0.07653084182,0.0315672342,0.01353253551
fsi_0692495fac08,0.4734154319,0.3787636014,0.4066325716
fsi_2a00ee8ad878,0.0841661544,0.03776415882,0.07811296467
fsi_fc815619593c,0.06791217759,0.09054361074,0.1550562935
fsi_07257324551a,0.2742635415,0.0980538978,0.1185368329
fsi_423021729dde,0.2978338304,0.4412466556,0.2543961611
fsi_d50fa11dc664,0.1694044017,0.2055754958,0.2364606434
fsi_41c96ba5f928,0.06469558283,0.02276086776,0.05054890139
fsi_e73fc4c4ccc6,0.8042511622,0.5462328306,0.3638371946
fsi_0f91bf50c841,0.307913791,0.1110643275,0.1327730857
fsi_9c3330dad98e,0.09967696069,0.02878723111,0.06895503281
fsi_5b828da52b71,0.7519108877,0.5381210175,0.5269814295
fsi_cbfbedc0df73,0.07551785397,0.1127973914,0.08317895716
fsi_2497e47fada8,0.2259141585,0.2794830029,0.1997507941
fsi_e6d9ad5b3802,0.8943078811,0.2146967126,0.1717422477
fsi_69432410cc1c,0.02149583116,0.01388563501,0.03649800299
fsi_bef4c7861127,0.1259324557,0.03225503681,0.08055199517
fsi_b7cf66e27f1d,0.06536366529,0.03470947025,0.01106809459
fsi_242b9152ce96,0.2595818574,0.1037044842,0.1285040106
fsi_2f16aa3c0c7a,0.7379592431,0.4039618908,0.5470342072
fsi_b4e751c9856c,0.8340152889,0.7039967484,0.5739158877
fsi_519e9690c352,0.1347070656,0.08738050517,0.1146281935
fsi_a269640fff4f,0.4361312482,0.2828037794,0.4167186884
fsi_b7873abd88d2,0.1223142489,0.03164030047,0.07920328596
fsi_5456e903584d,0.04851789479,0.03715835861,0.0736193178
fsi_18804dbb61e5,0.8312042824,0.4963782948,0.2862425119
fsi_9e4c38037866,0.3883014496,0.1647278085,0.1900565989
fsi_d00250749980,0.2309613253,0.2777206968,0.3219532088
fsi_41fdb714bd73,0.006096247617,0.003360605828,0.01012405078
fsi_3a57236ca648,0.1851238167,0.2120966232,0.3211684443
fsi_78d7e7de9e42,0.8596169797,0.5495892126,0.3362493903
fsi_0e4022c62d4c,0.05186007538,0.03955851822,0.07945355722
fsi_cad0b268a5cb,0.009673861229,0.004279914177,0.01298324221
fsi_ec9b4c79cd44,0.3886577389,0.1757943247,0.2020500865
fsi_7931bbf40a00,0.3674673547,0.1591692428,0.1866334518
fsi_4f0d6b0a002c,0.08658039106,0.03443023143,0.07420954148
fsi_8b0a9be5de8d,0.09978694434,0.138948857,0.08599277063
fsi_a6747d1dbb5b,0.2988074362,0.1125563478,0.1361998672
fsi_0a62dc1172a7,0.01820525216,0.01081755745,0.02268236078
fsi_2db5c475a18e,0.2905429313,0.1066096946,0.1284346504
fsi_0f98ba4e2247,0.04718003965,0.01068835408,0.01477961726
fsi_64e446999ede,0.3687783233,0.1590572346,0.1853806559
fsi_bf67cd953aff,0.3902476718,0.4152216873,0.3408605448
fsi_45f657b2ecaf,0.376986995,0.1650657374,0.1925526992
fsi_9981b9f1d35b,0.5637552746,0.4552855776,0.4883849621
fsi_e842c16703ca,0.2898924006,0.3769744391,0.3178493682
fsi_5a2e5a888e5a,0.06874086654,0.03399239119,0.07686869203
fsi_7264d94cc884,0.6962609885,0.5337648396,0.6316629357
fsi_e68f3d92e901,0.3671733162,0.1707543438,0.1988275444
fsi_7690d9c49360,0.3770013975,0.1756816471,0.2037885772
fsi_1de5530a80ce,0.3805501183,0.1678943075,0.1959688004
fsi_aead93f63cc6,0.3671516606,0.1692787618,0.1958263204
fsi_bee6984fd185,0.7601871568,0.4499480341,0.2599339183
fsi_0af28a5d316d,0.5600362554,0.3381975542,0.3909998191
fsi_115f4d30eaa9,0.1406944184,0.0922208163,0.1200866579
fsi_3774b1423d44,0.3804413605,0.178304866,0.206934479
fsi_af315a0bcc11,0.3767202004,0.2986459628,0.360448677
fsi_650c1b867242,0.09602768104,0.06022640382,0.06617856769
fsi_a0998322ff11,0.1076777955,0.02680900947,0.06677750209
fsi_506e4bc515ba,0.3552900172,0.3021902003,0.3651496984
fsi_5b5275b28c66,0.1352305187,0.03310677274,0.08332055116
fsi_d226a5fcb7e7,0.07604062692,0.102507523,0.170464969
fsi_c1b613731fa2,0.1031691918,0.04244030919,0.09130962945
fsi_a35712c06584,0.06990135296,0.09721546791,0.1642861996
fsi_0e2bf34d5815,0.007011702121,0.003787883866,0.01191228884
fsi_f092d03bda22,0.1786186057,0.05385826008,0.06232322426
fsi_bb617c5f2fd6,0.2949181503,0.3853470017,0.3262572417
fsi_0af372cb07bf,0.7624871068,0.2933186906,0.4560667119
fsi_6c53b1fbe51b,0.4898146217,0.414313232,0.5195458813
fsi_abf8dd5043f3,0.05227565737,0.03757945375,0.07468320073
fsi_50d0aaecca64,0.4260068542,0.1873929817,0.2163828503
fsi_bc4643a3759f,0.109189462,0.04462623354,0.0960729208
fsi_f4463bbd9125,0.3642781975,0.1681182075,0.20441266
fsi_d1166270559b,0.1229002056,0.1878006433,0.06013878324
fsi_3702b8cdc867,0.3785777448,0.1654864191,0.1934253041
fsi_5ca0d8e48542,0.09088416803,0.1290050794,0.09107794475
fsi_7889b6a62dbc,0.1782974486,0.2342106496,0.2573095871
fsi_d238884b14b3,0.3654462029,0.1870296295,0.2251209108
fsi_9bfefa2139ee,0.3372956683,0.07627235853,0.09539838866
fsi_4b4510d30826,0.007843129464,0.00404228235,0.01215209018
fsi_3444b8be0d03,0.04207023412,0.01120757355,0.01628080308
fsi_c60f57d75ffb,0.4237217823,0.2035077361,0.2353628269
fsi_01a5aecd75dc,0.7997343819,0.3307178249,0.516273615
fsi_ecb379e04ce3,0.2471806214,0.0745737825,0.06286703988
fsi_04db0d8464bd,0.1692796457,0.04437189992,0.05206733579
fsi_fde7d2e322e1,0.3754434184,0.1767569416,0.2059318284
fsi_ebe48e2f9204,0.5234752333,0.3811351585,0.5230792059
fsi_3c28f7612ede,0.4145961562,0.3177999676,0.3796583325
fsi_3ceba1836b44,0.2327032093,0.3406370912,0.2173691487
fsi_6c5b12a5fcd5,0.5708829324,0.4063959346,0.5714737155
fsi_359eb96c7857,0.7025735247,0.32167734,0.2155896422
fsi_61f4e52bd8ad,0.1156385993,0.0438441277,0.09535775409
fsi_49703866d46c,0.1373089041,0.09144383168,0.1212989587
fsi_647daa8a604f,0.1152725042,0.03493865612,0.08069565042
fsi_e97b992a1d6f,0.09459372442,0.0210595176,0.05300024744
fsi_065fd1712b2a,0.7484794952,0.1427851042,0.1706336966
fsi_f1c2b271fc40,0.0756763484,0.04043719281,0.08929896775
fsi_494bf242638e,0.8026541641,0.4360318304,0.5503206366
fsi_25fb6a3613c9,0.1683174333,0.1097124681,0.1407082956
fsi_981105ca89ff,0.1268102114,0.1812092725,0.2575330399
fsi_ae80f243114a,0.3163460798,0.2704141972,0.351129884
fsi_9c951eec2fcf,0.003701755721,0.007440665412,0.006107318327
fsi_ab8c31f1430e,0.7443742166,0.4327050143,0.421420741
fsi_ee79e28ae070,0.184143427,0.06273151915,0.06032465893
fsi_ed34b4755da1,0.8228997337,0.4660617348,0.580880323
fsi_e9ef56c380ab,0.3267178376,0.4298000247,0.367987465
fsi_7b40fcf626d9,0.00781459556,0.02180770663,0.01797440481
fsi_bf656de9cbde,0.07079562305,0.03856260538,0.08425036139
fsi_11eae49f51a5,0.01795274975,0.003821500728,0.009602474087
fsi_2e1590ced601,0.1234360389,0.06500128877,0.08392787221
fsi_5bd817cda430,0.6873598256,0.8024901217,0.9142359243
fsi_4f55dc9a08c7,0.003269178345,0.003999387652,0.003237814685
fsi_e684b4f936e0,0.007811558007,0.01587292373,0.01384092467
fsi_77a5c85977de,0.1711424772,0.2268728438,0.3030609598
fsi_39c6c092feef,0.141924457,0.03906941777,0.09415205721
fsi_a5f74786b363,0.3496343313,0.08982077341,0.1056152548
fsi_082ed95a9480,0.009261537535,0.009247658689,0.02542354384
fsi_7bbfe9f76e7a,0.009878985404,0.009793555344,0.0270193973
fsi_5b63c2772a90,0.8841711382,0.7690013124,0.6118155576
fsi_e0a6204868f8,0.2064330542,0.2800988497,0.251027566
fsi_1b0c55600c4c,0.05093376271,0.01672402979,0.03806426301
fsi_272179be3419,0.02213252301,0.003296767656,0.009046341206
fsi_9181929ed325,0.1341163759,0.03752440084,0.09044609243
fsi_ad5d056d903d,0.009590134311,0.009621238991,0.02623407794
fsi_249f67ef3fb5,0.05680564625,0.04408173228,0.08740235764
fsi_4850bc3aee42,0.3383570655,0.08472746427,0.09879375772
fsi_2ea7cf9a681a,0.3496592499,0.08754548298,0.1027411135
fsi_ebed969a7bc9,0.05523512276,0.01660194016,0.03812087115
fsi_1fb3ab4ef1ee,0.3554000215,0.08791577213,0.1029256656
fsi_20e6fcb2b795,0.126105394,0.03265869161,0.079142434
fsi_af248d327b3b,0.3175678617,0.08516443097,0.1006191239
fsi_cd5bffec7890,0.132318723,0.1959342193,0.09489005603
fsi_2b644e5c52ef,0.02160645815,0.01301952769,0.03622359403
fsi_dccfb8c386c5,0.9085022092,0.6763462143,0.6976844776
fsi_dced341cb7d2,0.389695304,0.3080652157,0.3725440282
fsi_f1534a662e66,0.0716745936,0.03738000361,0.08403989228
fsi_a30dd6bafa6e,0.05219225348,0.01613058899,0.01894708357
fsi_e80745a8b586,0.09768877522,0.0408695616,0.01595974532
fsi_916a37f07539,0.1566023313,0.2135600317,0.2659012719
fsi_091e14ddd50c,0.01066861797,0.009349329057,0.02639559571
fsi_a5ee99128bc0,0.004840187045,0.0007498047105,0.001980999101
fsi_a5eef2807e22,0.07594337235,0.03915269212,0.08559683977
fsi_a2b99dc352b0,0.4017707473,0.6006035845,0.5990922394
fsi_c4434d51a268,0.0640906799,0.09822475114,0.1337288849
fsi_09c68006d57e,0.5278935999,0.4084531255,0.5360352534
fsi_394cc0325702,0.7422372029,0.4390500303,0.2390602999
fsi_92af08ac0de7,0.04713436919,0.03216690194,0.06602610883
fsi_6ee63050e30d,0.3554970805,0.4240125765,0.3362776373
fsi_1af4c31e5ecc,0.2593537418,0.0801291081,0.09375436371
fsi_5de6242b0336,0.2097267863,0.05116867278,0.03178294655
fsi_8ebeffa3a9e1,0.1793649497,0.2477827685,0.3238630127
fsi_d62476c3a92c,0.2657745357,0.3485530729,0.257914549
fsi_c349d064a757,0.01015311184,0.009738739956,0.02717847333
fsi_5a745d1fe2f4,0.06304590573,0.02699190275,0.0632599039
fsi_ef443a8f94bc,0.005001172314,0.00934839877,0.007438549544
fsi_5bb928c16c05,0.1841400354,0.09548699438,0.05136998134
fsi_cb2de2d28ed9,0.05570943822,0.01810338243,0.04202042632
fsi_51dbad856979,0.9575104004,0.8199120011,0.6309749487
fsi_e56ed861abff,0.4508258619,0.1479133133,0.1720887997
fsi_426e709850bb,0.002181262502,0.002336065289,0.001940608297
fsi_f4955beb6121,0.1493670896,0.03879171093,0.09453738815
fsi_bf1279391acd,0.8687381879,0.5140651345,0.2646520199
fsi_12e9caa960c4,0.005719797672,0.01085550749,0.009491291034
fsi_80f425632063,0.002294011154,0.002465597398,0.00180254876
fsi_99ec480ad1a8,0.3318945132,0.09043085812,0.1065478899
fsi_e13b55022b28,0.4253894454,0.1452285667,0.1697483739
fsi_866516245f14,0.2762069946,0.1158665965,0.1549307971
fsi_475a79fc4c18,0.4266134255,0.1385503083,0.1607910649
fsi_680440cfbe6c,0.4353796393,0.1418420375,0.1652262707
fsi_9c482187efd2,0.2646804149,0.3234371719,0.256322605
fsi_beda1d4254a9,0.2078123004,0.1157967553,0.05815578507
fsi_e5471533c2de,0.1454914517,0.04351015364,0.1041397516
fsi_7b98aa58ef54,0.3269784999,0.08861791201,0.1066820605
fsi_e24497950ca7,0.2201795357,0.05457770812,0.03522771712
fsi_913f1d383402,0.01729815366,0.008743741467,0.02688095123
fsi_d059a341a523,0.439172361,0.1420179258,0.1652193069
fsi_2ed6c56bb058,0.1285529786,0.05941817496,0.1225119621
fsi_7637c0e32057,0.361445817,0.5503625928,0.6241090606
fsi_e42f12493bd2,0.05874491532,0.0427925844,0.08603430704
fsi_1ea81085bb1f,0.005449126155,0.01095102704,0.009229319485
fsi_50ba3b573d51,0.2621418143,0.1074260642,0.1438284663
fsi_15f857463c79,0.6154059554,0.3845009856,0.5686630097
fsi_2ae09a5dc175,0.005919982743,0.006111531498,0.006061497861
fsi_5166f9bb170a,0.2731348597,0.1121741099,0.1502633372
fsi_ce2867a3d43f,0.158008221,0.2351078944,0.1225277026
fsi_bdc13eecc999,0.009671934052,0.008983219524,0.02549827474
fsi_9aff06d2e607,0.359618697,0.1466593604,0.1357003988
fsi_129dd5717391,0.002665973541,0.003239638428,0.002471709784
fsi_627fa339a2f8,0.1122546963,0.02488241846,0.06536300214
fsi_9536044a76bf,0.61659871,0.510235778,0.2670820341
fsi_89d729fbbff8,0.4548298,0.1586941132,0.1777604245
fsi_71ad002a95f6,0.2779767962,0.1148396431,0.15378314
fsi_4533b6b4ce67,0.2547558692,0.1109205499,0.149529195
fsi_bd8014cac216,0.009884078767,0.008837007604,0.02451722046
fsi_6ee078f46af9,0.05236814878,0.01494902373,0.02099393928
fsi_625873119b03,0.1923145103,0.2655683388,0.2681767754
fsi_403a7020a180,0.2705441178,0.3649786498,0.2451968681
fsi_53888b2a8fdd,0.3675679063,0.1871781464,0.2370023675
fsi_9b667bb176d9,0.4388879751,0.1517420175,0.1698992959
fsi_bafc790c9f20,0.4281381799,0.1484647733,0.1652770489
fsi_ba9acdedf5e6,0.4284095317,0.156931357,0.1763913228
fsi_d151eaadd499,0.09423260956,0.03420013655,0.07698562751
fsi_e3cdfb5dd3a4,0.3436080901,0.4050530001,0.2694078512
fsi_385a21a14c02,0.4000802114,0.175650178,0.1545221705
fsi_ec55fcc1eee4,0.2854414835,0.3916800576,0.4422371626
fsi_c01ecdd1bce4,0.1220667251,0.05588614536,0.1200899184
fsi_a621df37517e,0.3331856922,0.4471099395,0.3347824871
fsi_96aeb5d72d6e,0.1889570346,0.09581279679,0.05216735501
fsi_fce97ac7543b,0.4326544317,0.1473574066,0.1726191277
fsi_31bc155647cf,0.241146755,0.2949394643,0.2642720797
fsi_c01583a5178f,0.4425453217,0.1514430638,0.1692690389
fsi_629e26a37a35,0.3695576576,0.1368522111,0.1621655103
fsi_0352d828f57d,0.4685299467,0.1540802553,0.1813970924
fsi_d55159421a0e,0.11988714,0.08001195279,0.1500794236
fsi_36ebbbee2e49,0.07839452289,0.03756858882,0.08571149568
fsi_5504ddac933a,0.3663722976,0.147603493,0.1406434504
fsi_6ec5faf0b576,0.3532685971,0.1855962547,0.236293868
fsi_3ba28d27fab0,0.3490017563,0.1769674743,0.2253488689
fsi_284e819983a3,0.3399527056,0.171482702,0.2184383603
fsi_205a7fb11fca,0.06694279823,0.0168210286,0.02145299726
fsi_f1885f8ad7e8,0.2168822652,0.106754014,0.1468575499
fsi_758f87c933ab,0.08322557567,0.0451260047,0.09818923227
fsi_f78a95ad732b,0.2709462183,0.1207700919,0.1621131448
fsi_e6bbc6b7df92,0.4840010054,0.6564640482,0.6964186823
fsi_e115d69f116c,0.8166539746,0.5482225274,0.5786202565
fsi_4a97a5eaf9af,0.04022242634,0.04749628978,0.1087053045
fsi_cd1b904d353b,0.3520702861,0.180067817,0.2295179487
fsi_d76b418959fb,0.2752149739,0.1210042849,0.163133926
fsi_a919e155eccf,0.5932265756,0.1230153645,0.1219350489
fsi_a692ab4066bd,0.6159283944,0.4999432851,0.6216088232
fsi_470943c4fde6,0.2606615374,0.07269310094,0.04666548122
fsi_3640877ba511,0.1880064982,0.09172983591,0.1233371487
fsi_09982e54759c,0.9461690497,0.2271157016,0.1294482589
fsi_0c68afa22834,0.34618131,0.5410791272,0.2086796998
fsi_2ffe6b4ec3bd,0.2048434354,0.2854577721,0.3236948378
fsi_588ceaac15bc,0.04098811426,0.01184362213,0.0281087695
fsi_416b2c54fee7,0.7910869106,0.4316575472,0.4665178112
fsi_b2be741e7725,0.3727854616,0.1559185373,0.1780383804
fsi_531eaf12746a,0.06247577928,0.02390937143,0.05238388681
fsi_6f58939aec3c,0.4323383606,0.1586639504,0.1794636634
fsi_752c76b1bf54,0.1967510412,0.05685075438,0.06434050248
fsi_ff84ad48530c,0.5399800057,0.1344436751,0.1385447512
fsi_2442309e76fc,0.3700488479,0.2031989948,0.257408341
fsi_10660ebb5bb9,0.3209714092,0.4200343019,0.2663631409
fsi_45a5bad68fd5,0.4691629598,0.1695959962,0.1936337765
fsi_cbb274d1e163,0.07370925004,0.03301535795,0.07524221982
fsi_9098ec2135b7,0.00459544769,0.004359097028,0.004425500298
fsi_7211fbabbc62,0.8422514873,0.4695185795,0.4980951038
fsi_6d56b35c2105,0.01382333719,0.003070309027,0.007888409699
fsi_47cb1d09f32d,0.05522325564,0.03034182412,0.05992043418
fsi_ad526deed4fc,0.1270943312,0.05379108967,0.1139043978
fsi_789041230238,0.03088750839,0.005045120987,0.01355598883
fsi_8bae482f09f0,0.3639247539,0.1924120107,0.2445177902
fsi_1ac5bc257ab0,0.6922084232,0.4745284627,0.6625460641
fsi_f6173b63058a,0.4104594803,0.2089378525,0.2633884109
fsi_9884ac9d346c,0.0137655283,0.006843895059,0.01554715645
fsi_863572699dc6,0.01686367475,0.002638127082,0.007443536181
fsi_562ec70184b5,0.2919358297,0.3784804223,0.285555634
fsi_c0d561514e60,0.1854260764,0.2637569445,0.3242279133
fsi_6626e791368d,0.006440857148,0.01211230343,0.009528033442
fsi_693d369402c2,0.4294601094,0.4123494089,0.471689856
fsi_1703681213c1,0.1504302212,0.04076008402,0.09997529232
fsi_1a9ec732d1d1,0.3248221935,0.4683266816,0.1580734861
fsi_86b75c5cacf8,0.6585561744,0.3182694677,0.3403263518
fsi_fa334d2a42cb,0.2570101061,0.04883349567,0.03376236363
fsi_f0d4501a7595,0.3056270449,0.3760972819,0.275752904
fsi_5b6e4de34d77,0.3509164207,0.1914835281,0.2442866955
fsi_11bc9f8f0428,0.1665319241,0.05266444059,0.1215774924
fsi_38b901dbfd7c,0.3399754021,0.1856240241,0.2367015958
fsi_826bf24e6e07,0.2953010896,0.3003625393,0.290995206
fsi_a380aea4b7dd,0.3550264539,0.202609521,0.2578816948
fsi_00e95b5e0bbd,0.02097939365,0.02230293005,0.01051323519
fsi_96129034b9b7,0.1255087004,0.1967738763,0.05961216792
fsi_f6e2a24fdff7,0.002564446764,0.002893607242,0.002192008565
fsi_3e6b5116ebfa,0.01992447094,0.02073416205,0.0110527592
fsi_851a444a86e9,0.01976625385,0.02054667309,0.01022153301
fsi_b34ca886b343,0.3214062126,0.4410704545,0.3226845539
fsi_3fe1e7dcb0c1,0.2097546024,0.2893136976,0.2676752441
fsi_49525a6a6d17,0.02031770751,0.02121686673,0.009927101825
fsi_0dad50e6f5f5,0.4351321011,0.1241477345,0.122472656
fsi_a3d400c8ff0d,0.3538528581,0.1943244644,0.2479771858
fsi_54efdfc78845,0.3928026319,0.3117750992,0.3753701663
fsi_a3c0adeeebee,0.8660795772,0.5602741469,0.6004300449
fsi_19dadb19a45e,0.3205912085,0.179948901,0.2347873665
fsi_130b27adef26,0.1889669271,0.2767349426,0.1292442318
fsi_003cc6ba6f05,0.2966421105,0.3777986977,0.3074228572
fsi_b3dae36017fb,0.005402731181,0.005088221527,0.004523250559
fsi_e7b81b3d62d4,0.02701082352,0.02940014191,0.0148870538
fsi_cac6f0c074ea,0.5652002892,0.1339284682,0.1311452509
fsi_a6a62c9081dc,0.03017686127,0.02564390062,0.05346668464
fsi_aa606e46568b,0.5609968928,0.1199876717,0.1212734477
fsi_0fc2c3d16c0e,0.1299382908,0.0305614793,0.07798990243
fsi_eb5644708401,0.4871285535,0.4100436816,0.53558138
fsi_31371bd32c0f,0.6376230204,0.6779345146,0.791504834
fsi_01038d371b0f,0.01816102093,0.006389135464,0.01569500807
fsi_298ac2d20bd1,0.04895546141,0.0309792435,0.02466004934
fsi_32b09bb5afed,0.08887488143,0.07463963732,0.1299864313
fsi_1fb99a26bef4,0.0590732256,0.07502476691,0.1324307795
fsi_e804941d551a,0.01895490597,0.02055830544,0.009627414517
fsi_4bd4ee473c18,0.09227575935,0.04566028961,0.1011903628
fsi_71782e8a4d1f,0.3119381079,0.2425766491,0.3047052379
fsi_97d4a528f9da,0.01999327827,0.02089771143,0.011167522
fsi_2395886d9807,0.3636883836,0.4856961409,0.3484889835
fsi_9cb4a4dc141f,0.2572019162,0.1749007764,0.08755655443
fsi_051e5738c208,0.3139019886,0.4242994259,0.3071231463
fsi_47486edb6fe5,0.4791598226,0.3819547523,0.43661688
fsi_f5387ac93fce,0.781944503,0.4423099049,0.4845663356
fsi_d6a04dd1e0fc,0.04170868188,0.0558657262,0.1009275554
fsi_7c4a1beae278,0.5013428707,0.6985231991,0.7224089038
fsi_9667d8f173c2,0.09187015814,0.08752300786,0.02161784969
fsi_d3937860fd11,0.3625380769,0.2090230705,0.2660962458
fsi_8fa294a5e59b,0.02248801171,0.02356384353,0.01193625977
fsi_248c71b3513b,0.4103423485,0.2312026145,0.2913145932
fsi_323ff775c969,0.1611283836,0.0789686998,0.1583811445
fsi_cd2c67fb1046,0.005649704294,0.01045989883,0.008792953449
fsi_9abb3bf1672d,0.01243512617,0.02402644009,0.01570746182
fsi_0affc7fe633b,0.3434747078,0.4402917251,0.336771953
fsi_5a5beff5de78,0.05652701143,0.01942376611,0.04298273924
fsi_20b913e3280f,0.3121205245,0.3820491592,0.3226916627
fsi_b599afe966de,0.3933248774,0.4737196485,0.3535139799
fsi_49ab901241d3,0.2649418715,0.331624499,0.1802020487
fsi_14bdd2a2d724,0.322994709,0.2045610913,0.2667201007
fsi_5f9d8f1169f7,0.2450936593,0.07157068178,0.03715236893
fsi_e475c05f1740,0.0293892356,0.04520526048,0.08192571129
fsi_9e9a6014f2e3,0.8744832165,0.9040648859,0.9402628147
fsi_892883a98d98,0.05984513452,0.0801538708,0.13875728
fsi_17eed889a26f,0.8540884388,0.4741205947,0.5094676694
fsi_53b0fa66aba5,0.3305676654,0.4244343634,0.3846135343
fsi_f5e4dfedd0d2,0.1935687461,0.1403787831,0.08270950683
fsi_51144c846bc3,0.03938909183,0.05032867198,0.08439534306
fsi_371c4e62ac11,0.007503949831,0.006340136715,0.01867189329
fsi_3146498b954a,0.9707224826,0.6031939542,0.4042755855
fsi_afa66c8fa4c3,0.2072043337,0.2938750665,0.2923109833
fsi_e3726a7a046f,0.2345989922,0.3415207687,0.1726920534
fsi_040422b03e50,0.006383941501,0.007017505683,0.005817524869
fsi_54d21e6ffcc9,0.004366677025,0.005063714911,0.003507160472
fsi_62dc9b47ccd4,0.1043310866,0.1624226008,0.1324542188
fsi_ea15ddf2683a,0.2531815648,0.3131776554,0.1714178406
fsi_31a978966279,0.3326046552,0.4320354465,0.4024330672
fsi_92aca91860db,0.009343293169,0.02435964148,0.02149971912
fsi_c5554fbb5568,0.174187794,0.04949727211,0.1179520743
fsi_fd078c56bb7d,0.03280932568,0.05173850098,0.09375168188
fsi_29c2702b06a9,0.8886386804,0.9021879468,0.9352163761
fsi_1eac7186630c,0.07829251113,0.07685114034,0.1492799725
fsi_5fe8b423b910,0.08349890071,0.05678135938,0.1239743651
fsi_fef716ae5ece,0.5533582221,0.7619377477,0.6898011462
fsi_d283b5feb8cd,0.1637509467,0.1453581761,0.1005822057
fsi_d5c807214b75,0.1731019557,0.1538975857,0.1067362145
fsi_af83f60ee5c0,0.8328085792,0.8899189341,0.9391631016
fsi_12811ec385f3,0.3043073476,0.3750477609,0.201897724
fsi_07715c6c0479,0.2851481438,0.3450130138,0.3182138149
fsi_602cb57b462c,0.2152439584,0.125983174,0.05583130237
fsi_24bf487f59d0,0.1818740548,0.2857961316,0.3937736717
fsi_3fdcab659f19,0.3303909033,0.3387604284,0.2943852922
fsi_32400519b338,0.7613461035,0.8185292648,0.8953383513
fsi_69be06da836e,0.09797037986,0.07123507826,0.1338152025
fsi_2384eef5317b,0.9055562682,0.9185646099,0.9529120398
fsi_33d277485d4f,0.915599926,0.7967582034,0.8548270235
fsi_e9f9400dcfa1,0.2396475425,0.1084070396,0.06322231682
fsi_383e2ffd9ada,0.566130152,0.6902370693,0.7365450114
fsi_63affd595010,0.2651029777,0.2862483251,0.1498843295
fsi_e92d1ecdc5cf,0.1932725545,0.1742120374,0.1236245727
fsi_77d596e1b6db,0.422339351,0.1874730748,0.1552686328
fsi_74e949fd6181,0.3349283031,0.3860256334,0.2779139504
fsi_7fb9e595bdc1,0.1888994918,0.2920848001,0.4154287956
fsi_726bfb99f567,0.04388341219,0.06308476299,0.1137429343
fsi_68365b66c5bc,0.3610626809,0.4688016013,0.4355973
fsi_41c43d49d55d,0.168324757,0.09094436095,0.1774376934
fsi_c234b72c43bd,0.7681078728,0.8336633803,0.8853176731
fsi_74a6c4d5ca1f,0.02342411318,0.004044903654,0.01116753888
fsi_3c46a9d9d660,0.4632149154,0.1472562067,0.1588854031
fsi_43e38b4807ac,0.09623170811,0.04702784391,0.0460464573
fsi_4bec82d36569,0.3270637037,0.3972769322,0.3177885852
fsi_199f1c27dbc7,0.3750519195,0.6066975459,0.3794769347
fsi_d6dc8d4fc113,0.8435603924,0.7584110657,0.8215265309
fsi_ee30c1418bc4,0.1531666897,0.2412988663,0.09552952648
fsi_0d2b5fa051f2,0.9673784837,0.4153311476,0.4681016239
fsi_2533f675e05e,0.3252082584,0.4547033019,0.3108947625
fsi_9ae10b1bf57e,0.1689978724,0.1270286763,0.2158231137
fsi_dd6864f1d759,0.5568772699,0.6753975312,0.7165047869
fsi_39e5561d83a6,0.9887747708,0.8299728933,0.7022584395
fsi_c745535c8dad,0.9158896901,0.7775688878,0.6566375348
fsi_657ca3824bfe,0.2966966975,0.06133920383,0.04185328105
fsi_c108f323cb0a,0.9034798699,0.8484061499,0.8790671453
fsi_5679c14ab2aa,0.06354157314,0.0891431745,0.1486838913
fsi_b9c1f6b3ceab,0.3544850057,0.4308812852,0.2980727035
fsi_d783027ba3e9,0.9325764582,0.8083757677,0.7178709038
fsi_69886ab855a6,0.009602280894,0.01830420738,0.01667988619
fsi_6120620144ed,0.6057517697,0.7240037725,0.7603271436
fsi_ee556fdf4efd,0.02569728238,0.009718510129,0.02334997395
fsi_5ca86ebc458d,0.5635299093,0.1182125433,0.117156517
fsi_37625282c711,0.1964765926,0.3031315501,0.4290553985
fsi_9b6106e33481,0.2143710782,0.3405758746,0.4546064811
fsi_610b52ebcdd4,0.5236382301,0.7375954225,0.7214734391
fsi_981eeae84567,0.8189990831,0.7394118612,0.8151686235
fsi_06f5aff4be6a,0.07404134007,0.1032952913,0.1601970026
fsi_82a55ccd822a,0.9131614449,0.4014979885,0.4557998441
fsi_a7b46eb2fb6e,0.9145097378,0.8523222469,0.8755359888
fsi_7283f0c49ba9,0.8644679149,0.8351071053,0.8824407947
fsi_20060dba1a0f,0.2643954897,0.2964872609,0.1405503017
fsi_7b22dd089b44,0.788717538,0.786821252,0.8525454968
fsi_922dea12a380,0.04761805255,0.07608118255,0.1348533551
fsi_0112d338ac4d,0.9347536862,0.8599613149,0.8994797604
fsi_a2630d516047,0.9393151234,0.3674801006,0.1575222963
fsi_8d45847c501a,0.3760962199,0.5279817213,0.2838941888
fsi_d654989760ab,0.005595419268,0.005954383541,0.005162207467
fsi_5c39afa2814c,0.112903394,0.08115264139,0.1671185105
fsi_56bdeb772218,0.1627649184,0.2820427598,0.4145184642
fsi_d09ae2eb10d9,0.7375381882,0.2887645063,0.2646973011
fsi_521431e7f41e,0.2680431328,0.3496307878,0.1732003873
fsi_ad468308a8b1,0.9246535772,0.443351981,0.4983855234
fsi_f59a1706c5f3,0.2040964081,0.1563436761,0.2101911497
fsi_159f1a8466af,0.7983285051,0.8157050661,0.8399580069
fsi_a6fcb6f8737f,0.1912831884,0.3185745423,0.4383834846
fsi_4998763d7356,0.761090734,0.2474713209,0.2173222534
fsi_e65e822d9897,0.00711305368,0.01284218617,0.011005133
fsi_8cd37d70d15f,0.9286491735,0.5397375062,0.650267707
fsi_d859da99450f,0.9751799621,0.7952320301,0.6620340157
fsi_595cf85f3098,0.2778303449,0.3162417995,0.1586509769
fsi_7b8189534b63,0.007411444654,0.01298249703,0.01187684964
fsi_8c5e254188bb,0.6763881041,0.2127409259,0.1913162575
fsi_58830e8a1ca6,0.6352290828,0.6367803962,0.4781828149
fsi_9d35ace0c847,0.08454116714,0.130949552,0.2619261492
fsi_652cd6e94dc6,0.456271964,0.2144468678,0.2670447888
fsi_60afed579b8a,0.7544408786,0.2891740964,0.2496482476
fsi_e489c1da0d00,0.006791115479,0.0115670442,0.009288880499
fsi_2da71183fb24,0.8585305936,0.4611690279,0.5317108214
fsi_1c66d0e69331,0.6600972164,0.138121074,0.1250754701
fsi_2d81f4fd591e,0.2322084206,0.3931722758,0.4698526878
fsi_d12365e35bc5,0.431463688,0.5361212541,0.5618032346
fsi_823275c03939,0.7772442271,0.7267059987,0.8114818845
fsi_ee095d05b1a3,0.4199025001,0.5538814243,0.5524521589
fsi_adb64e723773,0.3666161299,0.4816215261,0.3996500705
fsi_295a0fe9877a,0.1094791908,0.04936526411,0.05869064542
fsi_ad0ebde8da15,0.3850769879,0.5884975018,0.3581194708
fsi_a161ed5f6abc,0.1082579432,0.136134257,0.07684090662
fsi_e925fbb0860c,0.3168315346,0.5002141055,0.2148724784
fsi_87b73b10de20,0.1178827122,0.1477104989,0.08422565018
fsi_02a125ceadb4,0.1402235845,0.05004806408,0.04881256085
fsi_7af8f5872381,0.2164040781,0.124440136,0.2259011285
fsi_fbc0c55940f7,0.6415886277,0.6572784388,0.4385681911
fsi_79dc7d76ab1a,0.9109908609,0.5776403789,0.676674926
fsi_598bff1aae45,0.1349780888,0.1965219741,0.3403321305
fsi_c128db9c5ad4,0.1391188217,0.2019234225,0.3495256322
fsi_11f5ca161bc3,0.8318716817,0.7297501031,0.7830349199
fsi_73ecc39fab5e,0.1298543047,0.04115256773,0.02359895319
fsi_8f5d54e1a3f2,0.8916267032,0.7685054463,0.6170769776
fsi_dfe9fc4fc788,0.1247863611,0.181258966,0.3165681034
fsi_146e25504543,0.9444720605,0.4851557765,0.5638938032
fsi_2ca87c54b53e,0.05710416181,0.09488992534,0.1611389393
fsi_96842ffb0f1a,0.4071396279,0.4467261471,0.3918526025
fsi_0c62d7b5531e,0.5323949955,0.1915407214,0.2041217081
fsi_58aec9b1fa20,0.2876964766,0.1372280744,0.08117169876
fsi_10a437667cf7,0.1800168592,0.1649999338,0.1090868781
fsi_a66986e637e6,0.2083092927,0.17835271,0.1263579009
fsi_927ce21d74ed,0.922367276,0.4056533049,0.4511899575
fsi_9957bf0973f5,0.4254520838,0.6134700954,0.2415497556
fsi_9ef2a867f780,0.1180577743,0.03538407049,0.01993084086
fsi_d99ba9335774,0.6707268552,0.6189663245,0.5025410463
fsi_1a18a683d7ae,0.02836958167,0.01710041791,0.02652085727
fsi_5694d1be2e31,0.2572909878,0.3472555177,0.2799033797
fsi_eff289e221ca,0.106584134,0.1320653018,0.07337204078
fsi_ed3c840818f4,0.5275288511,0.2904632734,0.319734056
fsi_9d820674ef7d,0.8356711327,0.7623844753,0.8111476818
fsi_6451b1768b2d,0.1235792036,0.1807053967,0.3160461581
fsi_e58f20bcb8c5,0.6491815126,0.2030406939,0.177388783
fsi_1156068e2cbc,0.431313769,0.5847535471,0.5256364289
fsi_e0f5e61799f0,0.0293531752,0.01638803273,0.025314377
fsi_b175bab3ff43,0.6032313621,0.7237703066,0.7340627597
fsi_209f3598189a,0.4552782464,0.3887743717,0.5222327108
fsi_62b81805a0b4,0.2589632746,0.332200633,0.204960359
fsi_2b726e83d402,0.3246360188,0.4391420255,0.4907395577
fsi_7a61b0c04052,0.03031305642,0.02274043456,0.04452347713
fsi_fae2e85b8739,0.8107987518,0.6137092577,0.7438444307
fsi_664595f6276b,0.08877488724,0.05839546291,0.1039359077
fsi_117baf7f34a5,0.258388576,0.3382558762,0.1871199906
fsi_262343ccec38,0.03056731331,0.01786065544,0.02944241482
fsi_1de69828ea64,0.119977682,0.1753603611,0.3042986242
fsi_8921fecf0059,0.5857891923,0.7630832598,0.4824811907
fsi_52208ce9ff19,0.7557275668,0.2512116372,0.2175658232
fsi_43a2a6b2aae0,0.8909341218,0.3884151404,0.4426730092
fsi_516644f3f571,0.03554526632,0.04732931337,0.08832635513
fsi_9186da435459,0.5094513479,0.08201972645,0.08389400566
fsi_e53c0c2b4c78,0.03653211462,0.0502514229,0.09308917599
fsi_2b6b16ec5d2c,0.6256553559,0.6779965182,0.7157398905
fsi_6ab6b45334b7,0.1616542239,0.05418181164,0.02958693416
fsi_ff29c06b4c8a,0.4950780816,0.6519955889,0.5452367539
fsi_6c485dec233f,0.03039627648,0.01856591161,0.02970345616
fsi_126b719b03a8,0.1327845303,0.02949657368,0.01853970764
fsi_bdf6b51c8148,0.5936697476,0.4890076375,0.4435631992
fsi_f619d4fbb9da,0.1242621929,0.1836740712,0.3219228918
fsi_6a21e73452d2,0.008511344954,0.004805944104,0.01314978996
fsi_f9fbd389f93c,0.009056091428,0.01106179876,0.009568253163
fsi_0d6f8e2a8e37,0.1054634015,0.09096784279,0.08654639381
fsi_1a6970b05624,0.1450538942,0.1447664764,0.2067669654
fsi_a3b4f08175b3,0.9826646494,0.560599025,0.6612105685
fsi_a4fe67d49076,0.9644215191,0.816182295,0.6379453323
fsi_852762db162b,0.05152074252,0.08759281695,0.1531509752
fsi_8484a0264d35,0.6832176212,0.7408566754,0.7579235353
fsi_ec2297a389b1,0.5190802901,0.08130981632,0.08653293918
fsi_36708eed43e0,0.5672455372,0.6066209026,0.5944950147
fsi_40d7ab34a981,0.1285346229,0.1800909071,0.3217160128
fsi_655b67cf426f,0.03527448981,0.04406245192,0.08417635192
fsi_5a0700f1fa42,0.3863823636,0.4086154763,0.1805507111
fsi_d11737c1fd87,0.1884469559,0.1883041455,0.1499004673
fsi_c526d57c8728,0.2705829933,0.3314819205,0.219620133
fsi_e03ae6cdbbd8,0.1825463625,0.181251315,0.1400182088
fsi_4b85382dbf7f,0.5760826249,0.5116772555,0.4318055917
fsi_da3582d5dad0,0.00862553628,0.01386113944,0.01120047703
fsi_e3a413726333,0.3536299474,0.4837438117,0.4718846465
fsi_28b0c4dd19e3,0.6130844542,0.567351787,0.4997101217
fsi_1e3720046ecc,0.5590452801,0.1022449327,0.100314036
fsi_0c979317dde4,0.09821889678,0.04408347564,0.08701719506
fsi_ac548072a254,0.5473155123,0.5809647148,0.5700598603
fsi_1c39a1a7aadf,0.7564643971,0.7391043413,0.4882822481
fsi_635f4fea7d26,0.001393025867,0.002840502273,0.003824518685
fsi_47d0b0e693a4,0.2072361502,0.2076520675,0.1673359094
fsi_1fd2348b1d57,0.2706456845,0.3432113116,0.3717091158
fsi_721de676dbda,0.9734186287,0.8495762464,0.857355259
fsi_8b5c3a94e59c,0.02832388715,0.01944945802,0.04430655727
fsi_1dee6afbdda9,0.07730322945,0.05509698448,0.09256780448
fsi_375dff54ddbe,0.5040457304,0.4370216906,0.4105126243
fsi_71d92147496e,0.314578801,0.1886192707,0.07847350105
fsi_1a09035e3325,0.01586471155,0.02624237651,0.01855029238
fsi_b3ff63671706,0.04686041798,0.06932785783,0.1256954254
fsi_d88504fb7c4a,0.7304212248,0.5982935512,0.6930503675
fsi_4de01dd6b429,0.9451713682,0.2968963892,0.4281105864
fsi_f243252eafbe,0.2403311313,0.289948105,0.2129724225
fsi_16ec991c7503,0.07862744088,0.1558065151,0.2671479483
fsi_4e098cf6a19f,0.0006240740393,0.001034688169,0.001596803513
fsi_92d58845dbc2,0.02474512436,0.01236453614,0.0200273362
fsi_70c37b8c6e0d,0.02241222456,0.01817651762,0.04259458938
fsi_8c0297b00d9a,0.9985195216,0.2521174169,0.3687791705
fsi_acb25fc1ffea,0.02391068533,0.01929884841,0.04452855821
fsi_4e89b1b1cc63,0.0567589921,0.07205813207,0.1347495037
fsi_22cf42f97584,0.6129271793,0.6486559927,0.625743012
fsi_3ce46d8be0dd,0.07417767932,0.05427368202,0.08807741378
fsi_60da3f8a00f9,0.02383200257,0.0192938788,0.04397987121
fsi_a506ca4e86d1,0.08820535174,0.04961028476,0.09434381463
fsi_2e69e66dbd7e,0.09743883932,0.04538423872,0.0875727415
fsi_aae6af09bf2a,0.9929581949,0.4274722709,0.4752080357
fsi_908eb5776570,0.03226173474,0.03956199508,0.07678812329
fsi_f8d58751789a,0.01634744555,0.0157937344,0.03584181802
fsi_85a0ce29f453,0.1319530041,0.04587792971,0.02247368171
fsi_d4b70b26525e,0.8267477166,0.6044550202,0.6889524985
fsi_8ffb4dc20f7b,0.01596377318,0.01458534906,0.03379795748
fsi_d3c2bf9ba50b,0.9421889823,0.3541253732,0.4971609186
fsi_22d47c7afee2,0.1691053254,0.0585189674,0.09435084856
fsi_ad679c1acf0b,0.7646006874,0.3505278322,0.4336059084
fsi_0c946c377028,0.865685414,0.8885350066,0.8324004022
fsi_cf6524521b17,0.4520236475,0.5004994105,0.417664949
fsi_e3df1c173e29,0.02412075222,0.01949133133,0.04597725448
fsi_50f8b456795a,0.01205995769,0.006276695821,0.01594729052
fsi_12bd3da23309,0.6965825621,0.6632236916,0.5086945291
fsi_5fc6de59a6d0,0.3138518533,0.4033988597,0.2265599474
fsi_9c8cc7a4e4e3,0.7681265449,0.6175490133,0.7057161354
fsi_03d1a758205e,0.7985922191,0.681165471,0.7442884613
fsi_e0a40f5a6c18,0.007188195992,0.004846199922,0.01295349296
fsi_158e68697044,0.1451933582,0.03491747519,0.02171770307
fsi_32cd068576ce,0.1080646672,0.02822618698,0.01797285069
fsi_df2dcbfd6ffe,0.6730994009,0.6209320271,0.4323481337
fsi_21419ee27d2a,0.5950850957,0.5404000563,0.4026187754
fsi_5aee95f0f32a,0.007094164803,0.003401861226,0.007704012944
fsi_c21027bb4877,0.02520886185,0.01973276432,0.04798312985
fsi_b3f2e7d71689,0.2559927792,0.2667222289,0.08760561889
fsi_fe580773f4d1,0.007509711689,0.004834205741,0.01278664251
fsi_30d6de210295,0.007412663637,0.004890285173,0.01275054715
fsi_5e86149a7b60,0.807547598,0.4826122299,0.5692090327
fsi_766e4975ce37,0.871441925,0.4412101128,0.5288560286
fsi_9ebc9564c35f,0.9340678134,0.4191137396,0.2528313412
fsi_1b87158dee97,0.1167852288,0.03046024673,0.02016486001
fsi_33c3ff788db7,0.08052477679,0.05498938573,0.08930555852
fsi_e53d730322b1,0.152975486,0.1367940409,0.238912801
fsi_7450cf8c5ffd,0.7422905772,0.3351008049,0.4149974105
fsi_5001ec3e9a5d,0.7848657581,0.909365564,0.8604180845
fsi_e866781421ec,0.1219972092,0.1550232249,0.07642709082
fsi_99a9316e71d8,0.8209741507,0.3291593541,0.2372913566
fsi_836b8df54457,0.03105249635,0.01712677215,0.02777923542
fsi_18decb5dacba,0.274786462,0.3331731435,0.2037289578
fsi_821f4b001837,0.01550437766,0.01266226493,0.03058667567
fsi_ce6c88a41272,0.08313855138,0.06047785734,0.09873228971
fsi_60b370348e3d,0.1041358599,0.04649973764,0.08928175035
fsi_0fdd0e4c4ed6,0.5491901755,0.5144705352,0.4078470537
fsi_67ba00caeb3e,0.9416430197,0.369383109,0.508718234
fsi_6038cc2166a4,0.886427481,0.3100365853,0.4363547764
fsi_ee516ab424c7,0.007407989897,0.004918552993,0.01298521215
fsi_382afc32aeee,0.02592631641,0.01983693359,0.04578920059
fsi_d6d8fc17fff7,0.716548018,0.5728368408,0.6364497537
fsi_1903c8a9829b,0.9838772228,0.9491142116,0.8024836831
fsi_c6c08d88915a,0.9419957448,0.944054129,0.8430963608
fsi_1d4a2e900ba4,0.1201729695,0.1625073323,0.2699064289
fsi_da40b6d938f0,0.6015627187,0.5474217221,0.5335566494
fsi_dc4bf9243d89,0.8519467471,0.29562445,0.2062596037
fsi_5827f6c14f85,0.1433836247,0.1905485921,0.1029779436
fsi_d4f6695e83ce,0.1333503855,0.1394366401,0.1435671522
fsi_d5ff794a90a4,0.07120583947,0.03580758142,0.01773403585
fsi_9f860b39ed5f,0.8684913026,0.9159848485,0.752241673
fsi_e4009c06ebb8,0.8092065519,0.3885893175,0.4719119786
fsi_c9249b69ffce,0.306786106,0.3161575544,0.2637403773
fsi_1623bd3ff524,0.8112413621,0.7318674421,0.7570927769
fsi_d25a38d6b1f5,0.179526299,0.1233791982,0.05056273105
fsi_87f9163440fd,0.008363519739,0.005397159115,0.0150618334
fsi_9fca6bd32edb,0.7669323608,0.2595548758,0.1833346819
fsi_72f8d4974471,0.2985844585,0.3309743864,0.2556772709
fsi_83da0421dafb,0.9959659673,0.9407603929,0.8105698952
fsi_891d1677760d,0.1797926721,0.06190052984,0.09948331762
fsi_b3b21d52d9aa,0.8713360785,0.3492847791,0.4967991746
fsi_797d58646933,0.9845444194,0.5874009152,0.6728663138
fsi_22961d5ccab4,0.08269174832,0.044970269,0.02147478295
fsi_0f0110d9f749,0.9865093875,0.9671707315,0.7973863293
fsi_97f811b80739,0.8826074084,0.4428542643,0.5323365443
fsi_234185bca2f6,0.8471279924,0.749909988,0.7781372333
fsi_befcb6f4c5fe,0.8035407428,0.4671470084,0.5571607786
fsi_3c0db2d35527,0.971848423,0.9663084301,0.785673586
fsi_e0976113c1c4,0.1383462577,0.03939379032,0.02594075806
fsi_d1c2b7d92e9c,0.3746433963,0.2527667009,0.4141250971
fsi_9af57a66547b,0.7183387412,0.5341124525,0.6882982183
fsi_51ec983de563,0.946009695,0.6334772387,0.7176926176
fsi_244925964119,0.8426613097,0.3202326197,0.2150087832
fsi_dc6fd6f17846,0.06837179269,0.03429471442,0.01611867406
fsi_445320fbe4b8,0.517691975,0.2286179338,0.252782483
fsi_360a9cdaf643,0.1108333308,0.05262558851,0.1010409772
fsi_8047fea6d937,0.9496923365,0.4431723453,0.5262049071
fsi_04464adce469,0.009545211997,0.005922095631,0.01548836496
fsi_8279e1404b19,0.5089986457,0.4215206144,0.2362846079
fsi_1c85e1611932,0.7399524471,0.4476364699,0.5477282502
fsi_d07e4b6123fd,0.09655085367,0.09843884066,0.1275572105
fsi_409c35c7d8eb,0.02614165253,0.01936071784,0.04539426871
fsi_72d56c48c7c1,0.02113528841,0.02148930134,0.04867993434
fsi_0c543318c5c1,0.2499174185,0.2186744633,0.1375877782
fsi_65d56246d981,0.06319713387,0.134577629,0.1815612575
fsi_8be6e1b212d0,0.007452050567,0.002402810818,0.004384999009
fsi_e970c1ccf943,0.7854771039,0.6141969216,0.764388017
fsi_035596fd0f00,0.1038455889,0.04816636331,0.09175378549
fsi_b381e52122ca,0.9910638399,0.495058437,0.5751345307
fsi_94664492ddd9,0.5946909243,0.6350597288,0.5855985025
fsi_f7d5ee515259,0.9729554041,0.9588063715,0.8181124841
fsi_6d59c42aabf0,0.1381825202,0.1874056085,0.1255110119
fsi_d87bd2601207,0.9723642118,0.4327126412,0.5742379707
fsi_4da04a90c463,0.1470433429,0.1982102499,0.1325872153
fsi_5bf0317cc438,0.03729543031,0.0554379237,0.1086635265
fsi_c1e2e53dc8f3,0.1963308064,0.1983435807,0.1486892373
fsi_4f48368d063b,0.9817224474,0.5305485963,0.6226954085
fsi_188a022fe191,0.2449340631,0.2656641308,0.2362631938
fsi_cb999f3a3b73,0.015600438,0.01095196961,0.02703026647
fsi_8a26855d8ee1,0.02815100852,0.02521355596,0.05675431756
fsi_ddf451061980,0.9423280359,0.441187808,0.5233169658
fsi_4371a3a867b2,0.9464547124,0.9257446033,0.8310996126
fsi_732b0cb6b235,0.7120322269,0.210275241,0.1559504886
fsi_2d4c0580ad72,0.06862681492,0.1038665841,0.1171518155
fsi_bb964d84492b,0.8969539087,0.9095001942,0.8060554298
fsi_303590517eaa,0.0009253923897,0.001408283966,0.002212261858
fsi_b1df8e813f53,0.07414236378,0.04546160377,0.07521458883
fsi_79bce7c27191,0.1979699582,0.06083036111,0.09529246894
fsi_77dfcb2e24a0,0.0276698246,0.02396445924,0.05551401372
fsi_1ce61ba8690c,0.9096676642,0.9231817976,0.7329151568
fsi_dc3257b81b81,0.1061836893,0.05264781533,0.09814381186
fsi_d7f60eb251b5,0.586403931,0.0698853072,0.0797848923
fsi_0a57252570a9,0.9749128999,0.4884487575,0.5703817561
fsi_6bb250ff8e8b,0.3134318051,0.3590453931,0.2403865191
fsi_f38b2fa4266c,0.9251878179,0.660614764,0.799379003
fsi_0525de63be45,0.7970679902,0.3745139336,0.4608897645
fsi_a3f28aaff61e,0.7378894335,0.2444552469,0.1661473722
fsi_5e9f600c06cf,0.02991384877,0.0327580953,0.03311309662
fsi_4b0493fa5cc3,0.8105748729,0.5312479985,0.6207369499
fsi_2ef507425ee0,0.954581167,0.9746694767,0.8338686477
fsi_7735c624b588,0.03104464691,0.03474117446,0.03377835934
fsi_5dd505463482,0.04432584019,0.02942910723,0.06958219091
fsi_fcf215a5e8aa,0.884203173,0.4137067218,0.5713930201
fsi_7905e97fbe0d,0.1387271808,0.1850176236,0.1183410706
fsi_d92511ae08c9,0.359117445,0.4172776166,0.2604847992
fsi_b6fac7b13163,0.2526683283,0.1042657721,0.1020586618
fsi_1314d3e0efe2,0.03035820851,0.03337592287,0.03231225742
fsi_971a7a74ca92,0.6441061369,0.5941514171,0.5732313352
fsi_d8dde0c103df,0.4038759734,0.6159474466,0.4292860032
fsi_de8dc52a798e,0.8089644121,0.4916421573,0.5951688469
fsi_ef2f1bc4dc2a,0.03203355948,0.0196859929,0.05041116121
fsi_db39bb27e5f7,0.0927003603,0.06176282805,0.1021250461
fsi_4073f0257146,0.03012356429,0.03316127719,0.03521249734
fsi_b5a8ac7f7e27,0.2063014444,0.07688123273,0.1167137955
fsi_6efbdbebf44c,0.5826576843,0.1112067736,0.09631802389
fsi_83b70f8ef749,0.274849608,0.3036804333,0.2163112992
fsi_1d0846847778,0.5386052711,0.435546589,0.5505987722
fsi_b809f45c7326,0.09744805791,0.03539271097,0.06891002874
fsi_c003a7bfffb0,0.02914682667,0.02315746482,0.05516362471
fsi_a07655d08e6f,0.8023985478,0.6732100383,0.811444374
fsi_328ce2817f52,0.1145874499,0.05340052489,0.09889526551
fsi_82e7b5a9f1ca,0.02314930345,0.01789200059,0.03844056043
fsi_2c303287c94b,0.02467202891,0.01287338741,0.03717803733
fsi_5d407a60734b,0.2148022366,0.08599455393,0.1140334903
fsi_bc579f459bdb,0.01736769452,0.02111155059,0.04606828324
fsi_18619b1069d6,0.9525058289,0.411764242,0.5554763744
fsi_3e85999e1e00,0.1336890094,0.1112145873,0.1822627196
fsi_ee0b630d5aae,0.2993187592,0.1314877805,0.1192818604
fsi_515dc3e9826b,0.266161571,0.2989740213,0.2189716698
fsi_8147eaeb747b,0.01451619553,0.01428894236,0.03427881093
fsi_c33e1e235e8b,0.03116096498,0.03442083443,0.03666696535
fsi_9e9ee2a6ac65,0.2753958378,0.2786854763,0.2161539017
fsi_85a3bada0cf0,0.1435861352,0.02917350011,0.02243514952
fsi_57141672bc06,0.6976086891,0.7158939337,0.7218874147
fsi_ce28a2bca11c,0.626229613,0.1829137042,0.2034951197
fsi_5b8567f6ad98,0.2516877007,0.09678234748,0.09735730419
fsi_4229f7068b58,0.8721522105,0.2983655022,0.1955202819
fsi_1602936e07de,0.1198649787,0.05785013753,0.1071706067
fsi_afb4d98f4ff6,0.2804978416,0.3203461882,0.2055694655
fsi_81eb347ab22e,0.02297616517,0.01679599286,0.03656511478
fsi_74ac07169240,0.04266504957,0.03559168531,0.06314142681
fsi_9e7de34d8e45,0.2371154118,0.2245796831,0.1781811355
fsi_7556885b4679,0.1607881737,0.1064906842,0.1128910772
fsi_0763425d31b3,0.1235444935,0.03482106171,0.02053573358
fsi_0c673a4d66d0,0.4433740165,0.5671970867,0.6155025927
fsi_a696630a3ac6,0.6580241052,0.1526052274,0.1683591417
fsi_0fd20940743a,0.1677763913,0.2189792945,0.1040660686
fsi_bf2eb1aab775,0.03419467236,0.03770867857,0.03873402064
fsi_634c2f57aa30,0.106949353,0.1013075345,0.1736631442
fsi_3f54d0497b86,0.03099811979,0.03424335262,0.03256059628
fsi_b74205cd317d,0.04523446088,0.05439835286,0.1059253455
fsi_6edb6743a9b2,0.4989385459,0.692206318,0.3290163211
fsi_6f14dc7d715e,0.03948984535,0.04507373732,0.04525299333
fsi_d5a0eb7c3d95,0.01248859159,0.01409892849,0.03377149966
fsi_20e77fa37c37,0.5903431564,0.1363719286,0.1541095053
fsi_d53eebb80ad2,0.3992400809,0.4595540966,0.570643065
fsi_372630b6e57e,0.03821511098,0.03929730218,0.08660107662
fsi_4d9a15c68f22,0.09064416238,0.1202616356,0.1052492146
fsi_1777bccdac84,0.6403398145,0.1767342049,0.1898649915
fsi_f6b96ce92db2,0.7014471323,0.07200425266,0.0641042375
fsi_bf5175fb8ac9,0.121087548,0.04960104065,0.09646338275
fsi_0ab341face7e,0.01319425534,0.01499824112,0.03534977676
fsi_c5ffd2e53b0e,0.0135610592,0.01539275847,0.03675167748
fsi_9031a343dcdd,0.8557406295,0.6973513621,0.8336280618
fsi_90b1ae8b5672,0.5414850218,0.6764066414,0.7932701177
fsi_c6ff96573360,0.7785585945,0.4279421371,0.5705016985
fsi_26ba028ffd54,0.3188611052,0.2501647185,0.3561576092
fsi_d6a001add576,0.9895285521,0.4366831764,0.5822366981
fsi_7ece0d9b4183,0.02294183907,0.01475487319,0.03325660112
fsi_7e3576d5c4b2,0.02940207992,0.02405087649,0.05119833787
fsi_d9e6bcdf4c05,0.8030208509,0.5153188949,0.6284535799
fsi_ac960598212b,0.01320084697,0.01472509359,0.0361860931
fsi_f7eec5142ab8,0.2570207563,0.247291449,0.2253020852
fsi_ba5f8d0bcd43,0.3410950234,0.3806525548,0.4522004973
fsi_6f67bcd05ccd,0.06707429712,0.09722342073,0.1591704983
fsi_e125168568c2,0.2102709112,0.08899331265,0.118543337
fsi_2aa6ce6d6232,0.6761698334,0.3994822414,0.2457052176
fsi_881d98bf2810,0.6557683584,0.4318841547,0.3080214587
fsi_27aa1219c786,0.05116453374,0.08418911831,0.1441139467
fsi_09f2b0fa1ef6,0.04662365149,0.05523410894,0.06967091889
fsi_affd82f0f710,0.06800949126,0.114052632,0.1896708105
fsi_4ef3fa11a0e5,0.08046024143,0.04619987681,0.01844662741
fsi_35d7f8448e30,0.238864186,0.1814205897,0.2809213738
fsi_ee6bef41bd3f,0.045958164,0.05438272014,0.06675077295
fsi_27a4c8c6b2fd,0.3697723236,0.4237489267,0.5262350978
fsi_eb973c94d315,0.9071750918,0.8084306112,0.8582845305
fsi_355796f7e8ce,0.1142510562,0.07111182873,0.1393807205
fsi_6389d93fc393,0.006492605577,0.004554053481,0.01340638714
fsi_10f1c354dac3,0.01245192284,0.01336341123,0.03356757278
fsi_b5900cf46a56,0.04951727938,0.08106597379,0.1379058772
fsi_301b3d3cf960,0.8388467572,0.9292158704,0.3771955185
fsi_27d74ba65cdf,0.5002990762,0.6295604978,0.7452018556
fsi_9e02c903402e,0.5665311071,0.1313777499,0.1441637663
fsi_91b1d415a7f8,0.09744883297,0.04503400686,0.02389103768
fsi_7e9eca97204c,0.4044494153,0.1681043039,0.2298156608
fsi_35fa8b4de119,0.007118709813,0.007446368291,0.01811107293
fsi_bd2a4fcf5bf8,0.01305703793,0.01357945087,0.03272084258
fsi_628b5b659844,0.1395409622,0.1811272483,0.07208062845
fsi_c8ba6ddd6247,0.6127376225,0.08936844209,0.1091070399
fsi_2a0b05c575c7,0.06676717431,0.09608957255,0.1559074749
fsi_515aa0bde407,0.1129967942,0.04279551195,0.08137662354
fsi_fb051ed14ac1,0.6107548737,0.3543747356,0.2189556379
fsi_15ba261976e3,0.02366136812,0.01904035362,0.04755600509
fsi_b350f9658424,0.333762498,0.3641829622,0.2298591283
fsi_2540d4abad36,0.04387875668,0.03840648536,0.08769773916
fsi_65d1d89e3e61,0.4378437228,0.5696515615,0.6648085801
fsi_3abfd3ea0c76,0.3200698365,0.3724833684,0.4504545291
fsi_6c2da44b3e5d,0.05058207631,0.0585973377,0.07586411493
fsi_8bcfe58a4406,0.05139751221,0.08164270297,0.1434229267
fsi_9d0760abc1b6,0.03805179982,0.02161676106,0.04732762945
fsi_3ec4b0174b38,0.002135012429,0.003755539209,0.005183020813
fsi_ea4e138d9fb1,0.7003719527,0.4463604179,0.2884476625
fsi_4f208f7aff4b,0.6422877819,0.150830862,0.1655569345
fsi_6d8b23fa8b7d,0.06659536128,0.06257256369,0.1079207618
fsi_346acde918cf,0.08589038543,0.129668936,0.2012662436
fsi_f9ac1e2d0b76,0.008759080578,0.0229774654,0.01836240719
fsi_b47945bccc2b,0.06420550846,0.1097070776,0.1791355319
fsi_2dd2beeec00b,0.1559022396,0.20981081,0.1218573311
fsi_c4a253b67064,0.063686052,0.07801660658,0.09381763308
fsi_63b02ac18dff,0.2672171826,0.07396554298,0.08024258126
fsi_7a2233cffe64,0.3486138271,0.3971519809,0.4832312059
fsi_0f13f685c34f,0.02360543429,0.01234026344,0.02834808663
fsi_390f6eba2896,0.05150983462,0.04996446494,0.08788612578
fsi_853263054beb,0.4793508366,0.6028038434,0.7072699783
fsi_d3b2f8a89bcc,0.2164165955,0.2802174534,0.3275257452
fsi_76f5c9d724a0,0.003688336345,0.006161695808,0.004609119241
fsi_ebbbeccae7cb,0.05600975146,0.05161827277,0.1007503297
fsi_deb5912fb386,0.3936728758,0.2209830318,0.2719221174
fsi_1f6778d9ae6e,0.07060986315,0.09734403056,0.1635127147
fsi_fd5b80eef570,0.008973485561,0.03102895823,0.02435173232
fsi_e2770ec51dc9,0.2065317759,0.1168320362,0.07093706656
fsi_9a7c73a4858c,0.7908627678,0.8427542228,0.7281280109
fsi_84425d9e6e3b,0.004267868219,0.01112443236,0.008735298417
fsi_c192b1c8ad2b,0.3223892566,0.3174937339,0.2306853916
fsi_880dfef5eda5,0.6947617957,0.4166512931,0.5294267342
fsi_08f8cca901aa,0.2282532525,0.1388611931,0.07841479514
fsi_f19ae80a4739,0.6844845951,0.6655390265,0.8054367439
fsi_92d1acd21934,0.2442122216,0.08329285874,0.1253629152
fsi_735c49d02f31,0.1413368977,0.05968837027,0.113103802
fsi_dd62e0febe9a,0.1872906787,0.1801563805,0.1306847093
fsi_e86c85a80dd3,0.7399181497,0.7402712414,0.79105869
fsi_ff963fe9518a,0.9935931955,0.5455893194,0.6398452155
fsi_6275952c3c48,0.5246691605,0.6001535776,0.6346373864
fsi_8a5f97bb448b,0.5580593126,0.6969245342,0.8618629532
fsi_8406431e9862,0.3675697605,0.5132626959,0.1787931977
fsi_3611843c9e71,0.0246441026,0.02192527478,0.04915865259
fsi_f66299e3b0c7,0.3255652423,0.404849018,0.3732162158
fsi_8e0006da76ba,0.6525799632,0.3654545108,0.4175869977
fsi_24c16ae961b0,0.1137423791,0.1930926029,0.3190012412
fsi_2bca14e64d4e,0.0235734416,0.02116367048,0.04701693095
fsi_ffa3572fdc63,0.3507508286,0.1979888221,0.2538622662
fsi_93d6c1b2a800,0.03901495461,0.03596580512,0.07383202121
fsi_4570d259ee5b,0.5272445377,0.6526772966,0.6832055536
fsi_3002c2351772,0.3303447672,0.1790584124,0.2269389026
fsi_31cbea2fec94,0.02392057716,0.02149067656,0.0474698165
fsi_38c4d7d016e6,0.9729300563,0.5672714314,0.3672630391
fsi_14dcdcb7e8d9,0.1502225248,0.1668433142,0.1823340284
fsi_280886ee2070,0.04283317854,0.05170805491,0.0930431975
fsi_aa1adc83a61c,0.2725119061,0.1182886496,0.1009445204
fsi_5e71d6d5dd69,0.006779934965,0.01708927373,0.01371886101
fsi_68ee53781451,0.0774028919,0.1276070945,0.2222239141
fsi_1f57f4b59e8e,0.05762370166,0.0562399939,0.1073552266
fsi_ac1a3a496d64,0.002608105711,0.00395133318,0.003032281191
fsi_0e45e6755f40,0.07040523028,0.07311650124,0.1230986705
fsi_c02fe21e68b2,0.04290052665,0.05127123444,0.0910390966
fsi_63e309c050e1,0.3321882379,0.4113075679,0.3803930905
fsi_b0d887ff6ff3,0.05877295108,0.09752185272,0.1653155287
fsi_30f0703ae135,0.05602904946,0.05489403134,0.08886306776
fsi_0f4e18abe06b,0.005658536406,0.01392623762,0.009914320904
fsi_2132a90ca827,0.9985140069,0.3115886043,0.3498669194
fsi_1837229ff45e,0.05563999975,0.06958148572,0.08321861043
fsi_dd0e626b080f,0.2012764739,0.2179208551,0.11046576
fsi_d4c7e5e54b62,0.09236519038,0.1795539995,0.3090960608
fsi_fdfa2c2601f1,0.284599104,0.2746809872,0.1926068816
fsi_0b38ccd65581,0.1021981163,0.1421429511,0.2354238431
fsi_0c1b756ddb0f,0.05323745688,0.0531081872,0.1214645302
fsi_f1ce5da42773,0.1524558667,0.100051596,0.1883715506
fsi_0b5756c130e5,0.07226948206,0.09163155397,0.12031941
fsi_56c372f1f323,0.08046853559,0.1132400347,0.183111347
fsi_10c39b11b434,0.517559884,0.5302472559,0.5565608694
fsi_85596967ca9c,0.8880455942,0.4614635443,0.5978964552
fsi_be83ba9828c1,0.4189928774,0.4736023444,0.5236084023
fsi_56610c0e39c0,0.2705044177,0.08584396496,0.09984977942
fsi_2ad386a26111,0.006178181732,0.008453130635,0.007641473064
fsi_673e27fb5139,0.1963082555,0.1460102733,0.148756823
fsi_e5f4bc1a918f,0.02490099229,0.01105599083,0.02039126497
fsi_5242810c892b,0.2757494703,0.298497423,0.4077839527
fsi_9069cbe5ea34,0.2120953784,0.1194458391,0.07248671202
fsi_ce373da12d95,0.01293033451,0.01071192389,0.02787234509
fsi_ae9d235026f7,0.002595525828,0.003872488188,0.002550238245
fsi_a5b089aff7f0,0.4824867885,0.6159933358,0.6902077377
fsi_09cc7c6aedd1,0.1911167504,0.2664379385,0.1658314399
fsi_b6f3be756457,0.5969387423,0.3456220417,0.2033869746
fsi_44481c87f9b6,0.03875555038,0.03513353036,0.06613970421
fsi_e2139554df78,0.09226106539,0.1292213774,0.1861302079
fsi_ee8659308d61,0.02658882685,0.022804765,0.05128202263
fsi_350de25da238,0.3747409125,0.4359347901,0.5000148287
fsi_f8990324230e,0.7279807007,0.8478031038,0.3117853844
fsi_428d4c790fc8,0.02393253766,0.01853897079,0.04161784591
fsi_2a5da53af9f2,0.2776698609,0.2373350001,0.1671118091
fsi_9c61423fc422,0.02699137443,0.02106978011,0.0476968951
fsi_76b6bfd5c7ba,0.5048913895,0.08248646234,0.1314170045
fsi_54d674da655b,0.2906238723,0.09202437063,0.07525827591
fsi_01dba2dd9490,0.3201430177,0.2090088661,0.214256787
fsi_35c25291afea,0.299430466,0.3074741189,0.4119984022
fsi_087a12a3973e,0.0238437552,0.01952295171,0.04494750476
fsi_437f072384ea,0.09647739509,0.06448375652,0.1140846915
fsi_26b347d79c2f,0.2560136976,0.275069427,0.3811945946
fsi_03258c8cbe00,0.1276632573,0.1043751052,0.1592820914
fsi_fb0e72ea5eae,0.362103864,0.455182006,0.4216503593
fsi_9764e6f59fa9,0.5429288612,0.5367464289,0.7569973695
fsi_338d66d1f336,0.5655388106,0.09230097318,0.1441320779
fsi_f0e51fc9b893,0.05126944025,0.05942718235,0.1076422874
fsi_a3d1feda717f,0.01045414913,0.03499419073,0.02897124671
fsi_fdd62214ed30,0.7245436089,0.4290250616,0.2353364234
fsi_a562e4bcccc6,0.4844502724,0.07975677376,0.1272353527
fsi_9a8c72a68641,0.5618565304,0.512597883,0.6713627692
fsi_bccaaa591b0c,0.1185746868,0.05575957485,0.02613210579
fsi_d776eb594dca,0.3965344073,0.2305015468,0.2848451671
fsi_1bfa93ab55ac,0.3279615935,0.1135616571,0.08792858051
fsi_598b45d98ab0,0.1826666032,0.04065168929,0.02789567134
fsi_0927a04521db,0.2194060894,0.1697099511,0.1781204645
fsi_9c2540ae89e2,0.2897093965,0.09126749178,0.07591252851
fsi_450d2c053e82,0.9051470954,0.6752431418,0.5934044155
fsi_52bd30ec5a1d,0.8417691395,0.2387500746,0.3244977349
fsi_2cf7c1d2169a,0.1955474928,0.1462332332,0.1471384789
fsi_62e21222fbb4,0.005824005674,0.01548847518,0.0110054326
fsi_dcc83dcc7aeb,0.05920844218,0.06042255474,0.1114471114
fsi_aad597054cf6,0.3781336572,0.1548341254,0.2117124147
fsi_6376aeb8078b,0.5369301593,0.1096917132,0.1702747752
fsi_54901547b232,0.06116307797,0.07812393732,0.1322479094
fsi_b0678a73eff1,0.1892610889,0.1419267963,0.1414459957
fsi_2e23c66d8cfa,0.3911136873,0.5346016976,0.156762529
fsi_e19af3072934,0.252797347,0.2681044926,0.3712967071
fsi_65e1f0ab36d7,0.231976328,0.2505103483,0.350135773
fsi_dcdc5ea1b533,0.08900408153,0.09737149263,0.1456685967
fsi_d20a8bf59fa8,0.9822731342,0.9170562397,0.9628917078
fsi_f5b75f4a8bed,0.5346516945,0.5334143159,0.6253887221
fsi_1291ce0c87ae,0.2010172278,0.1509327946,0.1525567887
fsi_f60ad1736586,0.005008004015,0.006447098254,0.005965383253
fsi_88518badafe8,0.2371860985,0.05584059297,0.03984587451
fsi_5a9f1acd2538,0.002840725756,0.004764734286,0.003094851324
fsi_160af949deef,0.1202078997,0.168021759,0.1583178216
fsi_de053a7ed0bc,0.03232689497,0.009711364283,0.01978077526
fsi_fc073b36ffbd,0.2348401053,0.1705748707,0.1741698981
fsi_016516fe1629,0.4601527641,0.5854428738,0.6768740819
fsi_a65f6c6aa65d,0.1882430441,0.2378767638,0.3718750988
fsi_74cf534f8802,0.7240971625,0.6824323382,0.8162103436
fsi_0b7f0a6827dd,0.2192088255,0.3009619963,0.1647652124
fsi_967cf4b602cb,0.5564134764,0.2923575563,0.1889049076
fsi_87fbd19e05a1,0.08121722324,0.03298166587,0.03871507525
fsi_04efe533b6f5,0.9064561937,0.9353503295,0.9236810854
fsi_4d0c5ed44bae,0.5606720056,0.4973647192,0.586722078
fsi_dfdc394d0be7,0.009928968524,0.008421849022,0.02430582837
fsi_9a555c13851c,0.1049673021,0.1911374424,0.1922871139
fsi_3d8f315465e2,0.01046888864,0.02716349462,0.02237684634
fsi_9f45aa5da6b4,0.1287647349,0.15915751,0.291375859
fsi_656999d54ce8,0.2492478454,0.05854821027,0.04323293196
fsi_2c536a4ab9d8,0.06754962424,0.0703379504,0.1212098928
fsi_70872fd1033b,0.5526860874,0.1024772458,0.1590641417
fsi_084e02d33db3,0.6766253149,0.5677738164,0.6462443516
fsi_6bc2519baa83,0.6480088999,0.1891535458,0.1787044234
fsi_91aec1c03596,0.3955951143,0.4412092495,0.3887685171
fsi_c2c595be5fb7,0.8928798043,0.8590167927,0.9333688982
fsi_679ea9767e5f,0.04839590308,0.0604727829,0.1073606189
fsi_6344b4827323,0.913633509,0.9010415832,0.9492583386
fsi_031939811cc3,0.07669589807,0.08509011505,0.13806156
fsi_dfbd1698e1a2,0.2269908911,0.1772802146,0.1793677398
fsi_753fbbc6d77e,0.7550730679,0.4947908258,0.6267364312
fsi_3c6a6b243cd2,0.6321393786,0.5487685079,0.3947336508
fsi_502c8859d513,0.0621995039,0.08009422832,0.145840854
fsi_3ecf0c926079,0.6892453836,0.1667951072,0.1575542473
fsi_430c9c87d12b,0.3756556738,0.2159519447,0.2504728266
fsi_257193a568b3,0.6398390489,0.5705670135,0.3600469191
fsi_682bc6923e45,0.9955903066,0.9178791711,0.9056755343
fsi_97b62f4b2ad0,0.005584566265,0.007032074301,0.005551038753
fsi_9bcd212b32d2,0.01176413546,0.005504980794,0.01433246343
fsi_66ec391ba7af,0.1061733888,0.1897023996,0.2048528636
fsi_550bd010357b,0.8985808713,0.9129517664,0.9483528521
fsi_df253318ec98,0.9166140211,0.8294425041,0.8823354724
fsi_b446c11c7954,0.006836595372,0.01734000476,0.01155921907
fsi_1be3ca81ecf8,0.601741359,0.1109462851,0.114906133
fsi_a1e2890209b3,0.3828543757,0.1066790092,0.1562267557
fsi_d855f9cde05e,0.5649958578,0.09320357645,0.1462456802
fsi_fbad7bee8061,0.05895054917,0.03572340149,0.03409507755
fsi_d7433d3b2b09,0.6222385769,0.1503348491,0.1438122937
fsi_a7175ac72e9f,0.3617437198,0.446253513,0.43363722
fsi_0708b9b3b450,0.6357802043,0.4653551871,0.6046023504
fsi_e635d9dd729f,0.8370297335,0.8053319081,0.9016207242
fsi_936353a0bb27,0.5841004574,0.4749729339,0.562705436
fsi_c57dc4082fd1,0.00851396078,0.02090516331,0.01731377175
fsi_795b2dd68fac,0.1040552731,0.09554107041,0.02956314061
fsi_8fe94ffd968f,0.03096912392,0.02939457673,0.05567294166
fsi_08ac5ae804b4,0.8230333032,0.2506611921,0.3226122902
fsi_0064a57b8532,0.7632859572,0.426563421,0.5468257031
fsi_51c6e19b8404,0.08369816173,0.1232090784,0.2175792139
fsi_958834f8a42d,0.4315092859,0.1796999182,0.2437158871
fsi_af89e5ac0ea3,0.9742772157,0.8793137198,0.902888934
fsi_0d856f0e93b9,0.03617879951,0.04299082471,0.0564296842
fsi_110b128ca065,0.1688339783,0.2264270731,0.1085535907
fsi_8a06d0a92f66,0.8434180541,0.5647439501,0.7120198777
fsi_e1778aaa9508,0.002743960383,0.004355667482,0.002821054972
fsi_62af7dbcf962,0.2891834961,0.07751013872,0.05622299131
fsi_93d53df1d83f,0.3653838302,0.451880974,0.4498178657
fsi_8a4b2eab74e6,0.03206612257,0.03729451369,0.0482267114
fsi_bd41bb90d13b,0.9681434811,0.9260481724,0.8953293761
fsi_ba5925d0baab,0.1242326667,0.2283184551,0.2222553199
fsi_f26a0b2baf9b,0.006050678236,0.01365352545,0.01121530616
fsi_c69871177ff2,0.8725919746,0.2358484261,0.1237482877
fsi_c3775bc90e9f,0.2836109366,0.3113228774,0.4175625924
fsi_bc6506cf1ec9,0.007428332579,0.01755657727,0.0124265098
fsi_d4f4c6fab188,0.6219370249,0.5347872457,0.6230348103
fsi_fb7003a7f41f,0.3676414957,0.4698204289,0.3916224788
fsi_644d10cfb333,0.9262530204,0.5722176954,0.6011389833
fsi_5eb8a5b04b91,0.1107323088,0.193245665,0.2123737489
fsi_314373dd7e13,0.6653366493,0.17511089,0.1595082837
fsi_0c455f806750,0.3744001747,0.4706115417,0.6093060618
fsi_8ee960270610,0.4898034853,0.3732361158,0.5069452558
fsi_4f0020600f60,0.6692594084,0.5279508574,0.4176324065
fsi_2bd0be4fc47e,0.6939564924,0.6323221759,0.7410229561
fsi_c7bbb6bc5cbc,0.339002845,0.3664023604,0.4814528634
fsi_b064fb0cca6b,0.06495859017,0.09996670684,0.2029361029
fsi_661b6aed0bdd,0.4684165607,0.5692582608,0.6057941009
fsi_3efebabaa5af,0.8041298678,0.3902002838,0.5004425052
fsi_38b4e32fd345,0.3911006341,0.4875233253,0.4810150253
fsi_64688ae693f3,0.1874678236,0.2985488132,0.3589897713
fsi_c3ffab03b1ed,0.1841083726,0.2982000914,0.335942338
fsi_702363c7443a,0.007365765966,0.01860694923,0.0132514676
fsi_f9ea8df27f02,0.5983437453,0.1423796871,0.1313226298
fsi_9eb48b6e039c,0.8723976731,0.7044912837,0.7886582099
fsi_a7d4bcd5766a,0.4862493693,0.4039030224,0.531094156
fsi_1f7cde4b5be5,0.2378953445,0.1531257306,0.07674035973
fsi_0d183cafb13b,0.01311829036,0.03305066445,0.01861333409
fsi_991255fff468,0.8208009998,0.4793232288,0.5307932229
fsi_c3a034e4c076,0.01504291548,0.01118868841,0.02804250577
fsi_42a24b82c899,0.1445725619,0.30364503,0.3778309092
fsi_ad919c29787a,0.8907328547,0.5271834894,0.6550623386
fsi_f6d46c9c7cbf,0.029842012,0.03425482827,0.04405595306
fsi_4b1f89fcc06d,0.8535684233,0.5976623336,0.7244449022
fsi_c6d8e0f1f017,0.8981716974,0.5961540087,0.6380965088
fsi_d54340f7048d,0.7425914389,0.5669696388,0.6821023279
fsi_e2c060fedfb1,0.09413717119,0.1793275463,0.2046988134
fsi_fbef7d5a8072,0.8910566677,0.5574101353,0.5870601553
fsi_821e1c99e95d,0.6923562086,0.4395135814,0.4978935856
fsi_87811ac6dc87,0.8664782049,0.6876351462,0.7847823577
fsi_2e2ff68efcf5,0.8464479607,0.7103235301,0.6230304536
fsi_2797088eac12,0.8283161889,0.4086368444,0.4455986164
fsi_51dbb9a6e0a8,0.01701989921,0.004420471662,0.004683249032
fsi_340898b6367b,0.7552662806,0.6467920711,0.5700440566
fsi_aedb698d9bc9,0.2886621959,0.05182491019,0.04129191122
fsi_e30f6f6760ca,0.9488898077,0.9303892839,0.9696420397
fsi_b60d3ed6bdd7,0.2037181053,0.2355625389,0.1394854564
fsi_cc55f98a0d19,0.7443795945,0.4566114159,0.5897233453
fsi_43266379e049,0.02089864724,0.005964845655,0.006290863203
fsi_1a18fc1a59e1,0.006253519042,0.009073960299,0.006376779275
fsi_1cad54486107,0.9003598141,0.5450188852,0.6342442994
fsi_19ea5bd6f789,0.776616767,0.6766065805,0.6306984874
fsi_404a01e24546,0.2297237834,0.3007023259,0.3554104994
fsi_10e3fae96ecd,0.9326992714,0.4757428083,0.5949943553
fsi_b77df703d123,0.2720764723,0.1398919333,0.09137566713
fsi_835e699b6b83,0.7283178056,0.5552010796,0.684820955
fsi_1232f3f3fc29,0.5556010596,0.4619375168,0.5317131781
fsi_e457088c43c6,0.145492321,0.3009129756,0.3949584308
fsi_98d0e4f54671,0.4190312724,0.1528632921,0.2009281385
fsi_af24ce8d78ee,0.004690832532,0.007479872029,0.004501938359
fsi_343944c3c6ad,0.1929626761,0.303378169,0.369244012
fsi_8ecc6a5415ac,0.4425484013,0.5732154257,0.2052088794
fsi_6f06bd2c65e7,0.04489972553,0.01454498892,0.02919661795
fsi_eed2a96e791d,0.4828537721,0.5820134296,0.7160719297
fsi_9e801ac639c9,0.9718925588,0.6047098713,0.7313721499
fsi_e7a8e36185cf,0.3233871597,0.1118265904,0.0814326195
fsi_ac3373592144,0.9890325821,0.9379271135,0.9418718351
fsi_cd84ce92d9a5,0.7179660209,0.6767414019,0.7461445337
fsi_d5dea3d5e5b9,0.01551413665,0.004100044163,0.004211615935
fsi_f2616ccfb4b1,0.5357347168,0.4829671457,0.5220069948
fsi_a3dcb7bcffdb,0.1052868099,0.1962719679,0.2052592095
fsi_799a05884e0d,0.6937350257,0.1622505233,0.1461907952
fsi_b50f9ee54bc6,0.2884214825,0.3982348352,0.4256470139
fsi_73eb0564c06a,0.02156965794,0.02801034164,0.05464237484
fsi_267cdabe4d75,0.9887490793,0.7380375216,0.8641745599
fsi_59d949f2868e,0.03797911035,0.04911872705,0.06894746215
fsi_e958606b07db,0.756145033,0.6392830315,0.4138797346
fsi_c1f561146670,0.621128632,0.4721638925,0.4186437376
fsi_e7c94868b15e,0.03489214665,0.04452741053,0.06190426842
fsi_66686c2e0f19,0.4759869735,0.5735329824,0.7026106624
fsi_d93a201dbf2e,0.1658326177,0.3473097424,0.420738786
fsi_04c13170c4b2,0.1503944531,0.3027782213,0.3984220193
fsi_e7142148187b,0.8249009984,0.6646691872,0.784640207
fsi_03db10a3fca2,0.5188839531,0.2633639381,0.2010685553
fsi_d4f61c5c862b,0.9254141961,0.5789993401,0.6089229302
fsi_4e93037659f9,0.7401202503,0.4267006501,0.5714188961
fsi_1084b159cadb,0.3564310609,0.08790484643,0.08189377042
fsi_e7be18d10974,0.4226742648,0.4834334811,0.4058987729
fsi_e0ae19404eba,0.1238124557,0.2493771304,0.1867177513
fsi_9dcf190d0c96,0.1554571828,0.2692751155,0.3454343235
fsi_eae08f2f32b9,0.7903522212,0.5527482434,0.5803360023
fsi_bd1405410e72,0.4888010749,0.283811238,0.2399174182
fsi_ad855367faea,0.8187375514,0.5152849159,0.6236539678
fsi_2f4202be468e,0.4259288133,0.3875818383,0.4716623998
fsi_c68032342e5f,0.2722898488,0.07500716181,0.04577713969
fsi_3a575ee2cdcb,0.9612050266,0.8228700768,0.899373417
fsi_bc402628f259,0.5177738467,0.6135420854,0.7383852201
fsi_6211d606ba15,0.5883811809,0.669581278,0.6845240767
fsi_7197fddf9b4e,0.9568688768,0.5088400913,0.5767011511
fsi_9a3da941bf0a,0.8689662134,0.3713414085,0.4015057887
fsi_42d35fb8d231,0.585586647,0.469752711,0.5993920441
fsi_9babc8711526,0.9043883199,0.7699995696,0.8552118504
fsi_eee8a712e804,0.8114534086,0.6753378169,0.5825862885
fsi_1717b18c2459,0.2295000076,0.3287240234,0.4591300332
fsi_c71540ecb492,0.00884984348,0.02060538929,0.01387711547
fsi_f48474dce5fd,0.02407238293,0.02676573037,0.03377579658
fsi_2bd053e2da81,0.4436376406,0.4381743594,0.4532513258
fsi_9b24567deebf,0.9866524408,0.8737567397,0.9346745621
fsi_eeb4fd680247,0.4703213093,0.236924547,0.1825979501
fsi_fc3936e51fc0,0.9195965033,0.5824190914,0.6574945242
fsi_bd4233820476,0.3952209352,0.4964305766,0.4486590421
fsi_fd1fb371328f,0.9428464253,0.7492228034,0.8809009091
fsi_01a245475289,0.1203524183,0.2615202729,0.3631321326
fsi_c9a2e3abd82a,0.7349823654,0.6369567004,0.5362264575
fsi_6fa945c4f3bf,0.5920432371,0.6675717823,0.6950490372
fsi_1765ce05f994,0.180995637,0.3038225056,0.3542626268
fsi_3a222b1cbeb1,0.2811289802,0.2423516378,0.3311089951
fsi_685febf2bbcd,0.2889203095,0.3388569202,0.4196813509
fsi_94dba5d4b877,0.8980908689,0.8923981066,0.948478823
fsi_95ddb51f9794,0.03330759975,0.04166995403,0.05624015139
fsi_74d483773e07,0.6191079502,0.5292163006,0.6180088564
fsi_e365f5e53cc7,0.01619754188,0.03726988424,0.02228940396
fsi_936163f21c9f,0.1360230613,0.2966523407,0.3843235021
fsi_d0c1b77cf619,0.237382376,0.3342749462,0.4808351367
fsi_8228ab0d1025,0.167423388,0.3888703279,0.4029030409
fsi_5d6a53ebeb73,0.4410887797,0.4569919087,0.4345019667
fsi_f98a08c76f67,0.1131043217,0.09578700003,0.2063337658
fsi_13fede18694e,0.786763615,0.5306622723,0.5956054778
fsi_1c28b4b4aace,0.2219403691,0.3611602152,0.3919526272
fsi_50fa66815759,0.4832709767,0.5638686893,0.693880341
fsi_2c90a3a2c867,0.5227876734,0.283969052,0.223903194
fsi_a2a11543731e,0.1566840941,0.08142070935,0.03520797102
fsi_2f9400353e05,0.9707769948,0.5862530661,0.6743053592
fsi_98da7dcae9ab,0.7027605643,0.5604352009,0.4224674565
fsi_6096b350666e,0.8615819046,0.6219471112,0.723874913
fsi_47c585600cd4,0.5253734398,0.5942204492,0.7622088102
fsi_31bf8e066426,0.005526905507,0.007863282158,0.005810365874
fsi_28dd0fcfe298,0.8948077076,0.1497739713,0.1769443766
fsi_fc0942f5d8fc,0.3170065448,0.2530807742,0.3832685815
fsi_2a548800118d,0.3722907631,0.1275492663,0.2062297453
fsi_34bc7e25dba2,0.9530144958,0.8881004485,0.9445105094
fsi_426b41a040b9,0.9977421783,0.4565109315,0.5121279204
fsi_7b8e9380e441,0.6601878954,0.7284334198,0.7358441153
fsi_7731c59e6b44,0.6283679574,0.6027726202,0.5371684837
fsi_4d4b51a05910,0.5270288154,0.6705004028,0.7854625915
fsi_696074428ac0,0.8840102716,0.802374683,0.8113003107
fsi_dbda53f07ad6,0.3236895214,0.1477619264,0.2371578494
fsi_84026f830362,0.5540817319,0.5215664265,0.5060336744
fsi_2ed91b36761d,0.4143558125,0.3966634551,0.2268738554
fsi_08a1fef60b2e,0.1174916299,0.09731003596,0.1039405675
fsi_d8cd2cc02271,0.2756813386,0.2596421669,0.3660732262
fsi_e8508164faa5,0.5722388691,0.4401411216,0.4435744304
fsi_c7994b8825d1,0.05665388652,0.1050206469,0.216578021
fsi_a7d839d0a5cc,0.3336869505,0.1115431311,0.1840488648
fsi_0ded3a81723c,0.3156327372,0.1705082693,0.1091642012
fsi_4242407fd49a,0.2458805588,0.3452721612,0.4947654538
fsi_019d127d72c9,0.2644198545,0.3820408572,0.5173092959
fsi_4e08ed657304,0.1607736618,0.1074706553,0.1485496134
fsi_f1f5d1d65618,0.886456437,0.5555012859,0.5798505262
fsi_36ef47bf9746,0.06275510557,0.05158638506,0.02301880421
fsi_8137b913df4b,0.5736632069,0.0691965861,0.1155517039
fsi_86f114ca4a48,0.324698471,0.1077769944,0.178657853
fsi_1915ed82745f,0.6193164761,0.5984661814,0.6065990872
fsi_9b1af5decebf,0.774342571,0.3361066611,0.1396916287
fsi_a9470bbf155f,0.3207463008,0.06334553369,0.05000032037
fsi_b782e8f96d29,0.7481091128,0.6161789586,0.6926946212
fsi_ad3771b5fe57,0.8836886609,0.7190582325,0.5764707533
fsi_05a5cf052abf,0.07189845924,0.06344675126,0.1445693023
fsi_12250b7c2dc1,0.03815827766,0.04727846771,0.05175634823
fsi_c7cde4c9062a,0.4179119762,0.5075663284,0.6595000649
fsi_8ec04d12a7be,0.3476978532,0.3594057377,0.427747031
fsi_f913fcd8e66f,0.5286761649,0.6025743632,0.5927495027
fsi_4747a0252189,0.03948092826,0.04783693778,0.05321849215
fsi_c30d3e877b7a,0.4596063835,0.2318537318,0.1691198166
fsi_534003730d0a,0.9086189968,0.8568485261,0.8646258102
fsi_c9f524d61ca9,0.4920866481,0.6301166006,0.7434604498
fsi_b07536f76264,0.01464325551,0.01795149077,0.0352009978
fsi_bda6738f614c,0.156926403,0.04989772597,0.06164167929
fsi_481067abe189,0.0621335239,0.05033052399,0.02237648168
fsi_647c1d9ff034,0.9301161388,0.9818071546,0.9882900443
fsi_d510ed2a8178,0.41206499,0.5307761486,0.6654222606
fsi_616917ae95e5,0.06015378877,0.04808072894,0.02473885232
fsi_624fe39f3327,0.3346697222,0.1364116738,0.2218909488
fsi_00ed33238ee0,0.8287635843,0.7461746996,0.7551730431
fsi_6d501d5d494c,0.09752251091,0.1263076972,0.1296354197
fsi_73c9e89c0cd2,0.2116344405,0.3241295065,0.4838633252
fsi_c5490b180386,0.9076826052,0.6992719526,0.823204598
fsi_3b3297a2d1a5,0.3333886992,0.4735380848,0.3065994512
fsi_66d103ec27c8,0.9698347684,0.8720947389,0.8772257028
fsi_72f4ee05c32b,0.4981875659,0.5959633523,0.6756542696
fsi_c9643f2a4cfc,0.158856437,0.1179466999,0.2106733709
fsi_061ee3491b71,0.4459731592,0.508698666,0.5636105878
fsi_52c91f339ea8,0.1400377219,0.08999581643,0.1142346946
fsi_1f2c39f68b80,0.05317992736,0.04566200049,0.1078033814
fsi_4c2ae14f95c2,0.0610204205,0.04900138675,0.02334187218
fsi_3b57140a0372,0.9091255634,0.9840187752,0.9891895892
fsi_4d299aaf74c0,0.5115241854,0.6106356153,0.7172879328
fsi_9973af69fe15,0.1182967033,0.04353109082,0.04359875731
fsi_9224d786a03e,0.01499059636,0.008579245335,0.02046932809
fsi_d91ff950715d,0.0808989707,0.06833754303,0.03340753834
fsi_019712920c12,0.6119164725,0.7162040576,0.6986340518
fsi_26d01cb42edd,0.6588624127,0.2699133023,0.3052257358
fsi_5fbe463331b3,0.4735070002,0.6038684959,0.7034313881
fsi_9f71ceef6c9f,0.1048410603,0.03484734066,0.03604247358
fsi_1d7ce52fc6a7,0.4832795092,0.6024747773,0.6648328966
fsi_e3aafdec85ae,0.2108164094,0.2284714782,0.3569839656
fsi_e15b2fad16c9,0.2482776055,0.3689490626,0.5133629294
fsi_2a2a76f56786,0.3227885786,0.457927273,0.2850982081
fsi_ee3f4d2cf038,0.5326964075,0.6169593259,0.7382273828
fsi_126697a7d528,0.5436857218,0.6082191032,0.6027953823
fsi_fee154e8f380,0.308630775,0.1557332453,0.2084457101
fsi_dfe71408f94f,0.5442275448,0.2733551878,0.189852919
fsi_b2a4f1d2f4dd,0.3658234081,0.5117781198,0.3187933831
fsi_0563042c6f69,0.8872658066,0.8742037888,0.8917401394
fsi_a05518877f78,0.06555961198,0.05894191987,0.1336772648
fsi_ffee9d679f6b,0.2726179974,0.09124683622,0.1086626834
fsi_11f4c39a60bc,0.001935008411,0.004740090857,0.006440834755
fsi_43e6828bd8e6,0.9108049048,0.610142454,0.6429469237
fsi_09f32ffb7000,0.7983487414,0.3388770068,0.4969110989
fsi_b0ae3e4fc288,0.02256353969,0.005541041616,0.005329520459
fsi_0d789f31efa0,0.05250788245,0.06101599865,0.09968015088
fsi_0c741337d290,0.02135463422,0.006918533862,0.005632460422
fsi_2fb436f25bd0,0.06584281726,0.07810010374,0.1041849113
fsi_359c677f734a,0.3757241471,0.128167865,0.2092899242
fsi_d1f4125fa52b,0.9923262555,0.8951361024,0.9350809845
fsi_adafb60b0f41,0.3865470549,0.4991702482,0.6030090513
fsi_17694f96b154,0.0559268477,0.0650865122,0.1061140541
fsi_62da8127936e,0.4732824539,0.5022578219,0.4583609931
fsi_55908a51a033,0.4448974502,0.5724289626,0.6604690397
fsi_95eb4c195f49,0.1114053166,0.1549164762,0.2742794318
fsi_96f8c67a5cc6,0.4453403261,0.583045129,0.6294780676
fsi_b15afc394c40,0.08784659579,0.1639399376,0.1259761184
fsi_1ee2e5998e7b,0.586364172,0.6761564535,0.770603757
fsi_1e9cf160ac01,0.08701411051,0.1592322036,0.1354977018
fsi_0cbaf9795e4d,0.5374137064,0.08464701197,0.09065267832
fsi_b9df9b59acce,0.8045328909,0.4772327223,0.5852560893
fsi_ea048492e26d,0.2689438825,0.2755671321,0.1036518118
fsi_38e507fce9be,0.2013367112,0.1859745364,0.2986877362
fsi_18a5af210646,0.06153695848,0.04963809541,0.02512592442
fsi_01bf5d05fbfb,0.2952674828,0.4505114273,0.5455868096
fsi_607e5e465659,0.1302310365,0.1743681063,0.3483297299
fsi_15f087da8b8e,0.06208715028,0.05218142161,0.023081868
fsi_9c9468f032a8,0.9988144623,0.6182312276,0.6162071721
fsi_f34390e02d06,0.9733145088,0.9742072995,0.9814084538
fsi_8a9f46b79a0d,0.06058367663,0.04603526772,0.1120854642
fsi_836ff1518e94,0.9916953237,0.9438040693,0.8400174354
fsi_0860eb93877a,0.4205665721,0.1204502307,0.1092051032
fsi_242f5a46c4cc,0.5554344539,0.562131003,0.5290483079
fsi_75238eeb5159,0.9975557805,0.9385450366,0.8304856356
fsi_a989c72b2944,0.5113928338,0.6246330858,0.6637934616
fsi_20a7c254f178,0.840654033,0.3783782105,0.5526526057
fsi_7349feb6a081,0.1625331672,0.2072270401,0.3493284652
fsi_bcc7ddcaa293,0.0008601552497,0.001746996148,0.002718059934
fsi_a80df7da9766,0.008978014763,0.01410075346,0.01065853339
fsi_02612e37540d,0.5454567941,0.08507606539,0.09431760694
fsi_f15fa965a6fa,0.1716998091,0.1897400116,0.3086075693
fsi_6fda238058fe,0.6267857576,0.6019529476,0.6153289159
fsi_e195cf4f7434,0.4239216936,0.6226434256,0.4369233329
fsi_321f901e400e,0.6902425979,0.2560804828,0.235625134
fsi_a8b1df72732e,0.06831069924,0.05536962344,0.02587126055
fsi_50b6113526a8,0.9501572756,0.9327104487,0.8513309149
fsi_cae2bb0bea3a,0.5833985514,0.1056812375,0.108067512
fsi_3ea23a4d76f3,0.0523217427,0.04547142868,0.1073763907
fsi_178a89bbcc3a,0.6124255615,0.6803832053,0.6571314022
fsi_74619ce03da3,0.05663809281,0.04693609797,0.1119374203
fsi_00892be8aabd,0.8425812728,0.3296874995,0.3836614594
fsi_012522e5062c,0.9473670368,0.9413107241,0.9734038739
fsi_1c24292c23ed,0.3755689937,0.6031775098,0.3318148545
fsi_e8de9b493b7c,0.9375192229,0.9267170368,0.9472860483
fsi_0ed0f2068c86,0.06253783832,0.05330069292,0.02485235418
fsi_beb7b4145a60,0.03432838652,0.05434393529,0.09849088341
fsi_f3d00c6c7342,0.04080888472,0.05364658103,0.06360759999
fsi_b5a7a7d0f01f,0.4941217009,0.6268300691,0.6400458624
fsi_ae35bc5ec123,0.3215226241,0.274227569,0.2998088617
fsi_6575f1e57ff5,0.102795704,0.03511885817,0.03695515863
fsi_7fad77e68c31,0.1489229225,0.1614243442,0.2766596041
fsi_f95f53ae2a78,0.08964388114,0.1595496928,0.1424367404
fsi_4cd586c6bcd3,0.3421526324,0.4579842007,0.5504741267
fsi_29000d3d4144,0.1568661828,0.2177840746,0.3583229012
fsi_27644bc7ffd2,0.6785472128,0.8378205745,0.7312921241
fsi_5158df0f8abe,0.2856774649,0.08664376693,0.09085679866
fsi_0248c40f2914,0.9336229311,0.8868762957,0.8571235423
fsi_8cea86829fcb,0.04817195975,0.05470087624,0.08830972062
fsi_9d8388cc00d3,0.8169512437,0.9119838899,0.9569707104
fsi_aa4c2aa9fd0c,0.06189108137,0.05187229172,0.02407392399
fsi_ff60fd8226c0,0.05952556455,0.04912879197,0.02643972359
fsi_17c84b8c816f,0.7309778309,0.2989859908,0.355997699
fsi_0931a7f3ea35,0.7034388182,0.2996002034,0.3198842559
fsi_12d802c71627,0.4825185561,0.6090526331,0.6786424416
fsi_f4740277fb5c,0.1141939827,0.1621117801,0.2728196476
fsi_9d32d8d577a5,0.6735731832,0.5013362026,0.4797455528
fsi_47dea82cee48,0.9894766257,0.9511867121,0.8751827534
fsi_1eeb6a1e925c,0.8209992908,0.913782183,0.956536518
fsi_29ee63562cda,0.06092677132,0.05054143716,0.02530061281
fsi_7970b88e8339,0.6024501121,0.4579926549,0.4415138075
fsi_778d69bde731,0.4328741288,0.5423399526,0.5898245266
fsi_cab5a0751bd1,0.8957754579,0.879610193,0.7805975865
fsi_9e3e31884f0d,0.6564173054,0.7847295507,0.8271198049
fsi_6a95149f8833,0.7863665389,0.3162684395,0.3741704471
fsi_8c2074aa853f,0.07894804278,0.06870613856,0.03548243888
fsi_9a05238178c9,0.5589319495,0.6917270234,0.6692648166
fsi_a9540fd7f82f,0.8868427023,0.8735519012,0.836781235
fsi_eb0a394398a8,0.1681097181,0.1870977126,0.2906937946
fsi_66531ef1dbd1,0.3406206498,0.4321300413,0.2578326862
fsi_6425a81f4588,0.07305945267,0.1430378845,0.1342874208
fsi_3ecad464692e,0.5984851027,0.4700958131,0.4768004573
fsi_fcef16837b9a,0.2617459571,0.2902504075,0.3130215855
fsi_bcecae22d004,0.3061366107,0.09084293563,0.09741233956
fsi_64f5e439b2e1,0.002850381253,0.006215477927,0.008507320379
fsi_e02623cc7925,0.2217917014,0.2991029634,0.2636227643
fsi_87f64767efe6,0.1746067128,0.1815846717,0.3126659522
fsi_41fe907c9427,0.3212662292,0.4721001097,0.2733784459
fsi_bf7c6108bd7f,0.05619802757,0.04808840354,0.02414398409
fsi_53ea535e47cd,0.7858664711,0.8856264905,0.9360581768
fsi_d046ad26d82c,0.2476648645,0.3375768075,0.4716713146
fsi_4ac8b4216a77,0.1074031049,0.2022808918,0.1481664983
fsi_b097920a06ed,0.06041738253,0.05018337105,0.02695992198
fsi_3d60a4899a10,0.3651242089,0.47897085,0.2662799739
fsi_418b625dd043,0.7727701827,0.8886335288,0.9423322853
fsi_445dd99585a1,0.03391187177,0.03071736818,0.05797163658
fsi_466fac4db0e9,0.02921887098,0.03091817784,0.05928778796
fsi_184f7af817b9,0.9233557732,0.9597931292,0.9796128259
fsi_4aafd04679e3,0.5702577887,0.6707499068,0.6108876481
fsi_7e0bdcdde45f,0.8158402591,0.9131497787,0.9537467293
fsi_37ad47f7bc1b,0.001164263108,0.002130856083,0.003377998227
fsi_556f9e51e30b,0.6830223924,0.1065462562,0.08701127539
fsi_a699c12cfad2,0.1957587676,0.2851898057,0.4243282296
fsi_73bf94b2e629,0.1639459557,0.1774770344,0.3008104473
fsi_11cf3cac7e62,0.04549912657,0.05747889501,0.06790508348
fsi_b48500338c6e,0.0302191972,0.03206236508,0.06076547646
fsi_dac593fcc7cf,0.3015459455,0.07195154318,0.07940022771
fsi_62374e55cc84,0.02337121569,0.02349781363,0.04763797275
fsi_5e0f85e1e134,0.8722945599,0.9892876535,0.9835807314
fsi_d3c38254adfc,0.03108285345,0.03299339512,0.06364265945
fsi_14ca76142bba,0.02919512451,0.02759721699,0.05321472725
fsi_784be903b0cd,0.4360023454,0.6371904678,0.4985739082
fsi_47ff8a68187d,0.1489219137,0.1628621819,0.2740634424
fsi_d5c7e1d23e17,0.05965101872,0.03842992618,0.04660199437
fsi_684490152ce1,0.1826196601,0.2792361655,0.3664381549
fsi_85163a31075a,0.02840996413,0.02826541972,0.0571298998
fsi_514764da02c8,0.5882473689,0.4540439216,0.4156316488
fsi_11f8d835d5a5,0.06795878353,0.05704788338,0.02825689997
fsi_c5ef85527f78,0.7355218317,0.2880551134,0.2540745122
fsi_4f9eb5328e9c,0.05261847302,0.064935218,0.1487395496
fsi_b6df12cc45ce,0.1635585345,0.2388444435,0.3735344388
fsi_51f34777755a,0.0520040169,0.06325110206,0.06352104387
fsi_c9d2c85ccf0b,0.3467790971,0.1882641217,0.0954510589
fsi_9e05773adf40,0.09627850025,0.1520422934,0.1387819672
fsi_e30610fd0284,0.7582360638,0.2780639746,0.3182937348
fsi_c3d8115767ad,0.03182769546,0.03328589649,0.06556191384
fsi_3ac6b8899d24,0.0556733616,0.05490103592,0.08904676308
fsi_e58060b55834,0.8414509665,0.8931242372,0.3204644225
fsi_bc01dcbf49cd,0.4133000428,0.3887421637,0.4786766901
fsi_a99a90dc92a6,0.08176235507,0.1557792587,0.1294603138
fsi_a05976d3fd4c,0.05687347068,0.03754767573,0.04565318833
fsi_b05a35d02de8,0.02320224628,0.02237170266,0.04558462649
fsi_31bcd0f2db31,0.06089101436,0.06053950195,0.09812931104
fsi_c465bfd070eb,0.2599590738,0.4444832618,0.3921632513
fsi_53d90bea4c73,0.06108574725,0.1115986072,0.1707118311
fsi_fddf96f425e6,0.3713825734,0.1236815222,0.1252231804
fsi_3c1c74dde592,0.6303342968,0.4563631806,0.4351459277
fsi_2df44e4a8047,0.01877953658,0.04308905381,0.06335249202
fsi_d815df04d0c3,0.6038751045,0.7436496136,0.3563791294
fsi_8b6b6f44dc20,0.9573938713,0.755122333,0.7516698509
fsi_fb3546b789a2,0.03537331058,0.06034908279,0.1045149495
fsi_beb9e50c5d6e,0.1803090631,0.2683824445,0.3608063658
fsi_f8fc6bc31b5f,0.1840670156,0.2866103621,0.3544520221
fsi_a4ce514d0613,0.1919500135,0.2652054467,0.4112672938
fsi_7f0c484f082b,0.05150663258,0.0332245798,0.03889104855
fsi_c25ef1386b12,0.03444396229,0.05728353764,0.09866921035
fsi_80fcd9ddd4c8,0.04656657866,0.07066477291,0.1318835551
fsi_062a5768e970,0.03946701574,0.01101387733,0.01751248043
fsi_47d7e7f3b338,0.09974122704,0.1626329034,0.134183981
fsi_75ebc48630a1,0.4931832011,0.536956789,0.6265218306
fsi_b844318c1e1c,0.3701822186,0.08464817184,0.1522437977
fsi_325a10f3c51c,0.7699969085,0.2671156896,0.2179486593
fsi_53f4e1bd8522,0.5487197031,0.5523144941,0.5238864669
fsi_04fc1416315d,0.09448466781,0.1391742892,0.135158516
fsi_4a9d63cd28c8,0.06108551845,0.1109710696,0.1664184598
fsi_67a78c48494c,0.2520744701,0.2189042181,0.337723868
fsi_ffedc26c0d4a,0.06027737153,0.03216793757,0.0373424417
fsi_257d50090809,0.03059268296,0.007828444741,0.006804638304
fsi_e2ea6adb20e1,0.05548803481,0.03835130102,0.04748412016
fsi_b82384c5ffd8,0.0173655189,0.03892332254,0.05561364323
fsi_b64f2e460383,0.4767072505,0.5177291784,0.6062407971
fsi_23e3dfe8da4d,0.6982929658,0.2348776845,0.1993034152
fsi_8d035bd13628,0.01315674337,0.003781039576,0.01050353124
fsi_a1c926fd746c,0.8771718497,0.8303551656,0.880559655
fsi_e237bf7ed962,0.2848318973,0.369272195,0.1778970567
fsi_e130cae121cb,0.1616510169,0.08595558877,0.1371975468
fsi_6c5076377a77,0.03388569809,0.05318547219,0.09357277473
fsi_c06a441c4a9a,0.02292910978,0.0197274927,0.04137720225
fsi_9a59c1aaad09,0.04611992229,0.01341416081,0.02112747638
fsi_44e133259c1b,0.7008947978,0.301031562,0.2588899898
fsi_36f3bb39db14,0.03542262364,0.009523754827,0.01469584746
fsi_6550ca088eb6,0.02858032816,0.03176796105,0.06311348082
fsi_9533a53c7310,0.02315325021,0.05249016969,0.07494861144
fsi_5a2738a04552,0.2406713777,0.2244933311,0.3338186828
fsi_4133edd45c02,0.07499888006,0.1436774075,0.2117632381
fsi_48f42cd2cd10,0.04973553998,0.0479822351,0.07777317686
fsi_0e7220868724,0.06324699599,0.1094664264,0.1719237927
fsi_5749e34907cc,0.2702664499,0.3512905725,0.1651054712
fsi_4e6ea3f3a854,0.1804697699,0.2472393538,0.3976166421
fsi_3f2e7dc9e274,0.1363988861,0.08987420932,0.1307860424
fsi_61506cf83e42,0.06275204522,0.04385413881,0.05810761727
fsi_355dede57095,0.5339317666,0.5782576106,0.6573099093
fsi_655fa861a012,0.1499979922,0.2448748873,0.3550606901
fsi_e31b0d3408e3,0.1073609925,0.2185714294,0.3346898909
fsi_6d682eb72b82,0.6930792401,0.488527839,0.4389383759
fsi_512e848d2a2e,0.347884393,0.2080046142,0.2349159348
fsi_d6a52562e60b,0.9158638675,0.6786003119,0.7094264953
fsi_3085cd37c194,0.7897673429,0.3941848929,0.5735614157
fsi_90c03cf70cb1,0.3715919577,0.1875484485,0.2096631332
fsi_6a914bf85846,0.07635982044,0.09470565446,0.1763484103
fsi_ed3e591d52a1,0.08254686375,0.1276991947,0.1381461769
fsi_14f1d1e97a74,0.7893302428,0.309429271,0.3634093292
fsi_d4f3fd27f4d3,0.3164719147,0.4085014557,0.1903543653
fsi_b1652df61276,0.1335289649,0.0891381188,0.1288972439
fsi_c3eef6683b89,0.6147383432,0.07224843599,0.08630347072
fsi_e44f96108174,0.0772843193,0.1824253327,0.3038164334
fsi_b9dfdc91d82f,0.03672350023,0.02955647225,0.05972414921
fsi_042e165a5982,0.2514936989,0.180231641,0.2708382779
fsi_a23619be7725,0.04392580207,0.08154152298,0.1380042071
fsi_044c4559ec99,0.0552080383,0.04951774078,0.0273313213
fsi_ed877f9de1f7,0.01762495784,0.02101584791,0.04658953068
fsi_1881c306c18f,0.3263878459,0.1643844293,0.1908146744
fsi_2e48cda75893,0.3281511022,0.1128159691,0.104053979
fsi_5ec7ece32ac3,0.1967362919,0.1812037764,0.2886283408
fsi_f71ef81fe312,0.1864709099,0.2595776978,0.3938942947
fsi_a58f628c9a2b,0.02143112929,0.06214222954,0.1056038915
fsi_c469277a99c0,0.02284128876,0.01656799905,0.0351804429
fsi_cbb0a6971d5e,0.2015384769,0.1591219906,0.2383901332
fsi_f4b371d8903a,0.01725775166,0.01968649369,0.04414870553
fsi_bdd8070320eb,0.1270617046,0.08437443365,0.1218035879
fsi_533cb73ffce2,0.02388956603,0.01753507038,0.03760396725
fsi_c83a2295e99f,0.05875320091,0.05202468675,0.03702393948
fsi_cee883f80569,0.1183362987,0.1908185459,0.1474669451
fsi_df3bc558d37f,0.6674008841,0.2247539542,0.1831673355
fsi_0e15615ce6d7,0.4090445443,0.2243597786,0.2414253741
fsi_5089e3f4b369,0.3614178826,0.2107658871,0.2321644506
fsi_bd73f3c4a802,0.07947122481,0.09662258377,0.1812802335
fsi_b83205e561d0,0.03041178796,0.04741102501,0.08388302381
fsi_1d256e4a779e,0.06247282562,0.04350440148,0.052302605
fsi_79731ff16a25,0.06974834864,0.1231765952,0.1890859225
fsi_e4dad1301599,0.05324716706,0.08619212249,0.1480558529
fsi_6bff3d21af81,0.1266905068,0.05189465202,0.04290086381
fsi_e227d61e8747,0.05004899284,0.04309536921,0.02812883195
fsi_9bc34a80283f,0.3379966182,0.3966388068,0.3422038375
fsi_7f1a93dbf46c,0.09036515301,0.1583581455,0.2448920818
fsi_bbbe50176dfb,0.05905692722,0.06886346954,0.1027227786
fsi_3df5331edb6b,0.345688897,0.2448356696,0.1200078087
fsi_66682bdd1cff,0.2459726104,0.3304527369,0.3774412688
fsi_baefab27d593,0.01987998578,0.03256272058,0.05674931545
fsi_9641c40ba2b5,0.1956337149,0.3075283082,0.3925432032
fsi_dc770d18346f,0.6051446067,0.1129418539,0.1036588896
fsi_8f799b37fcc5,0.05456233627,0.04806875467,0.02647390415
fsi_540f8906167c,0.05789430299,0.07385254691,0.07927869427
fsi_2465e1360433,0.04285702251,0.03736505885,0.02587000842
fsi_a588d1dd1e30,0.1332338747,0.09172852371,0.1332090323
fsi_4f563d5d2c94,0.05273616394,0.04576973305,0.02729272261
fsi_daffedd0feec,0.2163023169,0.3360911,0.3961766732
fsi_1c0fe0661e39,0.1241768122,0.07262617099,0.106370215
fsi_09df6bdbac27,0.3374890502,0.4438966826,0.5547426316
fsi_a8492b176c0b,0.7384517431,0.2680270791,0.2184274756
fsi_466e5bbd50eb,0.3169160298,0.1977095214,0.233748018
fsi_e32045725d49,0.2242712789,0.08702160259,0.1352162679
fsi_7e886975832e,0.3767016895,0.2135599823,0.2333418891
fsi_1d72fdd1db7b,0.3896683953,0.2102000086,0.2270034448
fsi_d2a724fac71f,0.01663027049,0.01713413827,0.03968540607
fsi_f8eb989943bc,0.3064852856,0.07044872492,0.08153028585
fsi_c99810615796,0.3137028561,0.1572893929,0.1782550371
fsi_65b90ae5b143,0.01838184615,0.04378319918,0.0581134323
fsi_b6ee9f23ca89,0.06276486142,0.06882879276,0.06503731232
fsi_558f9a91bb77,0.2804589966,0.3295145062,0.1430337947
fsi_0af5e6f33fcc,0.21624587,0.2854746822,0.458377355
fsi_b5af7a3ea195,0.9577829994,0.6673323562,0.6014783515
fsi_5c7d8ed62b98,0.4034455548,0.2182994964,0.2344711943
fsi_887736b6943d,0.52387055,0.3319191502,0.3202855523
fsi_ac791d623989,0.2944986882,0.4163445021,0.2059818979
fsi_1089395a2c43,0.12928645,0.04123295845,0.04159559543
fsi_914e9c41e108,0.7280043589,0.3048562175,0.2382337633
fsi_8394fc89798f,0.220585004,0.195097132,0.1585500896
fsi_0a26a9f0e99e,0.119511175,0.05597278537,0.06217264816
fsi_5379bb599876,0.3471668405,0.3992214317,0.3685952987
fsi_e01feb3d8878,0.5714234713,0.1792327024,0.1065480424
fsi_355053182c21,0.0806659506,0.09392483069,0.1786887984
fsi_461bc0590d82,0.2523551901,0.24686593,0.3440659977
fsi_cf414d849ae7,0.928846979,0.8580071583,0.883282917
fsi_aa09f5575004,0.409713352,0.22252793,0.2398229561
fsi_7e295446cfbe,0.3036199793,0.2171641412,0.3927560938
fsi_31b49e6226f6,0.1470419415,0.1036702546,0.1572396101
fsi_411bdd9970ef,0.7431707767,0.3567419474,0.3928945771
fsi_83e57bc65f35,0.06600848394,0.07467603134,0.06945554083
fsi_5525ae24c9fe,0.2680154875,0.2396457918,0.3540985362
fsi_a54e1fa11bb9,0.04897823459,0.04214059069,0.02836776448
fsi_893a8cbaccb7,0.1753239058,0.2430519266,0.3953218196
fsi_30172f8d4353,0.5211529294,0.518547778,0.5987673486
fsi_eebb97584b5f,0.01941415306,0.04247100044,0.0558651709
fsi_932617273f98,0.1974347326,0.2717436041,0.4357638781
fsi_1465ff4d0fef,0.06393305016,0.07083527815,0.06535165327
fsi_97a64f7ca5e6,0.364861757,0.1890920327,0.2084349164
fsi_2ec5fdff6afe,0.1036118518,0.1603121693,0.1442749943
fsi_35027bb614e0,0.4203664097,0.2396793415,0.2674686842
fsi_2db073bd2dbe,0.5010324115,0.3258157115,0.3179126769
fsi_3867e63eec90,0.04984767675,0.07697066519,0.06509741767
fsi_0b69b77e5b20,0.3053824792,0.311919252,0.3992616249
fsi_7fda5641d806,0.06702017567,0.07473061366,0.07286649009
fsi_8d99503243de,0.3602980182,0.3938460117,0.3734931265
fsi_8ace4a9ef54e,0.6575705071,0.816510879,0.6279674331
fsi_75c8abad2f2e,0.01854323498,0.0241387375,0.03543488644
fsi_6f3f52d2681f,0.3778225598,0.4359841302,0.3805212609
fsi_89c2604b6295,0.05576460234,0.04859513648,0.0312305308
fsi_0bf719a8dd97,0.3997910455,0.2311414292,0.2549242282
fsi_e7ac55733250,0.09005552745,0.1143643829,0.2078171519
fsi_9f519d32fa45,0.4879823914,0.307678084,0.2989479202
fsi_f3532c0ab4a6,0.9043495289,0.3194274237,0.3633703948
fsi_d838c7b5cc79,0.2017912505,0.1936183687,0.2791622116
fsi_153a60087f64,0.8618069728,0.5255920597,0.3238024137
fsi_61a26d4cf569,0.4986850775,0.3160574744,0.3056676165
fsi_c6b02a9cbaa0,0.02704919165,0.02647367136,0.05890814361
fsi_c2ebd3792ed3,0.02190674558,0.02858227536,0.06213002721
fsi_38a05ac48db3,0.5137666028,0.5628983811,0.6208961201
fsi_74bb096c1b64,0.5932126215,0.375151045,0.3711655408
fsi_0dc917523508,0.3277170933,0.5098359718,0.1921048759
fsi_4ce53498ed5c,0.04040154126,0.07211361964,0.1419027828
fsi_136acaf23668,0.01621898986,0.01475017032,0.03445846606
fsi_101f0a4c2ca5,0.1452373544,0.05538996928,0.02687075604
fsi_97232ca4d67e,0.03147153584,0.03337022737,0.0525739051
fsi_9c3ed610d7eb,0.1391209258,0.09760921588,0.138998188
fsi_8065e7012edd,0.02625106873,0.02974690132,0.06688634346
fsi_f248357d5959,0.06787023057,0.07570824959,0.07292540301
fsi_98ff563fbbc0,0.4481753857,0.3057682878,0.3155682581
fsi_1f8d4cff345b,0.08435325583,0.07498549005,0.0665082249
fsi_6e357c21ffa3,0.1577877845,0.05759765913,0.09411779051
fsi_997f41fc4205,0.5024522037,0.3203977363,0.311289551
fsi_9e6cfb383323,0.616477306,0.2971317455,0.4117380116
fsi_11df850ea4db,0.8898662894,0.6144132731,0.5357525585
fsi_a88efb70ddc8,0.2741048522,0.3755132768,0.1563301609
fsi_e2f113b4c21c,0.4224923152,0.2195693312,0.2742071336
fsi_f60bb0499971,0.9753814086,0.8414391574,0.9008284178
fsi_44bc70a2af2e,0.627516251,0.090779674,0.1156294782
fsi_405f4b16a351,0.1315242098,0.0490019891,0.02250410256
fsi_95a0a0161f29,0.5164503649,0.3375251417,0.3297169342
fsi_fcdc4d8a344b,0.5255711117,0.3554063681,0.3666810489
fsi_9fff2b73fda3,0.1741850425,0.06732128442,0.1067159955
fsi_5062f0bd8346,0.1177715833,0.238098801,0.1170502948
fsi_69dee1ab03fd,0.02578012807,0.02848853254,0.06487163408
fsi_3d8e8b344c1f,0.1618139902,0.1389234868,0.2286049515
fsi_58398e9891fd,0.5719039669,0.3526823463,0.4843029222
fsi_7c7c4d199e29,0.08406126899,0.07368577269,0.06519299944
fsi_7cac596c1286,0.05711172886,0.06420017239,0.05377321633
fsi_101d15701d0c,0.9515188424,0.4559890055,0.4467667646
fsi_2c3bb60239ac,0.1507092243,0.2363687354,0.155883004
fsi_9e5f3be846d5,0.06680839262,0.07702830461,0.1153413431
fsi_2449ea062be3,0.1198988936,0.109661535,0.144508024
fsi_c27cd225e0a0,0.1449534195,0.3107518907,0.2820366723
fsi_18576d446f70,0.3163171384,0.3259450534,0.3392922355
fsi_390df4343fbe,0.06890569662,0.08203462044,0.1620371938
fsi_4d1d9c617e75,0.9934888094,0.8685395385,0.8966754322
fsi_b6eab77226b9,0.5017558663,0.3505678017,0.3650596148
fsi_76aed0c21830,0.2981723486,0.3625741722,0.1456793616
fsi_f7fd2708fde5,0.08339625199,0.07258059436,0.06760864066
fsi_d8b38baa7d14,0.08217580648,0.07160800458,0.07055773275
fsi_2e3bbe0addcc,0.04956265485,0.0118606295,0.0177926004
fsi_46b98c2daaeb,0.1148441035,0.1051399678,0.1377842396
fsi_171b0306d759,0.8391852806,0.7986825939,0.8767907644
fsi_b61624ad56b1,0.1734034702,0.07120252269,0.0318997748
fsi_5a817c055002,0.07476371078,0.08334873707,0.07782801731
fsi_4af9214b34a8,0.5431222249,0.2643064719,0.3782591922
fsi_1e1edfe68c78,0.1439016854,0.3036771913,0.3018676741
fsi_3511de0312a8,0.5620610822,0.5613278206,0.6251529513
fsi_9b72d5be35a8,0.4865747159,0.3286264028,0.3414706535
fsi_a3f6905ea80e,0.03161868092,0.02064307039,0.0120108505
fsi_71d74a3bf01d,0.4996179978,0.3375332219,0.3491854908
fsi_ee22470cd663,0.8322130232,0.7787686048,0.8372152535
fsi_3e2ed83d0b81,0.1118340578,0.1017893242,0.135539468
fsi_25d0ab03f188,0.874659249,0.5573997999,0.4679566467
fsi_15a3de8db219,0.9295156224,0.8919307141,0.9509354972
fsi_a91c32803ae6,0.02739118463,0.08965659404,0.1009286358
fsi_d1c0abf6109d,0.6016281298,0.3313151856,0.4502367051
fsi_4c2f482b97a7,0.01412489009,0.0068250261,0.01561664354
fsi_8f9f3f24a853,0.04631161847,0.01446759627,0.01926242981
fsi_fa63c8641553,0.06216055779,0.06390401122,0.09387271212
fsi_7f7396420bd7,0.02683041303,0.0274064873,0.06370170901
fsi_82297b56128d,0.04664637078,0.07580226911,0.07296754147
fsi_be8afca17e72,0.8462748041,0.7905989417,0.8393553287
fsi_15dc0cdd1120,0.01951837477,0.02651595648,0.04827778922
fsi_21a97c689d1e,0.5919039993,0.406910968,0.4275062548
fsi_afc1e808c041,0.06611829232,0.06495729583,0.09690094972
fsi_11ab09421246,0.1224027642,0.1072957637,0.1481081485
fsi_23f6a052d87a,0.4495119689,0.3389709446,0.3684663497
fsi_f747ea30bc1a,0.02320771136,0.05548091394,0.06794294991
fsi_55ce13eb1125,0.07620668183,0.09202505867,0.1754566105
fsi_cdcfad73f008,0.9130386855,0.9022365704,0.9533165476
fsi_969b64f32d76,0.5200600974,0.1199226166,0.1824689881
fsi_4b3a326ced26,0.1101584809,0.1016546804,0.1331975774
fsi_13eea75ad2d6,0.4677437628,0.1079218796,0.167875339
fsi_4de1bc94eeec,0.5032184104,0.3414213528,0.3544289229
fsi_250cb1c76299,0.01886043699,0.0252148731,0.03775502128
fsi_48ff6bde31e0,0.8924286574,0.6780533786,0.56128127
fsi_29f75149352f,0.5489993452,0.1558470912,0.2091432363
fsi_67f8762b75c1,0.04934910971,0.1015313,0.1596554013
fsi_1af00d98149a,0.6919838663,0.6893921871,0.7683710681
fsi_c57d5ebfe318,0.1506339186,0.05411064589,0.08832742149
fsi_e4a0270aa28a,0.05327684797,0.06819475248,0.1123273227
fsi_70702e8a1f11,0.04811525451,0.09842410332,0.1519724882
fsi_07a27f9cc530,0.8596693034,0.8614305614,0.8612925208
fsi_63664c79bb4f,0.5592362587,0.1578062559,0.2145811311
fsi_d74448efa104,0.02155555154,0.02158525652,0.04594298181
fsi_aa0261ceb245,0.2975989656,0.3979635852,0.2691974069
fsi_f896d1583661,0.1459713954,0.04210485007,0.0207715452
fsi_9a13c4945bf0,0.1813092945,0.3111381541,0.3058004252
fsi_4a3e1068d0b4,0.5132975496,0.3614838979,0.3775327264
fsi_e0d193b22abc,0.5334008098,0.2545122799,0.3608890791
fsi_6db92dc76025,0.2909895092,0.3796029545,0.2933765959
fsi_c65f4fe8157b,0.1474922342,0.3019276203,0.3069620655
fsi_7db4f6822542,0.4967105863,0.1355237129,0.2058397164
fsi_52cac437ad3f,0.4499652431,0.1036583533,0.1620103025
fsi_e8ef30f68918,0.9986779113,0.6608520268,0.6204333863
fsi_9d0b2ec7ed24,0.7900521754,0.7553636942,0.8318001795
fsi_47f7f4640443,0.4146451391,0.2489422143,0.1810996841
fsi_a95801a02b6b,0.3699661858,0.3732937973,0.4081011546
fsi_80b5da4963c1,0.1072725163,0.09773962088,0.09051334723
fsi_eeea80429505,0.04378472728,0.07126006985,0.07959479686
fsi_11b46e9f3eb0,0.3436944481,0.1391708268,0.2015621581
fsi_a82c01fe34c6,0.04416715812,0.07236813251,0.0843049623
fsi_9b8be77bda7a,0.1243584992,0.1163477867,0.1593873238
fsi_cd4007f1a050,0.08609889885,0.07551883766,0.07366715034
fsi_4e492e3492fa,0.04894901838,0.09652630245,0.1557864047
fsi_c2c4306762e6,0.008311240771,0.003865443564,0.005835489583
fsi_cef5626c64d4,0.2210592879,0.1698431776,0.202151438
fsi_cf3abf13c8aa,0.9685532813,0.8812870895,0.9459635524
fsi_328444b80921,0.6265476974,0.2931090094,0.40878686
fsi_c56c47ce4640,0.04428841228,0.08850593502,0.171795027
fsi_c900f0d79a13,0.2121112691,0.1651246886,0.1979097311
fsi_a20844383d80,0.9953099742,0.9019422223,0.875618173
fsi_fc94f9c1c268,0.04706618224,0.07421879616,0.08899532179
fsi_a93c73d080bb,0.03450554465,0.04561768569,0.09846860282
fsi_cdbbb95f43df,0.08906264741,0.1039077481,0.09742355946
fsi_764ca455247e,0.008577150036,0.005908949846,0.01550924565
fsi_7f022d5c48b8,0.9489736922,0.8871336536,0.9427830043
fsi_bc0ced837869,0.1591385092,0.05538000492,0.05456843562
fsi_abd31202b94f,0.08414358245,0.07438684272,0.06773408147
fsi_8d6881923394,0.05944869757,0.1276660859,0.1942946492
fsi_b6cd6c424c8a,0.896597243,0.5201808362,0.4255666024
fsi_a8a5fa24c431,0.3574853449,0.3778129723,0.3427251558
fsi_fa39ecea142a,0.203421625,0.1546543825,0.1845428548
fsi_6737aa33d118,0.1150804851,0.2549476426,0.2777490567
fsi_f2d5f1e47d6a,0.125949693,0.1190725093,0.1566145814
fsi_eee308ca712d,0.2459479805,0.2043419364,0.3289653137
fsi_37f30f5c300d,0.5046233835,0.1336238096,0.2024243514
fsi_1feac727668c,0.6247564293,0.2001281464,0.2500978366
fsi_d6e7ad31f37d,0.5730227738,0.6516948716,0.4359647215
fsi_5c19b0b3ff6b,0.09017026485,0.07942443778,0.06883811724
fsi_09c734d21cce,0.3397018943,0.1635930008,0.1713808597
fsi_bf55c5ffd70c,0.06460019157,0.1308224673,0.2345099068
fsi_c90b4466cf90,0.7115646,0.7289370027,0.7813492479
fsi_b970f5a76734,0.2133542631,0.1646551596,0.1966716238
fsi_48f8e988a36d,0.0936094256,0.0820785858,0.07561863215
fsi_9d469d05199d,0.9372817862,0.8594777952,0.9169509627
fsi_f0f0ced2340f,0.08379456575,0.07285674721,0.06612419971
fsi_426cd8da816a,0.05773406425,0.0976099637,0.1104947226
fsi_d314a310b384,0.8870218236,0.9279598922,0.8677041822
fsi_436d351c9da9,0.2688707197,0.3057194915,0.2035502933
fsi_63306f2ff737,0.3082159388,0.3752739403,0.3121122037
fsi_f74ab222d544,0.02154281402,0.02248577537,0.05389204924
fsi_15c14bc14b91,0.1397346643,0.06021681666,0.02329777546
fsi_b350214d525d,0.05895328487,0.06694394606,0.1130795557
fsi_708f78ac63c4,0.08331658328,0.07188695874,0.06902008793
fsi_57ac98cfdd30,0.9938773081,0.8103817557,0.7733647042
fsi_9b1fdf5f5f75,0.0740489676,0.04720462395,0.08859408828
fsi_3c7b4bc57e4e,0.8194633076,0.8896328883,0.7740820424
fsi_35f6818bec36,0.08142534833,0.07021911101,0.07117531513
fsi_ee7c6fcf7924,0.1902166131,0.1398020825,0.04846189818
fsi_d68d9c1719ae,0.3400178558,0.450658203,0.2985328936
fsi_79cd18152e42,0.08552373659,0.1269195632,0.2149357965
fsi_abd29bcd7be0,0.1715758874,0.363168077,0.3173282414
fsi_16866f3eabfd,0.521523237,0.1217666701,0.1853041074
fsi_6520068f9979,0.8202871285,0.9010220414,0.8071207451
fsi_75db745a5ecf,0.05409916486,0.1107123665,0.1751480215
fsi_2c6a4c75cc69,0.7542758319,0.581780609,0.4986821159
fsi_6c3b0979c9dd,0.09183314906,0.2116888936,0.3337061252
fsi_f580b288087c,0.07248193778,0.1472097364,0.2363930414
fsi_e8b6fc0ee950,0.03863770729,0.06033635212,0.103805957
fsi_3a5f41091412,0.1290662567,0.2863607843,0.2810087796
fsi_ed00facc8781,0.03986221989,0.04550782498,0.1009151752
fsi_15e74feea87c,0.0388682371,0.06003922357,0.1007125322
fsi_2c77197c7082,0.1394879233,0.2354489101,0.2703877601
fsi_498293585b3b,0.2149824466,0.1681995105,0.2016511045
fsi_febbcb914372,0.2865396107,0.1745510576,0.2693044141
fsi_4c2fe317b53e,0.303569899,0.1902630913,0.2952835564
fsi_db18d13cc244,0.3538376033,0.1439047687,0.2212788178
fsi_60faffbe1243,0.091691883,0.1103693725,0.1510072331
fsi_621d232fe6c8,0.262810352,0.1289866733,0.1054665231
fsi_e01e226040ab,0.05033648292,0.08446781314,0.09476509723
fsi_664c7c3950a6,0.4467100883,0.4576242799,0.7017097866
fsi_afdcbb7da636,0.1539993115,0.2768117693,0.130209802
fsi_509052b5e0b3,0.1617348338,0.04956936415,0.0233105737
fsi_2aff952c5bbc,0.223195012,0.1756517928,0.2111680644
fsi_612b5d8462ac,0.6740320626,0.7606894895,0.7402919661
fsi_66894620772e,0.2095576777,0.1647182583,0.2046850041
fsi_2e9f1c238871,0.05742967237,0.03615267721,0.07175263882
fsi_fd449309a344,0.7842623852,0.8546440664,0.7238980596
fsi_54e42f4135b4,0.3191689803,0.1275044052,0.1997075174
fsi_17116c08f151,0.1294345379,0.2647385977,0.2834587789
fsi_cdcc6d114f03,0.3028181613,0.154625267,0.2361796995
fsi_e55cc56f31d5,0.1335845045,0.2785752018,0.2723073847
fsi_954c79974050,0.06673386573,0.1120275284,0.1356240106
fsi_6b65fd8b51fe,0.583449057,0.2841633803,0.2037208882
fsi_c8aac4a3188e,0.1397088607,0.1175405373,0.1836199391
fsi_aa859648078c,0.08983545497,0.1648701798,0.2173229311
fsi_35e70cb1196c,0.140732518,0.2332667856,0.284776619
fsi_94ba223fb192,0.04522811417,0.06727225537,0.117098099
fsi_f34c7c4ee560,0.08466326336,0.07330356038,0.07423861177
fsi_6e73ce4dfe5d,0.8732120709,0.8928617183,0.9490182782
fsi_37f1469e1d52,0.1049766313,0.09465162635,0.09074664069
fsi_0d782a2e9cec,0.07915920475,0.05663560808,0.1025617137
fsi_3ca42ac1ce67,0.1264587832,0.2467280914,0.2743670112
fsi_714fae38bd10,0.01896139892,0.01855167592,0.0195958288
fsi_b958c3b7fdd3,0.3093639197,0.1208148427,0.1883500758
fsi_c8a1c3d4c047,0.3022497903,0.1598215454,0.1184779318
fsi_c30bb24111c5,0.01840819335,0.01833542209,0.01924450087
fsi_03d5afa0281b,0.4321806428,0.4501617787,0.2576790003
fsi_63097b1b310d,0.2236438163,0.2276035569,0.3293192233
fsi_fe53b30ce2a9,0.03971123822,0.01612437839,0.03154793527
fsi_84e0afd2e729,0.1602842346,0.2723797569,0.304899327
fsi_e1025951de0b,0.0184074454,0.01804087841,0.01859237804
fsi_7e7a83b14d1a,0.3600012341,0.4762903422,0.3147495246
fsi_680647b30653,0.4030989151,0.5908126971,0.7212473176
fsi_9ed48f9a810f,0.08221700208,0.0715391275,0.06746120425
fsi_b081912d2b3a,0.5719277261,0.1228991277,0.1743505351
fsi_6abc26cf1165,0.2687954213,0.3395955498,0.3124846874
fsi_b0b0d5b049e3,0.2845394657,0.4388418583,0.3993737104
fsi_c67a4b1a2401,0.1447575058,0.09488762285,0.1477919023
fsi_8f99cb0449ba,0.8731527687,0.3204336509,0.2072857076
fsi_112ba0c5a21f,0.4529161218,0.6161777783,0.6025456805
fsi_4a753266d631,0.09987550685,0.1403062085,0.1825674004
fsi_39b6f991c62a,0.3437291798,0.2252638253,0.3333498451
fsi_2b7fe54fd833,0.6788326117,0.2979656503,0.2296984226
fsi_8e5e4357ae8f,0.4502505732,0.6053601405,0.6397167537
fsi_4a10267eb005,0.1456890381,0.2361654375,0.2922236651
fsi_58253a9c4135,0.01407548924,0.02674007581,0.03477446949
fsi_6cbe332ba6d5,0.2750511357,0.2160661814,0.2570965479
fsi_4d8618134548,0.2593627386,0.1223512686,0.09962159301
fsi_5a2dc5535663,0.8008277088,0.2871872877,0.1916900485
fsi_af59fa55cda8,0.5940807085,0.2234758892,0.1603227425
fsi_4875725f38ac,0.05291985104,0.08827087684,0.1447288787
fsi_f61952dcefc0,0.09320690559,0.08117800461,0.07747336681
fsi_36f7e12d59b1,0.9267859556,0.8977487154,0.9376995928
fsi_793f6cb70a29,0.3145555333,0.1394230556,0.2141735409
fsi_3fb2f49e9047,0.7951861752,0.3474352043,0.2338114447
fsi_727af363e84a,0.729133198,0.8341122698,0.8714005293
fsi_e181e34ffa41,0.8696712735,0.7979892205,0.8678998503
fsi_4a9885b6e641,0.01232428085,0.0229191025,0.02961746569
fsi_f3415e06982b,0.02116273638,0.02120825518,0.02332726257
fsi_1a30285ccd00,0.1751025331,0.1648726086,0.2822995567
fsi_a45dc6d05ea1,0.0733559824,0.0198186412,0.0271487719
fsi_f9de3cf1844c,0.03171148958,0.05107505196,0.1157640669
fsi_cdcd7806db62,0.06656697877,0.04357399991,0.07668778319
fsi_9a84af9d01f8,0.1008033364,0.2126298107,0.2624045562
fsi_1c14e7df96a5,0.7703435977,0.8805325858,0.8095946963
fsi_bc9b27600222,0.7640948344,0.9347539438,0.8882946334
fsi_5bb88419f916,0.753047929,0.8155805033,0.8706954274
fsi_a23f694c6923,0.8093618165,0.89840934,0.7655243022
fsi_5d3fc18b6be5,0.1293009162,0.2220031663,0.2840234071
fsi_fb168a26e6c7,0.9900495471,0.7005951924,0.6732692373
fsi_73d4db563439,0.181786956,0.07506032414,0.1038287931
fsi_b2a51666d0f3,0.1983060882,0.2024038025,0.2983598132
fsi_5c9359bf5eb7,0.3256580101,0.1595541441,0.2596764527
fsi_b03f55c13b89,0.04199750589,0.06766397762,0.1154061206
fsi_33046686102d,0.9932690431,0.6482018471,0.612241644
fsi_65f0779b32d5,0.02100246206,0.02074773397,0.02289809886
fsi_a12d1159217d,0.03489277476,0.02565007194,0.03852727209
fsi_e85c1f442cbc,0.01813643849,0.03437636926,0.04321818543
fsi_81e1e0002890,0.1559221264,0.1345141851,0.07558679949
fsi_6f443a5a1285,0.01847219112,0.01660147083,0.01522698915
fsi_439cf5913578,0.2118746497,0.4081750154,0.5113642653
fsi_02081e7fd3ce,0.02482621282,0.02135701104,0.05040907801
fsi_1e01d73bc73c,0.8182518508,0.9260735147,0.9226202382
fsi_f3d13af75762,0.481399458,0.6856985364,0.7063396168
fsi_3070b8273d81,0.1546439981,0.3163338214,0.2909823743
fsi_71d55e454af5,0.5930610289,0.8229975448,0.8531417174
fsi_29e3180430c7,0.05530523395,0.0912949094,0.1580395209
fsi_65f15c5323de,0.4736563572,0.6129356108,0.6648966197
fsi_4b5ead198d52,0.09178166313,0.09495983108,0.1302051506
fsi_3f705d2f5609,0.7559006387,0.9365577631,0.895843867
fsi_ce893f23f362,0.4856038119,0.6839021157,0.7248462183
fsi_9e58da7a05f8,0.8413065813,0.9105990688,0.9223770149
fsi_541f89288ba7,0.1879045729,0.06132071985,0.09640665779
fsi_ebf92fdeea1e,0.6184553063,0.1964229116,0.2315731084
fsi_8362e1205648,0.1263936341,0.2632478175,0.2765992859
fsi_162498582f07,0.01092247332,0.0104009872,0.02817651545
fsi_68f9407460ca,0.8112740555,0.9966236701,0.9287061196
fsi_bfcdfec9b1dd,0.7948576312,0.9983591521,0.9232075383
fsi_209669e87de9,0.07841089892,0.1473645172,0.2518405094
fsi_ea0d08c2f96a,0.1698003031,0.2938331439,0.428049281
fsi_11e907fc07a0,0.3081123445,0.3943130515,0.3112757084
fsi_9bab688d25d6,0.2595241155,0.160233445,0.08994832042
fsi_d7622d31b419,0.9447408393,0.9485905171,0.8197477474
fsi_a83c7b67bc12,0.2137457953,0.4065474133,0.5327531712
fsi_e8f8f03d0111,0.1423537952,0.2411386446,0.2891414158
fsi_11c9c59dec7b,0.2936418228,0.3716639152,0.285276775
fsi_13865121ae1d,0.7680877947,0.2717650517,0.1721946215
fsi_4f83c8fa9cc7,0.3741551796,0.1449614562,0.2190182282
fsi_d54adee6e092,0.6551053301,0.4624647726,0.6493816661
fsi_9a378b3d1f42,0.01292374565,0.02427160411,0.0286663444
fsi_c196116d02fc,0.0947219091,0.07217138023,0.114856532
fsi_24955438fd1c,0.9138985261,0.9119050938,0.8843927816
fsi_65c75205e846,0.3227618769,0.2092606708,0.2956926664
fsi_acb51e40f350,0.9972456753,0.9127412101,0.9414987461
fsi_8cdfef0761ce,0.06525459454,0.08134884251,0.1867642761
fsi_50fd4d606d73,0.08377442045,0.06387125142,0.1107051575
fsi_eace9c764f34,0.2317550037,0.445599302,0.5442982033
fsi_c80bdba7e5cb,0.8049335169,0.8068176973,0.8934447722
fsi_2cb033327c78,0.02460910706,0.02448512265,0.0261189594
fsi_e7e99712d83e,0.1658534057,0.307230232,0.2834944291
fsi_bbd50c94992f,0.01237716123,0.03365042515,0.05703601966
fsi_a5702cf495e6,0.616005169,0.8519014882,0.8178738615
fsi_596cfbabb396,0.217470162,0.4061845686,0.5318921551
fsi_e909aee6029d,0.3783137234,0.5049070976,0.6777405898
fsi_153d1016f07f,0.9710339928,0.6008823222,0.5498983252
fsi_5961de0cce05,0.5175495459,0.1044160566,0.1657879839
fsi_787e30a6dc9b,0.07569597712,0.06864548707,0.06999115608
fsi_850a6bbf0b69,0.1715165324,0.288882092,0.4349130181
fsi_481754359485,0.6073920335,0.2094240554,0.3077725294
fsi_7d932efecb76,0.5419226078,0.7483637724,0.7664766168
fsi_76c9a5d25f83,0.9938648531,0.9416492209,0.9140921038
fsi_48f729c34688,0.7176307552,0.921850052,0.905982717
fsi_8c472e79fbad,0.1595329386,0.1328818768,0.2140772004
fsi_f84ac92f6ff0,0.1021732906,0.1141177984,0.1566550406
fsi_2c15e92e5ef8,0.3746297744,0.1852412703,0.2894448959
fsi_0157b647fb16,0.1815496377,0.3601471169,0.4944564844
fsi_4ae3d29a675c,0.05710422023,0.07630125701,0.1198799322
fsi_5568ed9d4479,0.2850372868,0.3502807387,0.5174258888
fsi_9a625bf30024,0.03643529613,0.06966769136,0.1355427778
fsi_6abfb0e32f2f,0.5384381411,0.1285182781,0.1975652919
fsi_4b4c849e1434,0.4923364096,0.6348515469,0.6229874792
fsi_fbcccd4aba29,0.02341742089,0.03344098341,0.05294255793
fsi_28f91d061b51,0.8274624643,0.3418306597,0.2060719774
fsi_649649eaaaaa,0.1880206732,0.428954546,0.281913322
fsi_be5c9ec80eff,0.7239267534,0.5298720936,0.692234013
fsi_ec1e8a20c9d6,0.07529608079,0.06702609624,0.06822539852
fsi_c92a624ead94,0.07002580309,0.06146349117,0.07089132216
fsi_fd05d0c73c1c,0.2435510001,0.5038235503,0.5576160047
fsi_6a008351c5ab,0.8481722691,0.994189959,0.9454079778
fsi_d0c1612f6053,0.07361958907,0.06481560788,0.06991419767
fsi_38e8196b8fad,0.173178913,0.2727393928,0.1531562085
fsi_b547b0fd0985,0.05442795141,0.071290663,0.1122096786
fsi_342da34fa5d9,0.2731081431,0.09750819621,0.08287859754
fsi_26943c8cf8e5,0.01328354659,0.02723317532,0.0316427889
fsi_58cfd67be14f,0.05400089849,0.05542296332,0.1020364743
fsi_42e1460115fc,0.6526055655,0.4403554547,0.6350645175
fsi_6f2764c5c1fe,0.376668826,0.4524203096,0.5918622986
fsi_cc0622ad90ec,0.2029636417,0.4027573615,0.5217719666
fsi_1ad536b9f56d,0.006829926072,0.002566998305,0.003111437891
fsi_0e7d918a974f,0.3967402469,0.5524627795,0.6464687771
fsi_adeba52e7986,0.03709805559,0.06815006809,0.1317953498
fsi_aba62a4b8b65,0.05036321599,0.05176910763,0.09629360678
fsi_780ff4d27af1,0.005862995117,0.002093095993,0.002461122463
fsi_db971e8497bf,0.2276309787,0.1460581912,0.2450588014
fsi_93b7c71c1825,0.870935319,0.6693069007,0.6600985882
fsi_23da1a9dc220,0.8881977782,0.8983891347,0.9348979492
fsi_1af1852f5a9f,0.1954261311,0.1581783997,0.2658898049
fsi_86dbcc7b4a75,0.8650597211,0.3204679994,0.1971998288
fsi_0390d7c4a8f6,0.9383395038,0.9797938596,0.89693016
fsi_5b942b124a52,0.2601681661,0.407809826,0.31598041
fsi_21c42a126731,0.3760237084,0.2189381103,0.2110590989
fsi_8202d2acef1b,0.1852451537,0.2765890838,0.1556842099
fsi_f791a5d92f3e,0.1790302685,0.2880079856,0.4382816694
fsi_2b9bfbf7d4f4,0.5356973203,0.706807094,0.6697004239
fsi_fa5817504ce6,0.4074598221,0.2062639137,0.1979676283
fsi_dfda7ee3e5cf,0.2811202743,0.2562468933,0.1536073269
fsi_1a7f00c6e78e,0.1940240796,0.335211574,0.4756358518
fsi_5cd85d2b7eb4,0.1687964743,0.1185710619,0.1580525863
fsi_6834f8d7e29b,0.03805658618,0.06284625133,0.1241313286
fsi_b32b282ec09f,0.7077651511,0.4341030999,0.2523971241
fsi_cb6ae422ddb8,0.2700589195,0.1439105901,0.09655239116
fsi_2a4e0cfea955,0.5321949559,0.9310441132,0.978192745
fsi_b842cce9d497,0.101121869,0.06625047877,0.1265437705
fsi_06dcc819d4df,0.6697421234,0.2682212597,0.3685466657
fsi_e501721a15c7,0.1233694809,0.1938919629,0.3727171696
fsi_3a726aefc838,0.3119705457,0.3562822565,0.2374776262
fsi_086dd8456408,0.03746751029,0.02402685526,0.03091841326
fsi_78ce0ceeae03,0.08043066156,0.07268669658,0.08707915285
fsi_861fae390e54,0.2047244523,0.1294385059,0.22129438
fsi_687e0f1bd1b0,0.2078549095,0.3084984521,0.1715465564
fsi_e0b5763b171a,0.5899586165,0.1255769473,0.1755222128
fsi_ee859af5b739,0.3165391087,0.3529467154,0.2599020772
fsi_456d8e7b3333,0.489774006,0.7180877788,0.6978429181
fsi_3094487004a1,0.118396244,0.1527930374,0.191531575
fsi_44f630c1080e,0.1042210448,0.05756147743,0.0641190385
fsi_2e108ccc5313,0.3605758048,0.1822786606,0.1799591706
fsi_d1239b15246d,0.9497253376,0.970797155,0.9367309404
fsi_6849fff36292,0.06467521469,0.05642056486,0.06618186019
fsi_93ca41d5ade8,0.3251683829,0.4054666899,0.4786387237
fsi_f284e5190b4a,0.6496825911,0.1376045744,0.1888376307
fsi_2d19bfd9817e,0.5113756812,0.4730995602,0.4682375536
fsi_23c462bbe6b6,0.05167483725,0.06727849698,0.1031615905
fsi_93eae8eb68df,0.04480688344,0.04500458095,0.09450191037
fsi_f3641e26c577,0.2001193164,0.1245476901,0.2148767373
fsi_0188a47e5e85,0.07040106724,0.06172389053,0.07272974939
fsi_0efd4d498d41,0.04202601992,0.08078752753,0.1564349202
fsi_66daadb79b1f,0.2082364238,0.15673266,0.2651966424
fsi_28f480dfb3ee,0.6140709831,0.3061734674,0.4167883732
fsi_425a9811145a,0.02491669011,0.0350102312,0.03442569878
fsi_698757b9a731,0.1856778673,0.2590607407,0.1475323994
fsi_c12d5460625c,0.04620200521,0.03857962045,0.03731834586
fsi_c7816b2329e7,0.5251199758,0.8970706072,0.9607121313
fsi_27321c137339,0.1378923628,0.1166203201,0.1618756944
fsi_fa1d31451b4d,0.6518586063,0.3929969734,0.2338015883
fsi_4138766b2347,0.4906056452,0.2393267558,0.2635388557
fsi_492713e92a05,0.4649402262,0.6228969319,0.6557386
fsi_c0197e489be8,0.1534496986,0.1079054495,0.1455912137
fsi_bec0c381338e,0.8518435206,0.6663287271,0.6042126111
fsi_4479f34ddf49,0.5948683935,0.2429376698,0.3418826087
fsi_82b27c65e315,0.3262412751,0.3438704737,0.2672809082
fsi_37101b66ee78,0.04698112081,0.04754050328,0.08788444661
fsi_4ef7a744c4de,0.2854759129,0.3511954255,0.5237931669
fsi_22df87f2fc82,0.9862325484,0.706596514,0.6233346518
fsi_1264a4fd3182,0.5684549574,0.1185409732,0.1651001513
fsi_0f7409e875d4,0.5174163537,0.6505343265,0.6428212447
fsi_390a3abe90c3,0.006635537273,0.002188957339,0.002578303096
fsi_0a619db6608f,0.03044072947,0.04546566948,0.0901564842
fsi_cc5d47049603,0.6455698733,0.4465406306,0.3037824488
fsi_7becacf4407b,0.2812894912,0.3556098889,0.5125028045
fsi_aa32e50ba0ca,0.009606104655,0.003793611899,0.004335778406
fsi_1d7c1ef1f7fe,0.2806752767,0.1116246754,0.1003587601
fsi_50dff5c9aed8,0.1441072411,0.1316110072,0.1162620631
fsi_9924263a09d1,0.07831688925,0.06924707286,0.07879526401
fsi_90aacee8b003,0.04689305012,0.03866911135,0.0368046851
fsi_50230bf2c2f9,0.2764397835,0.1838422268,0.291951464
fsi_55281f15e3db,0.3927241588,0.2148739032,0.2021972379
fsi_15c5bd3ea16b,0.04856597721,0.03322145424,0.03916058465
fsi_b9b4a7239458,0.03583311214,0.03892871817,0.04089603647
fsi_1d456499cf8d,0.03556254302,0.02169904139,0.02799278624
fsi_42916b12a9d6,0.03310494142,0.05640571741,0.1140637404
fsi_abe596f52bea,0.3474028931,0.1724567266,0.1652991375
fsi_eb6d8a0d0098,0.5858334702,0.8519049916,0.7750253846
fsi_81d9683e7044,0.1822425831,0.2400268766,0.1298349008
fsi_31104c8c8ccf,0.04829795675,0.03968821301,0.0390731171
fsi_10c6ba415418,0.2288264588,0.1483787188,0.2513370315
fsi_1bf7edba912a,0.1263686525,0.1316301818,0.05185100993
fsi_3fe204498e1e,0.1420527154,0.1272967619,0.1118048186
fsi_ab4c1c1e7926,0.6145799134,0.1536000752,0.2075003897
fsi_341b2fd7ebbf,0.1404143695,0.1241808602,0.1127541999
fsi_9326598ebe86,0.3188336425,0.5131574309,0.4446656798
fsi_bf6d8912e415,0.2184935981,0.2856780719,0.190505223
fsi_8daefe7b06d0,0.2410879005,0.08793170576,0.1316508252
fsi_ce6bcc757bf3,0.2193011809,0.1553244694,0.2216277585
fsi_3a2d64938f69,0.6424679612,0.2748815264,0.3690388667
fsi_d56889c1f25a,0.7425753443,0.3598344833,0.2288450029
fsi_5db0b77bd3f3,0.1455864944,0.1304846674,0.1229643579
fsi_c2ef0516cb1e,0.05187445232,0.04366460944,0.04513768186
fsi_6ae8f6a540c9,0.7537490196,0.8836773095,0.9348980566
fsi_90aba92c1281,0.05557244529,0.04166365214,0.07267528101
fsi_b43cafd2ef9a,0.01363768112,0.0146622086,0.02608129895
fsi_de55fc35e3a4,0.1537718303,0.1076233702,0.1403299621
fsi_709f35e01884,0.15327893,0.1195987654,0.1613198673
fsi_02c688a1c9b6,0.3224929248,0.3758093376,0.5643887591
fsi_f8326b95d05c,0.2789308807,0.2757426676,0.2383017402
fsi_eea7bc8edce5,0.1495212863,0.2500562161,0.3998725456
fsi_b005093e66fe,0.4065436541,0.5942084817,0.2265621273
fsi_19e5576b6ab6,0.882574815,0.1316824333,0.1436422727
fsi_30d11b7c15b3,0.3149495417,0.4949730131,0.4783684844
fsi_aed814a9e529,0.801087332,0.5503995014,0.705518479
fsi_659c29819fe5,0.6653904274,0.9875145108,0.9979149725
fsi_6de39b74b01d,0.599569485,0.9683310593,0.9808184989
fsi_df433160048c,0.05557001925,0.06800714311,0.1022763027
fsi_404ef124eefb,0.912408722,0.5925121604,0.7526631554
fsi_8db4fefdc499,0.00658304234,0.00580918647,0.01109266211
fsi_1aa5618b7f05,0.6825151729,0.7704891222,0.8845689139
fsi_9562efd3410c,0.01471762284,0.02209295804,0.03609579403
fsi_6821e7533b56,0.01543729044,0.03144609403,0.03467716921
fsi_cff5c514274b,0.5856846232,0.2300028556,0.3204943037
fsi_dabef32b6d38,0.006983468602,0.003082998112,0.003113373735
fsi_d2c67d7342cf,0.2710153425,0.3367307715,0.5130054747
fsi_8c487d39a2d3,0.03818148175,0.1039709534,0.2031479794
fsi_071566dc733b,0.2988868768,0.3663687036,0.5495349589
fsi_2bfdece3a700,0.05130970396,0.06099583711,0.0917395347
fsi_c4151bc18303,0.9686899302,0.9411853851,0.6089658865
fsi_d5606d9381e9,0.7592318048,0.9931674169,0.9554704326
fsi_a2b099c1c735,0.5225044394,0.3837921432,0.4240669259
fsi_d05338cf1de1,0.4620570069,0.4036836039,0.3881807021
fsi_1570df8ec910,0.1887968679,0.4091928132,0.2608378517
fsi_2dfa762f5da2,0.5621055852,0.4205510474,0.3746120798
fsi_b55173e5d606,0.7973806315,0.952574547,0.9375201915
fsi_bb204efea13f,0.7439694769,0.5173142453,0.6395687568
fsi_1384962374d2,0.4148615784,0.2076173582,0.1884806544
fsi_74dbd173a16c,0.02646400087,0.07473172124,0.1292306357
fsi_b0886486dd16,0.2993693318,0.2329538776,0.1957319899
fsi_66f949c78b81,0.4363085967,0.1278067852,0.1899898857
fsi_f77fb4ea924f,0.1983605967,0.386614259,0.4810655129
fsi_0a386cac51fd,0.05248114491,0.04369098601,0.04475099664
fsi_e6caf389d6aa,0.03243517861,0.009357021679,0.01210547788
fsi_2e3b0505a03d,0.3581598639,0.3987410054,0.268418473
fsi_b8434f58fd04,0.1688085998,0.2857360005,0.4321390118
fsi_3b98343f8061,0.045728334,0.03679828769,0.03665591087
fsi_aa2bb94f897d,0.02777008422,0.007199044743,0.009542063419
fsi_0236c61ae69c,0.5474178771,0.8910403898,0.9509054975
fsi_fe1ecc6d73c6,0.4820493172,0.4107023438,0.4730159635
fsi_8f20726fe60a,0.1496049691,0.1345767467,0.1238618734
fsi_80dd67e19ea8,0.2382739311,0.3470167602,0.4056572063
fsi_aa4b912f2ab0,0.6354964995,0.140297701,0.1876611171
fsi_067f4a3fa97d,0.2775754998,0.2380748831,0.2209666025
fsi_8f3bf9e268b9,0.365660418,0.3337144943,0.1918831552
fsi_cfd6bd77794a,0.9897076395,0.636999826,0.7095540667
fsi_b0ef61836a35,0.3337351514,0.489955964,0.494830242
fsi_a872ae85ef89,0.04766578466,0.05676488108,0.08468190426
fsi_6faf100270a8,0.04924341535,0.03783380533,0.031968185
fsi_7294c0ca9e8c,0.6983754013,0.4682759457,0.2765481292
fsi_d7d023951c5f,0.70236168,0.3728518285,0.5782888993
fsi_15283a1d8940,0.6338010513,0.383204151,0.2140037194
fsi_7de986de61a0,0.2421979245,0.3463597934,0.4304833758
fsi_cc256527774e,0.7066113499,0.4956992677,0.6564011131
fsi_2a7c8994acd3,0.3167060439,0.227318778,0.2451099935
fsi_147c580474db,0.7813211733,0.5001611169,0.6810997438
fsi_e3e87ba14d04,0.2670914139,0.2087888169,0.1789875602
fsi_b4907aca2cb4,0.04637473769,0.03675272821,0.03600081964
fsi_f969e97e140b,0.1932520154,0.1344054252,0.1636828302
fsi_bb7f970823a5,0.06645000074,0.090137226,0.1717154712
fsi_12bf860f40b4,0.1420190958,0.1295669393,0.1181863976
fsi_9b4039679a20,0.02530979065,0.006800520731,0.008715433811
fsi_2f0272ea3dc5,0.02427735404,0.06076154913,0.09137964654
fsi_6b8736bb04f6,0.4103725122,0.4220897651,0.4424148014
fsi_9dfc825fc432,0.02295250947,0.06849157679,0.06198900238
fsi_9ee6c6893ed2,0.04784726797,0.0377909935,0.03846081213
fsi_dbc90c320625,0.01789451788,0.02962606124,0.05794030889
fsi_625c5e979d1c,0.9734085286,0.6126791121,0.7165557014
fsi_f93603978138,0.4101865977,0.3671579926,0.3589088366
fsi_4c55c8f9a556,0.05980182449,0.08176486579,0.112238761
fsi_f13c81f81690,0.729569264,0.4527299254,0.2380831386
fsi_2a537852a380,0.1398987464,0.1252406163,0.1135264454
fsi_f4a0cb6ea65f,0.03752521676,0.02118766625,0.02667750775
fsi_4e3a87916df9,0.1354621403,0.1234819637,0.09853877407
fsi_16efbca11ada,0.1385515863,0.1225028224,0.1152886268
fsi_a44e93e0f948,0.7440976082,0.4116692072,0.6219429541
fsi_e37ebbfd2e71,0.02226066799,0.05471785802,0.07817831782
fsi_9e81d6bd136e,0.0509397575,0.04096886953,0.04371368425
fsi_42c54f1fcd76,0.7048098778,0.2598951449,0.3516801476
fsi_cb63c149a567,0.1072537317,0.1398695967,0.2883808801
fsi_589ccd1e1d1d,0.1426160682,0.1275699964,0.1243241537
fsi_f8ba59ca8998,0.1900973756,0.1804753495,0.1616360565
fsi_5d7d8040f79c,0.3039402651,0.2492052217,0.218089478
fsi_9d522cb25b8a,0.04010451423,0.02884965054,0.0313177683
fsi_5e320db1dd09,0.06040482108,0.05080550752,0.04937767528
fsi_549e8abeeb77,0.2318586857,0.1214247093,0.2201038182
fsi_2e75c1aeb0e8,0.2485969044,0.3506256874,0.4407147628
fsi_2276e2f229df,0.1628682554,0.1463550147,0.1282321318
fsi_37967397f0e1,0.02826064604,0.07088650168,0.10219455
fsi_02868da10682,0.4512041361,0.423412297,0.4109572717
fsi_9aa241e934df,0.4653777801,0.8644104716,0.9377941438
fsi_0d534b728c5c,0.3140829603,0.3192764708,0.2319934112
fsi_ca6e8ca36a8f,0.3168483958,0.2532734917,0.3546482777
fsi_246b229977c5,0.6750472678,0.1380816249,0.1845924364
fsi_1c8f2d06ae11,0.1745971066,0.25058419,0.3826008938
fsi_32459dd18670,0.08395582415,0.07791274953,0.07636249053
fsi_f8bd0537e5f1,0.2794926424,0.2266951604,0.3242730742
fsi_582dcf8ed6bc,0.008310197987,0.003174960645,0.003488946211
fsi_faa7d27ee3a4,0.3961270267,0.09027850907,0.1441025298
fsi_502f9fed776f,0.3863843299,0.596793508,0.4925151646
fsi_d59a56d04300,0.1534870953,0.149333254,0.2499796928
fsi_42b5b3ca0fc2,0.2699199449,0.4197457883,0.4688425772
fsi_6d85db58beaf,0.8544610557,0.389046226,0.5056021279
fsi_9546b8c6b687,0.9121713436,0.4097360579,0.52589637
fsi_1c03b5e542b1,0.05572923153,0.05734171715,0.09950714132
fsi_11bbbda856ed,0.05117356785,0.04055669731,0.04322754965
fsi_1eb2de95f920,0.2626490647,0.2059561813,0.1676997849
fsi_3d60bfff0e4c,0.04463724797,0.03260471181,0.03002231324
fsi_31e832a3def0,0.3301395599,0.2749533747,0.2488776171
fsi_e8bc98221888,0.2283987451,0.3611854216,0.4988081313
fsi_9a03617a36fd,0.1277812683,0.1606723244,0.07747237617
fsi_f8da337f0a5f,0.3324088971,0.3056625533,0.2577056174
fsi_3d51b2f4a1ba,0.3809547137,0.2318051335,0.28723402
fsi_f501c6e5518b,0.2090454362,0.3143388213,0.4178915945
fsi_d042b13e3bd6,0.1597937866,0.1173330942,0.18168827
fsi_e4f21a7828cb,0.2467619923,0.2179146176,0.3187379192
fsi_0226a7b9d8f7,0.2019571022,0.3300877436,0.4616434744
fsi_d7e64a6ec91f,0.1456475325,0.1303917391,0.1251587261
fsi_c9c85a769836,0.04143064151,0.05982782953,0.1489567858
fsi_41327c706691,0.1474374134,0.05533285925,0.0630410903
fsi_1d99a54f1a78,0.0678047789,0.08678341209,0.1183744378
fsi_417778585b1d,0.2765650321,0.2229214837,0.3136823397
fsi_73ed0b041117,0.4957053803,0.7214167605,0.8656337998
fsi_37b6a81f2dd9,0.1968764683,0.3225423449,0.4576440038
fsi_5790882aef43,0.891189891,0.8633440648,0.8865060203
fsi_865fd5cbc10d,0.2917317164,0.3304691022,0.2986694468
fsi_eec5547cc787,0.8070340465,0.4796778687,0.6790407835
fsi_daf583535060,0.1147991814,0.1432957647,0.06876136762
fsi_40641c0bf435,0.4448434086,0.6191568687,0.6240873859
fsi_4107779c1d9c,0.3346399341,0.3200422262,0.2445488241
fsi_b1aec63b43e1,0.1347123481,0.04525244734,0.05385195971
fsi_694b6b3108b1,0.2955333883,0.4746449894,0.5881465813
fsi_f25c44e94afd,0.3198673213,0.2521108672,0.1904793844
fsi_759be6e7eb4d,0.1237377791,0.1110171531,0.09682790615
fsi_f06d01ffc3bc,0.1060457681,0.1315456957,0.06170955053
fsi_680af4067404,0.2010395739,0.3589412226,0.4870675159
fsi_78e3d6be824a,0.8925531135,0.4589904598,0.5803203384
fsi_778c90dc7983,0.02167084405,0.05737170076,0.07539136048
fsi_6fa7412a955f,0.8264620332,0.3834391766,0.5000275368
fsi_a8db56b62a8f,0.09924129834,0.06161528245,0.1387322315
fsi_afbe544eb328,0.4132235864,0.3658350343,0.3406861866
fsi_cad20c06dc8d,0.02353503716,0.05692058247,0.07416473887
fsi_b93b14fb4c45,0.8128773797,0.6381893493,0.6335299378
fsi_6ffaa96d43e2,0.4346167731,0.3644979544,0.5009405741
fsi_1a80e11603e8,0.3097493124,0.4847445824,0.4763179619
fsi_e51908d53ec2,0.9495806418,0.8378342274,0.8699045801
fsi_6c920c66f80d,0.2797651362,0.4075719745,0.459853052
fsi_0d942dd7d082,0.9689061643,0.8032180193,0.5430333689
fsi_ff046a394781,0.2430183322,0.3573881586,0.4326571556
fsi_d9f7baf2a687,0.8637378241,0.72391185,0.5964476238
fsi_758e8a157ba0,0.9650392892,0.7967107425,0.8414184034
fsi_297d752334a3,0.783719131,0.6687453278,0.5582289654
fsi_16703fd966fc,0.4586742976,0.6253440375,0.6432930929
fsi_d8044e9f2778,0.5731702577,0.7906882945,0.9192186496
fsi_3d4d5c45bf6f,0.4042108424,0.4078163467,0.5571501886
fsi_37184a050f71,0.05960577067,0.07274684151,0.1586685762
fsi_c3a6d407dad3,0.4115717121,0.4112674383,0.4172938776
fsi_903ab25a6235,0.05959868961,0.04792156495,0.04833933553
fsi_9e2806a111c4,0.3604201506,0.3690581896,0.3807343356
fsi_0ea02d217e2f,0.3314890088,0.4191296064,0.5228966868
fsi_ed489bb79b9d,0.2679847303,0.2084936905,0.2989590313
fsi_06f69e2feebb,0.8339254372,0.7488572467,0.7851108639
fsi_36a35ff4bc7b,0.04745445397,0.02273327944,0.05975731899
fsi_a4135800f46b,0.113742939,0.09426237188,0.1436604194
fsi_1e67314b3a76,0.1844893429,0.1735365673,0.1614576732
fsi_c9f25204abc0,0.01554391145,0.01778491331,0.01301952809
fsi_03be42f35bbe,0.2958162659,0.2257347727,0.2377636021
fsi_a2de5e2d83d4,0.1149288673,0.1128983191,0.1232598338
fsi_ffcfa57b6316,0.9666695821,0.7779658597,0.8227448301
fsi_6c4db3045ca1,0.2119434203,0.3578422008,0.4997883776
fsi_5054da26d549,0.1271354812,0.1392143635,0.2585287487
fsi_4b0f295b6389,0.4696234776,0.2544016464,0.2460614075
fsi_6ab4acadd01a,0.3419184323,0.4341135864,0.5452306372
fsi_73c9422f13f1,0.1602465976,0.1444097685,0.1316193153
fsi_d85d224631bb,0.1787330621,0.3127880933,0.4135436172
fsi_8f1500da414b,0.5742127646,0.6989782327,0.5018653956
fsi_07bb1e104811,0.1807233695,0.3237923273,0.404483969
fsi_9e183f69a903,0.03831521572,0.01176910507,0.02255340757
fsi_6453e84ffba2,0.1279091,0.2469587519,0.2619914981
fsi_128f7db2d5fc,0.4899791088,0.6571149125,0.8307348557
fsi_ab8d7f311d01,0.3557762241,0.3725426618,0.4047212691
fsi_e7e6f5ac3413,0.05517183184,0.04377515939,0.06639356011
fsi_ce9301c04083,0.2291090249,0.3681941667,0.514104832
fsi_bba2c39dc115,0.9629005072,0.8327917939,0.8690301251
fsi_6c3f8aa0b765,0.08142704769,0.07135354632,0.07250520658
fsi_8079d0ef1915,0.3815043393,0.3247774115,0.4640454722
fsi_45ee69d145a6,0.5148231589,0.4306446066,0.374603404
fsi_3f0ccb2bc103,0.4277924337,0.4049082155,0.5437232125
fsi_61e77a2a4dc6,0.0609738923,0.07448488372,0.09790703412
fsi_09c03d09e181,0.6560300447,0.8489590177,0.9158017556
fsi_116ddbb2a556,0.9041736452,0.440858199,0.558101229
fsi_319c92147a9b,0.05960965043,0.05413855928,0.09969392716
fsi_89de5f8b7c44,0.0448889207,0.01463160762,0.02735674889
fsi_e28458f8fa43,0.05729537004,0.0734930301,0.09526017919
fsi_0a0648ea199a,0.8426873169,0.6357223682,0.6278495462
fsi_075ef24677d0,0.1228504537,0.2099236146,0.1962924394
fsi_5f9f783b40bf,0.7544075557,0.6694796719,0.5944297913
fsi_bb1911b9ac61,0.5754886789,0.2824009063,0.4389373666
fsi_2582e4c65d34,0.9497932617,0.7117647448,0.7600871628
fsi_dffc64b3cdb4,0.03497565287,0.01044002782,0.01966690392
fsi_984727ebd1fb,0.04096569782,0.02717280224,0.03329738682
fsi_3de95f63fda9,0.05425183062,0.04889154738,0.09111793528
fsi_aad26f5b5e19,0.06283695242,0.06782358987,0.117782379
fsi_b8ad765c7e7e,0.1316500991,0.1414714446,0.2650065163
fsi_d6208016c401,0.721681766,0.5042001061,0.7116664308
fsi_5b157c23c736,0.1520903777,0.2100386441,0.118146342
fsi_b1d846533daf,0.03401017172,0.119671079,0.1419914081
fsi_164bdcdc8996,0.131521014,0.04595720334,0.0551268538
fsi_9e11442613a5,0.4534427882,0.5887028699,0.5490727691
fsi_653b1edfaf78,0.03539099856,0.008781235519,0.01049389044
fsi_3230d1332b42,0.1216790254,0.2038896871,0.2087404632
fsi_1b14c04dd04d,0.5164596569,0.6993727022,0.6974832903
fsi_70b83492ec87,0.06752528197,0.03964442173,0.0925655089
fsi_0124bed67d0a,0.1566196706,0.2522691302,0.3192352928
fsi_225bb140e1f9,0.378436268,0.3429205842,0.2580155413
fsi_55c877336145,0.9125076844,0.4162418256,0.5334613186
fsi_8990ff4670d8,0.06280674442,0.1025697766,0.07676686447
fsi_767716ee11e6,0.3748111367,0.4697532274,0.5733010624
fsi_fead66b8e1c2,0.8602715649,0.863796026,0.8921950419
fsi_85d9919f0e10,0.5308611099,0.3258867843,0.4902406846
fsi_2245f97ae4f4,0.08990716748,0.05412410881,0.122577494
fsi_9fb5ccafcd2a,0.03256984769,0.0106533517,0.01096697091
fsi_26bf99bd5b91,0.7805687352,0.6230615603,0.6376505861
fsi_3f532ecbcb08,0.1395601842,0.1927244502,0.1091887504
fsi_2fc57253251b,0.08293556223,0.1079709577,0.1352389336
fsi_8a6f6d462c28,0.3751539255,0.3145345773,0.4464344136
fsi_7be14765a997,0.08101875898,0.05597555085,0.05060721585
fsi_effe45fb8a0e,0.5165687386,0.2626164988,0.4123284563
fsi_197a9465b734,0.5178222127,0.2505820017,0.4050932341
fsi_0fd6839610dc,0.7282080232,0.5301680391,0.5171554696
fsi_dcc96ff0a38a,0.3498492795,0.2624136931,0.3527527066
fsi_749ccb22e2aa,0.5499681415,0.3060123234,0.4732702914
fsi_fe60d587f79c,0.3534510045,0.3666285149,0.3587519645
fsi_58911aff3516,0.02907670372,0.07449185646,0.08929500898
fsi_7723838949b6,0.06673871362,0.03386740961,0.08501164755
fsi_dacc2933e052,0.7875238992,0.3927732231,0.2500557969
fsi_501de98ad7ea,0.1316162655,0.1800188995,0.09670144922
fsi_7fdd26aca207,0.9423200512,0.7436057547,0.7382108053
fsi_ef686a7e2c93,0.9932522597,0.7872080613,0.8406003663
fsi_120616b533ba,0.1337866878,0.138089205,0.262994962
fsi_04ba68de769c,0.02791635847,0.01348638828,0.0364209434
fsi_69113513f6da,0.04141766522,0.0336706595,0.03698080528
fsi_091e1be67c08,0.1855148789,0.312236659,0.4222506964
fsi_54d4e31651d3,0.04933538358,0.04373731294,0.08180670888
fsi_0770227cf19d,0.4507280136,0.3695841756,0.5054005257
fsi_a9be913eeb33,0.16304893,0.2725912703,0.320469232
fsi_394da844c4b3,0.95676119,0.7832355079,0.8439925248
fsi_db9041b16fbe,0.1557009132,0.2319318246,0.3072414485
fsi_ba5804efb2db,0.02481099696,0.06873561582,0.04848605735
fsi_f271870362a3,0.06749260806,0.05640594597,0.05724558554
fsi_cee8ba9e3613,0.3827412634,0.3780206782,0.3868320699
fsi_277c6376f437,0.2410519389,0.10532642,0.1097300871
fsi_a4291359ba9c,0.759752486,0.658621275,0.5193174929
fsi_0313c04bd5d7,0.0916366024,0.03811167819,0.01463973161
fsi_4d47901128fc,0.0596005239,0.03612531862,0.08523255975
fsi_7e396f9f7623,0.1137835051,0.1453132166,0.05980377037
fsi_cc2b584ac81c,0.07920138371,0.06563953289,0.07013611177
fsi_df083024a970,0.1453412312,0.1612882883,0.2931231445
fsi_ad4e7b1d017d,0.1246010765,0.2031877204,0.2161790133
fsi_69e57146c5ea,0.1259298905,0.1581630786,0.06778461326
fsi_94761ac43774,0.07669192401,0.06495167271,0.06985913373
fsi_06466f9fd8b8,0.04196124641,0.03352766102,0.03628603769
fsi_9fe1777bffc5,0.04985314828,0.0562867263,0.1038711808
fsi_6793dcb3e3a7,0.4100379055,0.1671912199,0.1398075183
fsi_cf95f2ce2637,0.07755127989,0.02961962442,0.01183106761
fsi_67d21f8409cf,0.1302708425,0.1221864342,0.122632351
fsi_e4e4ad98dd53,0.04261503511,0.03382808108,0.03815278717
fsi_12176d4d73d9,0.3626350124,0.4548308514,0.5437950978
fsi_3355c718414a,0.0210762514,0.01079364703,0.02920751332
fsi_835bb5f1fe86,0.5302188875,0.1441073204,0.177049828
fsi_b6b4ba25466a,0.06992022479,0.02683388261,0.01007433751
fsi_53a2750bab44,0.01751601449,0.006482509639,0.01793731214
fsi_409e7a76d86f,0.02893532951,0.03795809512,0.06666258623
fsi_2ce765c5ecd2,0.07357354158,0.06459458949,0.0713348516
fsi_de3c7440e57f,0.1421244095,0.09994352269,0.1602478362
fsi_66eb811bb2ed,0.5984264949,0.2651745209,0.4258686576
fsi_5659513076aa,0.849038709,0.7167572948,0.5961331171
fsi_9cdf4527b938,0.2094519095,0.08955046641,0.0541002917
fsi_f853fbdebd07,0.2587027669,0.1095761848,0.1195670751
fsi_3c9e9591aca4,0.1611587584,0.07039300399,0.1233456674
fsi_3ed708b7394e,0.1454052195,0.05938295269,0.1085277093
fsi_ab11cdb330ee,0.7684577281,0.6991517248,0.6517775709
fsi_ae42e5438b31,0.04428537094,0.03561368325,0.04261110065
fsi_fa4a693d1e93,0.1251169078,0.1134609339,0.1179771347
fsi_b6211484d9a5,0.08309294436,0.07390633136,0.08690422182
fsi_79ab3fc71915,0.1285152774,0.1222397111,0.2153622865
fsi_7cfa31323222,0.1281354939,0.1179095397,0.1178336355
fsi_c191bb1245af,0.06455898242,0.03940592868,0.09342491324
fsi_69f17b93da1e,0.1260485296,0.115344153,0.1255962231
fsi_214091e59cb5,0.1067323942,0.1849737145,0.2059845803
fsi_8002482c7759,0.07026746426,0.1213899331,0.2217143671
fsi_7a3c645f95d4,0.07424780904,0.09904484387,0.0680017685
fsi_10b8df956b0e,0.4917164137,0.1323701699,0.165546511
fsi_ff17eadb36fb,0.3678647955,0.4379971913,0.5387540622
fsi_2c065611e1ef,0.9595928451,0.8380877653,0.8657181447
fsi_d55e47458f3d,0.160162181,0.1206749548,0.1427535442
fsi_1cf9ab05d393,0.4297144686,0.4233366536,0.3953943342
fsi_7d258a3ce049,0.9417579507,0.818840818,0.8433807404
fsi_3eb19f96c73c,0.6737843201,0.4213147598,0.5000956388
fsi_cb063bf9b9ac,0.03551194517,0.02554748311,0.0290669954
fsi_273cd76df694,0.02454478407,0.01267969944,0.03514831339
fsi_360a7ff33fb2,0.3627124954,0.2892095322,0.2451162625
fsi_8696f309a661,0.1193936075,0.1221956173,0.2435264461
fsi_e0b2046ed747,0.05244196788,0.03339784241,0.07807695292
fsi_f27188b7f483,0.678020332,0.6454043762,0.6071273392
fsi_644f1af731f0,0.1450757819,0.2490985884,0.2243784582
fsi_2e0d9fa1af15,0.6817840238,0.7525194666,0.8883225246
fsi_f3d018ed2b62,0.8402500289,0.6309098365,0.6513846038
fsi_1796e3f69d6a,0.01903356448,0.01018390612,0.02757210216
fsi_a7e17a42de67,0.1710225241,0.1433187332,0.1864559296
fsi_86d4475c992d,0.4695669946,0.6739457508,0.6205090226
fsi_206444bea30c,0.403887487,0.6722659007,0.3702932472
fsi_e5aa4eedaff7,0.0831173727,0.07393522746,0.07730066003
fsi_2782e564f040,0.7530452351,0.2589626364,0.1316169801
fsi_8bc554947cec,0.1565761143,0.1324862379,0.1693509931
fsi_7b777563cd4f,0.2172148865,0.08849921808,0.1060289166
fsi_7cab327c3d40,0.5145372308,0.6392989394,0.8290000937
fsi_f6390b83d69e,0.805365837,0.5241184371,0.7895678535
fsi_2c7caede58a2,0.063725527,0.03863103871,0.0893240815
fsi_647698404e45,0.04303676492,0.03395614068,0.04146718931
fsi_48eb1704181d,0.0587007946,0.03722126972,0.08514995178
fsi_b74c122ef817,0.8694787009,0.5915202765,0.7785615588
fsi_e613bfc89464,0.8756749005,0.8473293928,0.9264006447
fsi_f73e52cc2d92,0.6541512771,0.6614895296,0.6572797477
fsi_acf0ee52d906,0.07094436188,0.1195061176,0.2192264786
fsi_df7d4c460eaf,0.1692159343,0.1434057657,0.1860115438
fsi_66a490bddc2d,0.79788042,0.6771298595,0.5373253637
fsi_09b3c70dc6aa,0.8753182792,0.7209942459,0.5454541632
fsi_ac047d3b2a72,0.1497008605,0.2707651134,0.3898714084
fsi_92f1c0b6d4d5,0.2454647619,0.08991858984,0.09258360934
fsi_ec6a4202fd2c,0.8157399456,0.6997516083,0.6080750639
fsi_dc9f4e1175c1,0.5596210187,0.8682760088,0.9457900437
fsi_48f5812f0992,0.1292019519,0.1878277501,0.2028406081
fsi_eac5644bdb5c,0.02095048082,0.01088929126,0.02901828693
fsi_bce8321212eb,0.1009005075,0.09093731675,0.09667161754
fsi_ea81f157ed7e,0.09463689637,0.1338978163,0.1000099639
fsi_68f9e4bf9acd,0.1250606808,0.113993436,0.1248636332
fsi_eebac4f48233,0.416676738,0.4942021303,0.5776173987
fsi_e558571f1f4f,0.02307815074,0.01114255842,0.03021130081
fsi_5f304a6b4f12,0.3127710124,0.149454701,0.1530465211
fsi_ff1b113c5e56,0.2133629288,0.3783001912,0.4539150162
fsi_02d10b2fcf0e,0.4962252926,0.160282375,0.202804358
fsi_38b4a62a8648,0.06656425084,0.05376719781,0.1203352097
fsi_10314f36dc73,0.133107527,0.1389149055,0.2653006762
fsi_2495bbe0809e,0.1334765736,0.2005178659,0.1974949002
fsi_6f2e77b511f6,0.08732436631,0.09718977084,0.1522966838
fsi_c629a47a8eff,0.8682710235,0.7209517985,0.5802718517
fsi_fe8be400001a,0.06743732696,0.1162327067,0.1388037993
fsi_17e8a6ae6300,0.1660100459,0.1435011143,0.1885358326
fsi_22e4ec9fcc88,0.1393263693,0.1932047385,0.09326013459
fsi_b785c80b70e0,0.1239014773,0.1942900949,0.2845020463
fsi_3b10fdea4fef,0.2312829953,0.3208235664,0.4346914655
fsi_3182af3212c0,0.140506309,0.05675592684,0.1041114949
fsi_116535bba165,0.4659917991,0.5899225257,0.5561202706
fsi_2d6c25013a33,0.2371227644,0.3473018,0.523596711
fsi_dcdc1edd3a90,0.1831131445,0.1615039055,0.2208198765
fsi_2d9733fc55a6,0.7915144629,0.6183591066,0.5250579632
fsi_57b1b061c209,0.4046265722,0.5998861681,0.8057446604
fsi_1bedf0b26189,0.126698733,0.1719986112,0.1961523188
fsi_20cbc28d26dd,0.7444445491,0.5866067755,0.5208872718
fsi_a513db5ab8c1,0.6947958801,0.5183097013,0.3718957075
fsi_f034785ff9ed,0.5505824192,0.8236702803,0.9241807714
fsi_4371e29a2603,0.3427733003,0.4357781922,0.1990495903
fsi_482c34d53f87,0.1912804585,0.3175901993,0.1703482096
fsi_8a62e6bfbfdd,0.02217153462,0.06606370089,0.04545404263
fsi_c784cd8f584e,0.1175543448,0.2003366145,0.2039711577
fsi_77d6b858dc89,0.6922669584,0.4988792825,0.4060977553
fsi_8d42d358b46c,0.07429966277,0.1196300184,0.2200234475
fsi_fd5048597f8c,0.2327662729,0.3294837863,0.4215111533
fsi_a22a2a9de0bc,0.01113577252,0.02612858912,0.01936216467
fsi_5266b8f1199b,0.1904286982,0.3121196533,0.3464388043
fsi_bddb7588625e,0.2287783388,0.3085868832,0.4290998204
fsi_5e60c2b08536,0.07683505525,0.09511873645,0.1140913215
fsi_228845d8ec7d,0.4880658697,0.1292063097,0.1595301196
fsi_231722850de4,0.36384859,0.4183509201,0.5608403098
fsi_902ad201ce05,0.2866579388,0.4693576354,0.3297633796
fsi_9ce3accbf5be,0.2040151207,0.3233963336,0.1749968419
fsi_93d990ccb609,0.05068229166,0.04063228253,0.04796145529
fsi_f8723897260b,0.2292208063,0.2263139298,0.3314983716
fsi_05f16a81ca13,0.1484634506,0.1406518049,0.1582154338
fsi_5ec9bdee2c6c,0.08527671932,0.1485880421,0.2634916053
fsi_5e3000418732,0.04589400282,0.0119696124,0.01299174585
fsi_e3c664e97664,0.04736727895,0.01315653131,0.02415358006
fsi_330c0d8e1ac0,0.08582202916,0.09249884731,0.2132453748
fsi_2f5fb1668961,0.2235370307,0.3613533483,0.1928409112
fsi_d106bc76c146,0.1752776572,0.1548920471,0.1953571759
fsi_05f452fbabe0,0.6933437428,0.6351712628,0.5895146479
fsi_a992966f81d4,0.5216079649,0.4516627243,0.4014704208
fsi_302f8640804d,0.7926402864,0.8663243445,0.8866596564
fsi_15690c61254f,0.09177931029,0.1097878117,0.1643218332
fsi_c9630c66f59f,0.6717710537,0.6351774974,0.5650352527
fsi_5185ec28448a,0.163095109,0.1728765014,0.1919104131
fsi_392fd43ea8fe,0.9549303625,0.799119322,0.657994609
fsi_18e76ee6559c,0.1388685701,0.1278263948,0.1357588344
fsi_4c5fdd5ce633,0.2325113801,0.1149196378,0.05131134299
fsi_faa3fe6518cf,0.1668110818,0.2990030047,0.3988253821
fsi_2292aeb2cb2f,0.04425577792,0.0152655149,0.02510847511
fsi_30b0ac91765b,0.06395743207,0.0553062288,0.06827437688
fsi_b6942a549dd3,0.6903331007,0.9388674052,0.9747473261
fsi_e6b3505c39b9,0.7248787552,0.4729742731,0.4177470153
fsi_f42f53c26fcc,0.9957369132,0.7263166364,0.7275235081
fsi_6816d639881e,0.2041128913,0.3054124937,0.1688269514
fsi_8b734e9ab659,0.1490459772,0.1863343499,0.06665075789
fsi_3f5bbdb64c78,0.1723979011,0.1655213755,0.05549064279
fsi_41439fb109b8,0.0875235564,0.02865267985,0.01138478031
fsi_40f75d06a825,0.1148670943,0.1589882941,0.198391322
fsi_8726f98863cc,0.5353453075,0.1610702627,0.1966362133
fsi_4f96495e8081,0.1598355833,0.1669786362,0.2722859989
fsi_f7389b41eb90,0.8279052974,0.8914073837,0.8885605347
fsi_271d98482507,0.32980709,0.1060311258,0.1605908607
fsi_303916561f47,0.07688116214,0.03256685296,0.0103139283
fsi_7f8f78f8681c,0.4530938009,0.6015018826,0.6495037634
fsi_7a9d057f0a61,0.3411424068,0.2089828044,0.1372582086
fsi_e96c4c51f682,0.2062727297,0.09441906408,0.04532384581
fsi_43baa6b83202,0.1132240268,0.05963103781,0.1179804787
fsi_e742a16d0802,0.04281999343,0.03054259965,0.07229791689
fsi_677119a973ae,0.6286789809,0.9140197595,0.9611506752
fsi_e81cd4437bd8,0.1612175008,0.2181185955,0.1076453089
fsi_7b2e66349cd6,0.1447764109,0.1591074609,0.1855048842
fsi_cd60c664d3b0,0.1544356058,0.246576001,0.3137105895
fsi_4c8c5c0468b8,0.5885709524,0.1745412352,0.3273852736
fsi_0787a918a973,0.9511444428,0.6943594059,0.7156751481
fsi_2a3e1cddfa16,0.8101103116,0.6790660662,0.5304233821
fsi_c4a5ad553c18,0.1971572404,0.2834719763,0.4246327383
fsi_4cc42b6d5ca8,0.1552481096,0.06475886091,0.06158995988
fsi_e40eb4a40f17,0.1538154946,0.2269687448,0.2126983915
fsi_d342b47f91bd,0.04875298634,0.03674028023,0.08606159787
fsi_e2a6d0f58374,0.1537946774,0.1693309824,0.1965978419
fsi_96a368a2c4c6,0.2056994953,0.2931040689,0.1532300156
fsi_4e44497bc04e,0.2549519026,0.3611816091,0.3179916457
fsi_87d79878a785,0.1477119181,0.1868205054,0.3139947548
fsi_f09c2177a374,0.1582338707,0.1739436593,0.2025717199
fsi_b118c5bcca66,0.05966987301,0.05578714468,0.09611669343
fsi_882281b8f348,0.3333547117,0.5060826444,0.4710730543
fsi_5c090f8d0ad1,0.0743781676,0.1450534448,0.2390748647
fsi_4b7c39d3863d,0.2596628753,0.5110928044,0.6488301461
fsi_ba193f81c9c4,0.06345863266,0.05975362303,0.1044743766
fsi_65f98b923d2e,0.06384330682,0.1064012062,0.1985772978
fsi_dc0293b2c254,0.3057899043,0.2553950192,0.3927776592
fsi_8b6a990afc7f,0.2409451499,0.3449603194,0.2166822312
fsi_c43693127efa,0.2695472614,0.1319929472,0.1166056989
fsi_a1d465467bc8,0.7178656863,0.1608966117,0.2270887015
fsi_6ed3ce3aa4a2,0.1456412168,0.1609856039,0.1882248652
fsi_8560b5bb77d1,0.07588653046,0.1425437829,0.229783563
fsi_07378fa892c3,0.1619090518,0.05289125483,0.06043391043
fsi_589f2ce96f53,0.4395697929,0.3183133217,0.4413795231
fsi_51636ecb3ce4,0.1635318574,0.1824376393,0.222660312
fsi_7a6391590fe2,0.04486557002,0.06722978802,0.150287543
fsi_5534068626e7,0.2508371637,0.3835909622,0.5552183056
fsi_4492dae4e29c,0.07634515422,0.131270846,0.2177328467
fsi_2e2b0c3d5b0d,0.5706783674,0.8128933468,0.917702007
fsi_26178c735bfd,0.4657969741,0.3281132644,0.1848492293
fsi_09f0e03b928b,0.1033856001,0.1510089828,0.04418044059
fsi_664069148548,0.02905668768,0.03764073227,0.06571931351
fsi_4d6b547bb8a1,0.2617192285,0.09148989416,0.09897409155
fsi_f3839b20b78b,0.02470690198,0.05333523659,0.04771477171
fsi_036bdff14bd3,0.0805755385,0.160125845,0.2669675204
fsi_4eb718bf6ff5,0.5837530349,0.8310233748,0.6894921911
fsi_b4d0865d5287,0.2013082667,0.0923941561,0.04401823234
fsi_49f53e0880d8,0.6789523848,0.3158778414,0.4447795985
fsi_7f1311f9df71,0.9220198429,0.7292463954,0.6269369804
fsi_8cde17f7de6d,0.2676434504,0.3763802001,0.4613000111
fsi_fc6da1e55932,0.04554773431,0.03986817204,0.05110365151
fsi_e066726df3b9,0.3384604428,0.3241300054,0.4674758072
fsi_ced2369db03a,0.2607460505,0.5013283039,0.6596461625
fsi_8a6d94c8fe98,0.8429385724,0.6466599339,0.5426690332
fsi_b70c7dd1964a,0.07426209534,0.08519091265,0.1587119355
fsi_74ec1867fe3a,0.8217394316,0.6907360701,0.5961581356
fsi_94583c580f98,0.06323465887,0.09970339384,0.168007668
fsi_28e079a7e046,0.0399734553,0.03044050026,0.07245998586
fsi_46b23110dd9e,0.1658887912,0.1872536903,0.2159142087
fsi_785c5d74f4f2,0.009736538009,0.01485784754,0.01359261895
fsi_6cdff1b3c178,0.2532529775,0.354130022,0.4665772887
fsi_d712d9aed593,0.1871731698,0.2520249855,0.1037746503
fsi_f91820dbcd3b,0.3301542269,0.306592181,0.1125218766
fsi_b3602ee73592,0.8484908255,0.7045759098,0.5946736818
fsi_681f3c34cf7e,0.07506335381,0.0839529319,0.1607526205
fsi_a8b46fb5af61,0.5329219742,0.6599362821,0.6657003462
fsi_91a9e472cba7,0.956371896,0.8221095793,0.8549380863
fsi_92c45f84a58b,0.01379946368,0.01819151043,0.01939445947
fsi_7d1e32bddfa0,0.02868789737,0.02896683085,0.07069387353
fsi_1dc71ff90bad,0.5812177342,0.1529418952,0.1761419503
fsi_71046801c889,0.06827296474,0.1150796148,0.2143065169
fsi_36f77ac1fdb6,0.0217281929,0.04975019264,0.04477604015
fsi_275a84b4a2cf,0.140114292,0.1951820817,0.2099197301
fsi_9c0a8140c349,0.06916674032,0.1209469842,0.2053115325
fsi_61c58eb3e4e4,0.2586786829,0.3880344384,0.5727966291
fsi_a33f40d2174f,0.615272071,0.290180248,0.4166400319
fsi_74ec9a19021d,0.9798259244,0.7455709697,0.732645145
fsi_fb84023cad0e,0.275173786,0.4207296105,0.5952592221
fsi_cb161d40fe00,0.9004477158,0.3440569202,0.4594471001
fsi_593d34563779,0.04337167097,0.05988462913,0.1151512239
fsi_bcd86eecebfd,0.8954239949,0.8137129331,0.7956815294
fsi_517a97cbb435,0.6744574529,0.343569889,0.1430497996
fsi_b8d8dec28a43,0.6552292501,0.4065994968,0.4016203052
fsi_7efa59e9e875,0.6476757722,0.355016242,0.4913787601
fsi_7e21f02b4e65,0.2893953068,0.5657418841,0.6966548142
fsi_d9fa2e17650f,0.7321947579,0.09632246731,0.1316428108
fsi_06b38b143afb,0.04050673513,0.03075360356,0.0733356008
fsi_05fafa94fee4,0.01661736493,0.03296519398,0.02527738001
fsi_2fdf81ff6a15,0.2638445482,0.3896865059,0.5751338607
fsi_ccc5904377e1,0.4895854828,0.7998235291,0.9101632126
fsi_1e4a4bf8b77b,0.2737104461,0.4999467562,0.6569674755
fsi_6ef74f251cbc,0.7921280221,0.5635943544,0.4118146843
fsi_b03aab100edd,0.01956890315,0.04006934268,0.03620092964
fsi_ca316f4a3cf6,0.04957732609,0.02487500896,0.01785161018
fsi_1a2eea0d6f79,0.9037444704,0.8879823769,0.9294203916
fsi_5fa4d8a2ff0d,0.07919585108,0.1963835396,0.3296425545
fsi_3345f7ffc953,0.2167093609,0.3380355039,0.5289870005
fsi_fa22729783d4,0.1634727885,0.2867535671,0.4299054409
fsi_bb84cd00f21d,0.7992665402,0.8290797426,0.8976075539
fsi_21011b18a467,0.01644575435,0.03248930572,0.02603380249
fsi_5239bb7cdbd6,0.07280747028,0.1186379695,0.1278512929
fsi_7c1ebad31219,0.03542447153,0.02892429613,0.06766168492
fsi_e718fb3c8eef,0.1210738447,0.1878884856,0.06677562363
fsi_4bf04c038f46,0.6000071055,0.2845861584,0.4122461258
fsi_875ded3fee9d,0.01340556872,0.03167112829,0.02572781758
fsi_02dad357d0d8,0.3566576325,0.1304585701,0.1766001522
fsi_3c549cd25881,0.2963212228,0.6566116062,0.7182684807
fsi_dad6efd20d7f,0.006808519802,0.009283774798,0.0087245621
fsi_edd436dde15e,0.4610764239,0.1861276237,0.2384589847
fsi_4f59662c5cdf,0.7966805922,0.2231325058,0.403366571
fsi_70c49342e328,0.1076105722,0.03611243224,0.0119778921
fsi_2589eff08882,0.6574991579,0.3454520394,0.4797828569
fsi_ef7b070b0885,0.2332072544,0.4337567057,0.6042430018
fsi_ae58858c3a35,0.01337426298,0.02857717349,0.02383687124
fsi_0416488e48bc,0.01651343474,0.0361013419,0.03282531942
fsi_74cf2b86c31e,0.1631966436,0.3001892316,0.2002037255
fsi_ec0e275bd534,0.2533024853,0.3886281971,0.5688032771
fsi_7b7be5f5d9c4,0.3438870783,0.4363840947,0.3391145843
fsi_db9fffca8205,0.03969310333,0.03231842935,0.0744956935
fsi_0c906ffc3e7b,0.07539370542,0.07992339472,0.157642931
fsi_a57fefe3cea5,0.1660439479,0.07694036022,0.1211805109
fsi_823a3dcfa167,0.8480988368,0.8524401967,0.9034252538
fsi_95571c8dba63,0.4688512992,0.1906786217,0.2408147478
fsi_10738d09c972,0.1646210251,0.2801857196,0.4337456485
fsi_6aa215410d5d,0.01342978465,0.005527443177,0.01053816503
fsi_b20b9d809b1b,0.0442222278,0.03419781596,0.07963042353
fsi_518b7eb2889a,0.2592169941,0.4980329821,0.6493537561
fsi_27500cc157a2,0.006416276505,0.008622746844,0.007181579489
fsi_e3632570f3c6,0.05616480465,0.05658645013,0.1072319687
fsi_d206ddb6dd6b,0.05931049226,0.04420994093,0.1049968805
fsi_bb791b8ab3df,0.683232628,0.3120484491,0.4446905519
fsi_87538b29f638,0.2655423609,0.4437795985,0.5850652192
fsi_dee023c6c729,0.336477061,0.4163164015,0.3658879438
fsi_8d0ed245df10,0.2923466594,0.3323215182,0.4273862609
fsi_2494bb0af562,0.1326938745,0.1766296773,0.353054411
fsi_cf726a6cbecd,0.07748133422,0.1584637106,0.2729620825
fsi_8e27e185ac0f,0.139572248,0.1963834318,0.3623704047
fsi_fd3bf2478b9f,0.01080201194,0.01332233512,0.01453608559
fsi_cfcd2faa4e60,0.5402651221,0.274572587,0.2315439811
fsi_73d508d35590,0.04641025616,0.02924044209,0.02323276469
fsi_a7c6bed9cd02,0.9746677591,0.8110668747,0.8071296486
fsi_a127427efc6f,0.01396073078,0.03044868969,0.02410865066
fsi_c7a6b40ebf75,0.7153585547,0.5490326443,0.4472324552
fsi_820cf1dae279,0.1720684392,0.06569296585,0.1166128384
fsi_c6710f643a67,0.007040558398,0.01011947997,0.007943098776
fsi_39287d322763,0.03776610863,0.01457560794,0.03271408544
fsi_e4b3e5bd2717,0.370130708,0.2791946708,0.2170712075
fsi_f3ddf4832d7d,0.5257655365,0.2395746868,0.2853804906
fsi_774b8fa97676,0.03081011669,0.05561190917,0.03412095708
fsi_a30ef45f704c,0.1932719197,0.06903217971,0.07658423752
fsi_0996091693cd,0.4420054401,0.513517643,0.5039068232
fsi_8821f57320a8,0.4358004497,0.4862142253,0.525929854
fsi_ddd8b899fe47,0.1711819376,0.2745964401,0.4315105393
fsi_32bf2376d314,0.1843428834,0.3217269685,0.4742995514
fsi_5a5f456b9624,0.07080745491,0.02186714615,0.03553415536
fsi_dde3e0b6375e,0.4148223286,0.4895852034,0.2247917741
fsi_d367de3eb142,0.3114016271,0.4656448909,0.3127019351
fsi_fde7a55ed429,0.8830724613,0.8799395284,0.9145496509
fsi_b3fde9c9f0ec,0.2189518756,0.1469472952,0.2416708273
fsi_e20605fcee72,0.2194857347,0.4246864253,0.4115474757
fsi_474d94f1e277,0.01829139873,0.03384358763,0.02382982321
fsi_d0416477df9c,0.3504097564,0.3730334341,0.3612750315
fsi_69227b0b20ae,0.4231874459,0.3199139025,0.2554413271
fsi_719e15196eeb,0.1501866269,0.1742940993,0.2991143906
fsi_8bb7acbf84f5,0.9198533967,0.7049618006,0.6721300974
fsi_60f21447eb7d,0.2788189461,0.2944073325,0.3405779001
fsi_0246ad307fab,0.3537819302,0.4099530764,0.3832474427
fsi_05299b95146c,0.2190193865,0.4181871189,0.4389629059
fsi_7285ccaa3c0f,0.04370806279,0.03812715022,0.08501314224
fsi_b79c6911e6c3,0.2159208093,0.1102456632,0.04297317429
fsi_801e5142e4fd,0.01132409413,0.01361661279,0.01303880479
fsi_6a07c5c530b6,0.674413343,0.2888814819,0.3815137265
fsi_912d29cf4ac3,0.7331066193,0.4871332292,0.408554868
fsi_448f1ede2c52,0.2111262164,0.1537286122,0.2425202374
fsi_0c3934b030a7,0.9500454134,0.7829613839,0.6930901144
fsi_e8624a41dd63,0.7353678154,0.3130971422,0.4058796843
fsi_e5bb5d1bf876,0.8100606916,0.8789374,0.9041005768
fsi_f70fcbe5aba2,0.07880167341,0.05858775453,0.01265317108
fsi_6f178476b3f0,0.0620677666,0.06606531928,0.1372099117
fsi_a97d9fab3d5b,0.3799574085,0.2908192974,0.3447171755
fsi_478d403879d9,0.1603213658,0.2829893891,0.2047915518
fsi_c60902f44cbb,0.221351931,0.4131723926,0.4394336733
fsi_bee7fa74a7aa,0.8892537383,0.8901621519,0.7880820994
fsi_3bb42ccc2749,0.09600488144,0.07136160522,0.0600317033
fsi_4dc7210539b7,0.1696914189,0.2853231226,0.2053377272
fsi_158fc6747df8,0.3659897124,0.3812532468,0.3776561973
fsi_477136042d78,0.01510157435,0.0316488094,0.02293580723
fsi_32d77e7d918a,0.9966437746,0.7822020127,0.6861155863
fsi_c5dbca591a0d,0.2370826159,0.4409528872,0.4267922867
fsi_444bf115ce96,0.2362605052,0.09325630687,0.04554120942
fsi_aefaa093c532,0.0898939534,0.1057011593,0.190648972
fsi_796d8576a8cd,0.1057259344,0.1728195768,0.3261008974
fsi_a41cf7244704,0.1705231386,0.3580172364,0.3679159668
fsi_4898084560cc,0.1468452656,0.2326149049,0.3835274288
fsi_2260bd696fa0,0.7873455421,0.3877654534,0.497676418
fsi_81f405d3f0e0,0.08904882899,0.08711724885,0.137612051
fsi_68b9b9777e3d,0.3279442713,0.3461141309,0.3233117476
fsi_e66f74eddfb7,0.4979028713,0.5142514996,0.7132784443
fsi_4055c60ef8d0,0.006443391091,0.008765691846,0.006680860659
fsi_4ad3c8536e31,0.8407398408,0.890591036,0.7818493415
fsi_8e488efd38f9,0.4648787225,0.4722944276,0.540548352
fsi_82929b1d79f8,0.2578892709,0.4817860953,0.6500716127
fsi_c0f387b087c7,0.02651146016,0.0542376864,0.03271276485
fsi_97f8ae09c1ed,0.9105992958,0.7623889751,0.69810514
fsi_2a3357622a3e,0.1713454306,0.1169984994,0.202522955
fsi_27a47a06becd,0.04639343858,0.03239970186,0.05838118401
fsi_e6f348ffce41,0.5056912073,0.6428316037,0.6343826453
fsi_8a00ebb3a4a4,0.7352472761,0.3655681524,0.4771347553
fsi_594a86eb37da,0.01674248136,0.04315250518,0.07610954647
fsi_8374b4bb7ae7,0.1811996047,0.3584131664,0.404204843
fsi_8157762868a0,0.9574498667,0.7636368677,0.6944858577
fsi_499cc6f79265,0.4549401572,0.4713604535,0.4481941867
fsi_03e7b2337aeb,0.4027442654,0.4209843424,0.4134012097
fsi_71f1aa7612ae,0.795412379,0.6863632346,0.8296952352
fsi_93735ab38220,0.1688516525,0.2657556238,0.1952039425
fsi_94006065a461,0.1930998549,0.3206094352,0.2312855307
fsi_af47b0b9381b,0.2288573331,0.4239074035,0.3416801533
fsi_75f1c8c38227,0.502970581,0.631191021,0.6727990728
fsi_0c02f053be47,0.2364106422,0.4577189946,0.6196124671
fsi_98e59ab467fa,0.2286267439,0.4709394944,0.6360183716
fsi_8ad7cfaccf23,0.2008037121,0.3326202455,0.2091452885
fsi_dd3758580747,0.6709010172,0.281440719,0.3692238468
fsi_294dd19fdcce,0.4058520335,0.5073715624,0.3867120831
fsi_460112e85d6e,0.5932958363,0.6006698558,0.8125562863
fsi_1ea9358f72d8,0.6492696285,0.2920519513,0.3878855419
fsi_19a46341aac9,0.01270525875,0.0170170808,0.01415859949
fsi_5e0a55bcbffc,0.09247299947,0.05793708552,0.1221084579
fsi_0642d24eff97,0.7671336242,0.4196003667,0.5355430505
fsi_7fe3942de501,0.2197349642,0.2099143923,0.1977063831
fsi_6a0c409d6c96,0.3175283757,0.3741110122,0.3830193614
fsi_5da692e0f098,0.2280119666,0.2169941029,0.2070502837
fsi_a5401028be63,0.4666435995,0.1560410339,0.1952739814
fsi_4cb9b6f53da8,0.06856702993,0.07444617898,0.1462180402
fsi_cd85c6afae31,0.2180826689,0.2078201723,0.1988125132
fsi_4ad1bff4c581,0.2444483468,0.21890867,0.2187751456
fsi_5adf606ee844,0.09276186678,0.07790249653,0.1420709185
fsi_e5d3f95cc518,0.01925713193,0.03953764756,0.05384064153
fsi_36a152440de5,0.7817175908,0.6085662271,0.4412924388
fsi_63a0d864b74d,0.1654338055,0.2708389613,0.4256065459
fsi_7debf56f8df9,0.2329539597,0.4535069972,0.6212198433
fsi_971ccbbad715,0.521960554,0.3524925476,0.5046643163
fsi_4a7b84f25e87,0.2260172555,0.1618988454,0.2640754251
fsi_8fb5e4e545cc,0.3423893381,0.367276417,0.4243545955
fsi_321b64a9fa90,0.01030378692,0.01355841884,0.009420955905
fsi_19675d2be4aa,0.246267009,0.4709229198,0.4391020803
fsi_d8e9070b0dcb,0.345819434,0.354825036,0.3315459035
fsi_f955d68f6650,0.09661299618,0.1062186474,0.1646310003
fsi_59749fa6f2b7,0.4832894897,0.395973925,0.5521288158
fsi_aaab9ee2294d,0.9989771901,0.8023967729,0.7011534486
fsi_ee6c9c4cb99d,0.03344775963,0.06233156923,0.1312066691
fsi_e5cffd8f44d0,0.196222521,0.3995386408,0.523876404
fsi_6fcb47342f42,0.2192295942,0.1675857393,0.2474805352
fsi_dd57febd7a9f,0.2122189244,0.2050335976,0.1921660392
fsi_ccaab7b62acd,0.2011891257,0.3981774713,0.4141765833
fsi_0ecfc14d8419,0.03317200369,0.05905834918,0.1259859548
fsi_45d5a051e7b4,0.1749148806,0.1060411301,0.2082439138
fsi_8c5abe82d0b3,0.6939735745,0.9470805966,0.9210635421
fsi_78673f0fa894,0.009039040629,0.01034279127,0.02243162494
fsi_1204bc6314f0,0.01681899421,0.03396937968,0.04468631976
fsi_dbd05735c936,0.7136553956,0.3590812314,0.4704146474
fsi_e75688d7c58d,0.1910977358,0.1656276862,0.2711767969
fsi_efe1cdfaf2cf,0.8309464216,0.6472010674,0.4419875339
fsi_5b3fbd646926,0.3607096902,0.3891054057,0.4488872922
fsi_ceaa013640e1,0.8351180281,0.8769768776,0.933450043
fsi_1dbe8b65bf7d,0.228868729,0.2228580314,0.2206247489
fsi_90b077de9d46,0.09458887647,0.0827903696,0.1450691953
fsi_61d34d45afa5,0.923523042,0.7443459614,0.8206504501
fsi_d119d07b8181,0.2460021135,0.4816145946,0.6534313838
fsi_fc50aa879cbb,0.8256103471,0.8800097822,0.8754527429
fsi_424cd766ce4f,0.5097785693,0.3792007041,0.5383297804
fsi_def9bd7faf69,0.2046815546,0.1450954799,0.2416071964
fsi_413a91e75b46,0.6498801307,0.9608144841,0.9235111593
fsi_72e84d5f8cb5,0.1621536345,0.2404995054,0.1682608023
fsi_19a111f019fc,0.2810244952,0.3835288538,0.2097429689
fsi_9e16206bb514,0.929086381,0.7008537239,0.7405140454
fsi_1b2fd29989c0,0.4868321689,0.4939050548,0.4528219332
fsi_499493ecb60c,0.2480986797,0.4352078246,0.4127449781
fsi_a8eb6d65569f,0.4796105901,0.3388495063,0.4820388152
fsi_1192302fbd60,0.09681609977,0.05406287476,0.07096629917
fsi_70defb3ff705,0.2989694542,0.4051058051,0.2309432954
fsi_c10c08d325ea,0.9510020653,0.7997262417,0.6936542573
fsi_d3a201cbc82e,0.2559740918,0.4869973372,0.6654744451
fsi_35707a535dfa,0.4818450196,0.3263314427,0.4832099201
fsi_e796cbe91dde,0.08964067439,0.06750884808,0.1290601248
fsi_b25f0e9a443d,0.03340994594,0.05348816912,0.1166408293
fsi_4eb62d77bd61,0.491879655,0.446704924,0.6723274362
fsi_76de663b6fe0,0.2450481739,0.0401844512,0.02797550252
fsi_4c24348e99b1,0.2232104499,0.09341630711,0.1531980464
fsi_76b4aa5aec25,0.5267295865,0.6377200838,0.6966218102
fsi_6e15d63f8654,0.1935936835,0.2854826745,0.2364786256
fsi_3b5e3bd98265,0.918707471,0.7395016183,0.6259813305
fsi_81a784a2299a,0.3866462953,0.4035352082,0.377409045
fsi_d9b3ffec7555,0.3272844997,0.5278013676,0.2300209546
fsi_25041b127d75,0.731679564,0.9873887014,0.9770975685
fsi_e59337386813,0.5105240766,0.5335100108,0.5046534617
fsi_a18461f068f4,0.7817242095,0.8937030569,0.8785693187
fsi_ed9fc4029522,0.3690839375,0.3993797802,0.3615920887
fsi_4d35768fa4d8,0.188908479,0.1609069686,0.1127243943
fsi_898f721d7d86,0.3354450037,0.4469611195,0.2427038944
fsi_d9944a61ddce,0.2060526636,0.1345794961,0.2475843569
fsi_87662ae814e6,0.7794315812,0.418889537,0.5306922221
fsi_1eb6e9e056c6,0.1842514782,0.1662482277,0.08994195599
fsi_cc8ead182b00,0.2314360426,0.2256936263,0.2122401679
fsi_16134f809ef8,0.1949955244,0.3680756503,0.416479851
fsi_7ba19c5b1d7c,0.2636657242,0.2128244537,0.2867918451
fsi_50c4ea11fce1,0.1993665781,0.1377120453,0.2299027939
fsi_a541540a4d7f,0.4006005356,0.3480173253,0.3149430941
fsi_675db7dc3f40,0.02330578264,0.04848164387,0.06267115355
fsi_7a60ebeea68a,0.7586456708,0.9715149704,0.9763380104
fsi_f507dbf87a9d,0.1894222754,0.3443980082,0.4019492925
fsi_6bc5049329fe,0.0175137492,0.02258779284,0.04645865832
fsi_8dddb445ea82,0.1993258547,0.3824307119,0.3989013235
fsi_65eac48e74a1,0.4574236616,0.31219396,0.4899944597
fsi_7e1e8f9b9ff6,0.3991876606,0.4305172388,0.4809920945
fsi_43cda84ed549,0.7911987762,0.3948873645,0.5030967996
fsi_2221d1832c9b,0.9627739008,0.7244747218,0.6088048034
fsi_756c5d162c6a,0.5472299103,0.4953263774,0.3063466377
fsi_47a4d856d7ba,0.2328313191,0.269015358,0.3011495449
fsi_5c067b2d3ada,0.1105975166,0.1253538029,0.1806838939
fsi_ca05cfabef99,0.2775002102,0.1163470988,0.0538295632
fsi_7f4db1a2396a,0.537296993,0.3321014884,0.4948831208
fsi_ba11ea452f54,0.5047096882,0.5212223692,0.4674645763
fsi_ee15a36b70e2,0.2046406536,0.1610454112,0.2646734564
fsi_3637320d76d8,0.6912607892,0.2734151818,0.352703498
fsi_3b9c84a4e91c,0.8070748527,0.8964310864,0.8767011055
fsi_3df143c78e9b,0.1860647033,0.1337474909,0.2054023553
fsi_6b2a24e95315,0.3725411723,0.3420452349,0.292480212
fsi_33e7f9f40be3,0.8556609943,0.666526636,0.5953197626
fsi_8d0cca575a5a,0.01682315228,0.03448696109,0.04100599327
fsi_a0915e9f205f,0.008162807348,0.01651956802,0.02062454017
fsi_9896a8630d30,0.2941957002,0.455272144,0.6244670979
fsi_2e75964a3976,0.5099346879,0.232255958,0.2474014354
fsi_6c9c63a03a9b,0.8146187025,0.87878706,0.8792162623
fsi_cefc08358417,0.3527958179,0.4977375762,0.4742546476
fsi_dc81b62193ab,0.9064127095,0.9727006207,0.9577834383
fsi_d23f934e21ac,0.6695941485,0.6536296581,0.7672631677
fsi_b09257986775,0.8594784631,0.8620472286,0.8726749848
fsi_7d80ce8dd15c,0.0256335765,0.0376836196,0.08361617999
fsi_08ad3d3ac93c,0.3581312581,0.4280385107,0.385482469
fsi_71585758d889,0.2657725193,0.04193571721,0.03019301455
fsi_ed4d4066483c,0.9536060561,0.7949850395,0.7917317537
fsi_96643025dee4,0.5477175127,0.3754069171,0.4843075295
fsi_d8a0358aed84,0.07728714083,0.1063350687,0.2294831846
fsi_4f3207341c60,0.7594848561,0.9052484508,0.8772362481
fsi_38505df6bb70,0.5329066073,0.6058526586,0.5654011918
fsi_b588cf925ccd,0.1571998849,0.3018747757,0.3847486872
fsi_856936b029a3,0.1018918917,0.128334323,0.06621842676
fsi_166aa29433f6,0.09794473317,0.1102483398,0.2534404326
fsi_6e69b85b7d49,0.2917871054,0.3473788081,0.1750488141
fsi_490a1430b7f8,0.369583339,0.3572630975,0.4087589995
fsi_7752b8c15ecc,0.02775842365,0.04594972898,0.1025323506
fsi_b7c9ea0ebe04,0.2877852601,0.2136913571,0.25277121
fsi_9ac0ecd668f1,0.04202222074,0.0315583398,0.0392436481
fsi_614045bb4f72,0.3831192883,0.4089215645,0.5125921122
fsi_4712e1b51465,0.1186131108,0.08673870305,0.1705279504
fsi_2a314d1eac7c,0.4916565486,0.3533939755,0.4751721336
fsi_fdde49ee350e,0.4542347117,0.1636967904,0.2236767083
fsi_6e9e1e4febe3,0.8494682983,0.898651537,0.8533223625
fsi_1959ca3f6033,0.009120452335,0.007289455877,0.01441857571
fsi_a3f8e6058011,0.01786210113,0.01338957569,0.03626855051
fsi_786ad7da0d66,0.453374354,0.5797697809,0.683634654
fsi_eafcb21a4d33,0.2587246494,0.1097249402,0.1540446239
fsi_f09305ae0b4e,0.07639600602,0.04815628608,0.1000428913
fsi_de722004c721,0.01082078271,0.01421598064,0.01213564022
fsi_e4c68817caa7,0.3148397174,0.05661327063,0.04024509755
fsi_ae14020bd78d,0.2559144183,0.4879008526,0.2350538373
fsi_0c0cbaf9034d,0.009641202084,0.004180941907,0.005148779683
fsi_6ab0fad4a4e3,0.3144715023,0.3893422511,0.1811205513
fsi_3130006fbe5e,0.2846938862,0.3985592249,0.2018726283
fsi_648d5174bbdd,0.01088541156,0.01016003458,0.01544731833
fsi_942bfd683715,0.3753028156,0.405180173,0.4423803641
fsi_cfaee936ad89,0.187964924,0.2277266858,0.3598985839
fsi_54dcaa6d5386,0.6471441969,0.2592197784,0.3933759867
fsi_78410030e034,0.03966675011,0.07391780117,0.1535729783
fsi_b857d13b10e1,0.008267406042,0.003439180593,0.003959751654
fsi_1245fa66ec9d,0.2200271218,0.4149021649,0.4096142034
fsi_6bdbbe949a4f,0.4444554023,0.5124299674,0.4460303771
fsi_12e19024d144,0.4513207195,0.3847421276,0.5146400318
fsi_0c1be6bdcc45,0.7548111448,0.5179108907,0.307477422
fsi_99011c9dc6d0,0.2193686651,0.273386376,0.3970090262
fsi_fff2fa779212,0.7832596501,0.296018955,0.3772297096
fsi_affa4765e28f,0.1333364382,0.1335644868,0.2116776651
fsi_3362b363e38a,0.2462667391,0.4827033817,0.2415702677
fsi_8839df2ad9b5,0.6110560448,0.1726525961,0.2356254398
fsi_a59f21816373,0.8078142998,0.8866441147,0.8388124195
fsi_9c9775092859,0.01660388007,0.03742082047,0.04358015916
fsi_184c61ce825d,0.03881030176,0.05656899606,0.111613761
fsi_f01decb92014,0.04031457374,0.06778594128,0.130624395
fsi_a9c56c9acc1a,0.2382373138,0.1658799417,0.2671489066
fsi_96f8ef8a7229,0.7933699185,0.9594999103,0.9780192346
fsi_9a859631c7c4,0.5873598542,0.7248499342,0.6936181589
fsi_44618bfda6e4,0.1914644858,0.3634006049,0.4041570349
fsi_e8637360624b,0.5150884923,0.9457130175,0.9852805329
fsi_4f649500c5ae,0.5584333322,0.1582784543,0.2207936002
fsi_bf5462d12562,0.07204682565,0.07493803842,0.1600042949
fsi_e46315719439,0.0748701217,0.04949036632,0.1059926285
fsi_b1f7dbb32c38,0.4351376716,0.3193787407,0.4436230976
fsi_9146c839ef05,0.2049250089,0.1865927172,0.04931152817
fsi_a9a63460d4d1,0.4281051952,0.3589157113,0.4568097164
fsi_66df87333321,0.2568929363,0.4744070631,0.2276061976
fsi_a87e411c0f6d,0.3558674329,0.3880792639,0.3292137831
fsi_113a97831ea7,0.1907015027,0.2561109301,0.3574711387
fsi_f728fef366fa,0.2779788197,0.03310207915,0.02373996451
fsi_08a776efc0bf,0.2980543182,0.5506912152,0.2734546779
fsi_aa378fe98639,0.8362469637,0.9810952285,0.9834437211
fsi_0be288ac6d6e,0.07954605023,0.05950137811,0.1205979835
fsi_864c9a3fe956,0.1743973959,0.2162614154,0.3127086552
fsi_637df8ee5e61,0.9444520137,0.8405731869,0.7696338705
fsi_13276bdaa0c4,0.04172821664,0.07426991158,0.1427308542
fsi_297908c66eee,0.2759809627,0.4979361459,0.6957642422
fsi_d31c0d3564f5,0.4414344538,0.3992200171,0.3361261591
fsi_dc5d4c852c08,0.5216043542,0.426512619,0.6754660264
fsi_c1a110ae0713,0.9390134543,0.7499128855,0.4965151043
fsi_89011a993a0c,0.1167750411,0.09940265677,0.1569584168
fsi_08db6e4dd08c,0.05190573311,0.04210966496,0.0469632595
fsi_df8a52a0f91f,0.03949793633,0.02844566303,0.03424607528
fsi_1e07990b01bd,0.02108361075,0.0349565561,0.07080840527
fsi_950c4d61863d,0.8751753702,0.6857809914,0.449178467
fsi_6d533083311a,0.3145200354,0.3271551315,0.3718065914
fsi_30eef7e943dd,0.4023320151,0.1670192223,0.2458682507
fsi_63d2c1de634f,0.005969213542,0.01380212357,0.01754631639
fsi_467eae56dd50,0.4518362399,0.5008725108,0.4998947447
fsi_64c76d00fda2,0.06608019699,0.1132110518,0.2112026946
fsi_ec0f5384c142,0.5496437865,0.259541347,0.4280350637
fsi_a778a470d931,0.1130903166,0.09909157566,0.1666228717
fsi_6d6ea34ece31,0.889336237,0.8344827457,0.7504848556
fsi_5446a961f1c1,0.5393327457,0.1491675138,0.2083538374
fsi_1c0aa146135a,0.008862279377,0.003560722653,0.00400781832
fsi_d9dce3dd3a97,0.4268736706,0.4831421848,0.5353867249
fsi_6cf78cf86964,0.06496506581,0.1081678052,0.2066098792
fsi_96e5e09d7bf3,0.1816165533,0.228870759,0.3307891529
fsi_62c57f913c0c,0.2744509289,0.1420308241,0.2199417351
fsi_ea7855e19abf,0.7812040613,0.8028671087,0.3424474935
fsi_e1bd3e5edc87,0.5814607538,0.1855213424,0.2509952293
fsi_93fceba614cf,0.1650981158,0.2098967748,0.3001553578
fsi_c7c284fccce3,0.5549980923,0.5329763327,0.6252434229
fsi_44d4ef7f5b55,0.7884552023,0.8829931,0.9039141675
fsi_1d15abf90517,0.4750091628,0.3690966989,0.4849979753
fsi_073c80756718,0.5053368873,0.920530167,0.9795845457
fsi_0afd3f58b5ab,0.2672578011,0.5559211866,0.740230115
fsi_5a0277c7347a,0.5285121721,0.6532197488,0.6913384276
fsi_72cbcf89e7d5,0.4636284417,0.1371753615,0.2145097135
fsi_1a2f14f68aa2,0.240480621,0.4453061546,0.1888463028
fsi_df7552483f7c,0.275972987,0.5524720266,0.4288155784
fsi_02a12241502b,0.6600770824,0.09089691503,0.1053673921
fsi_c90a3b269913,0.01657061764,0.02368059091,0.0202417447
fsi_1e76898463ea,0.03192887607,0.04537507437,0.08691529145
fsi_c4370d66526f,0.01263040673,0.005899002746,0.006656155186
fsi_bc4b05ac8d6c,0.737500616,0.9520994604,0.9314157765
fsi_ec671baf6ff5,0.163663602,0.1971116211,0.2914291661
fsi_4270e72665e3,0.4068828306,0.1438219623,0.2263830632
fsi_ffd873da1ab0,0.6282057544,0.8829324052,0.9285793448
fsi_8580d80f42ba,0.06318767073,0.03414869367,0.06560310398
fsi_043890d67e56,0.08981247033,0.04805003988,0.007671407038
fsi_f13657859f26,0.1095530048,0.1166291316,0.1842547682
fsi_e9232f7d90ed,0.4291508171,0.3052558084,0.4213678202
fsi_9bf863e32255,0.2426974287,0.2415461135,0.357394576
fsi_4a69dea1105c,0.1641400312,0.04141080002,0.04587030864
fsi_8fe90c3cb944,0.7654571896,0.3608280343,0.287812839
fsi_c378c636101e,0.7493677263,0.8996649175,0.9095519031
fsi_102eb596359d,0.3795234295,0.6682276511,0.5056463976
fsi_a1dd6e093c8b,0.2678862382,0.5453433614,0.7385236726
fsi_6452ee73681e,0.8482174085,0.7009275426,0.6633032346
fsi_5a340e0da844,0.3024310322,0.5396059417,0.3008906068
fsi_f105423a1be5,0.4254947075,0.1270309515,0.2031671208
fsi_affadcd9f0c8,0.002749036617,0.005640374583,0.008577940449
fsi_ff4998ff84b5,0.07668562921,0.06941286375,0.1510104883
fsi_9d84c7bb4b4b,0.3164360728,0.3180092369,0.5243089014
fsi_d18cff12c340,0.3890942905,0.2868981245,0.342889066
fsi_0631e0d77663,0.184317814,0.3152833966,0.2410713604
fsi_9caf1cc6e613,0.6864224577,0.9493848684,0.9205573368
fsi_30979147a21f,0.7858685028,0.3502042034,0.4807863714
fsi_9572a4fa749b,0.08985801904,0.04069987116,0.07732316717
fsi_0ebfa2f9aba5,0.7209308966,0.3258981032,0.4551317949
fsi_c138bcf83681,0.4061683486,0.2957197123,0.3433778942
fsi_fe5e31d8a89b,0.07336507476,0.05021536633,0.1050846703
fsi_ec6bbfc46bce,0.593452685,0.9084038098,0.9392942632
fsi_651b0fc9f6d6,0.6400008189,0.9498616798,0.985631047
fsi_6b0e3aec987e,0.1728572977,0.3082719406,0.2457109534
fsi_ffafa1c85fa7,0.0390172507,0.06063325634,0.1212683532
fsi_8aa2d17e7788,0.2882301449,0.5993229331,0.7766777117
fsi_d29a2260e38b,0.07048538772,0.04255235237,0.08023220949
fsi_bde7230d6011,0.4091777537,0.3941019008,0.4363157975
fsi_6aea79051f98,0.07634521038,0.05262791372,0.1087773824
fsi_3b39ee05d1c0,0.4125720878,0.1253489689,0.2010703184
fsi_364d5cafcc23,0.05975793604,0.03228153482,0.06243504938
fsi_808ecf627e1b,0.2771477571,0.5404423122,0.7347033983
fsi_8d82cebe5cd0,0.2695284769,0.04979993356,0.02978199483
fsi_5e97aeb045ca,0.09907894816,0.0785548596,0.1449530749
fsi_d75e54926466,0.08904644979,0.1103923991,0.1804022286
fsi_98e3cb54c95d,0.4236371494,0.1450169602,0.2246780218
fsi_d91f6adb1de9,0.03923746881,0.04403645742,0.08036514966
fsi_d20f216480ef,0.6437968685,0.9842531604,0.9839562981
fsi_88c4ccef60fb,0.02080973735,0.04486371283,0.04933029715
fsi_507903f1c503,0.335174546,0.4072276815,0.3306612608
fsi_ae04d113f98d,0.4319889603,0.2633418662,0.3087069589
fsi_15bff6f05470,0.3003279341,0.6824448237,0.8352556604
fsi_6d09ee21417b,0.06715034795,0.1068514403,0.207095648
fsi_c13d575a70e8,0.1714007763,0.218700653,0.3477788672
fsi_201103317958,0.335789357,0.411414106,0.4261925222
fsi_a1b3e7e8a7b9,0.04826411822,0.0836365847,0.1606732666
fsi_2e74b90b5e4c,0.5782938683,0.9710342806,0.9967046264
fsi_4567876b21d5,0.4089658175,0.3925600001,0.3102251016
fsi_fd0997efb3f1,0.05052074465,0.04614823397,0.1125554331
fsi_f59443bbb219,0.494644333,0.4515370607,0.4133002088
fsi_81b5c61b3c1a,0.5948074929,0.4985628828,0.6116945156
fsi_d9ae41c20c30,0.1002535765,0.1079278471,0.1729970815
fsi_f0e9befe6dfc,0.3650552384,0.4577722689,0.3764581928
fsi_4f9708b9d759,0.5939769372,0.1786243578,0.2388067285
fsi_7cfcb1fc2dac,0.00892125286,0.004680225253,0.004479192872
fsi_74103fe4c54e,0.192077717,0.3109504942,0.2387476416
fsi_cc2c69dc500f,0.4632820387,0.6407899104,0.3109031337
fsi_e381b5d3958b,0.0571584389,0.02722657587,0.05436272202
fsi_593139c2b85d,0.237869573,0.4728774519,0.6681280786
fsi_f15d6fc6c210,0.7470017978,0.3778487054,0.5158467078
fsi_e74c61515323,0.06902512104,0.09142152155,0.1704522752
fsi_9689cc241d80,0.2284039962,0.3980549216,0.3232729881
fsi_2d1011e93daa,0.263963161,0.5369667758,0.7293145459
fsi_31f0de030410,0.2065699252,0.2747434534,0.1942055763
fsi_aa068ddd7f94,0.4543792319,0.1387607449,0.2162497802
fsi_fd3e87c245c7,0.3950086045,0.6077178487,0.5376714477
fsi_3a0757aebcf2,0.3524604124,0.4873149432,0.358220332
fsi_2eb5c5422681,0.06641376664,0.04915609901,0.09982110395
fsi_4f92429181a8,0.7057535687,0.3159522759,0.4439519442
fsi_545af2e1299a,0.06087624274,0.02402626512,0.04777630464
fsi_6675cfda4c62,0.3997172906,0.2419414787,0.2940058394
fsi_096180213b58,0.1497927139,0.177656259,0.0693351537
fsi_886717bc76ac,0.02984452752,0.09404873803,0.09285396965
fsi_406097481cfb,0.04010573122,0.027739111,0.03187260306
fsi_00458c4b8da8,0.07213354121,0.1000370652,0.1811075823
fsi_f2a6183a52ee,0.5483514813,0.4653457859,0.57988491
fsi_15597f211a7f,0.003164341455,0.006171632478,0.009678505092
fsi_5c98a99fdbdf,0.4156787838,0.4049874065,0.6643842006
fsi_6cadb3791676,0.5129758746,0.3862123674,0.5423352853
fsi_aa7e040b014d,0.1020348842,0.1195207691,0.1917700882
fsi_7e7f738dafd5,0.5286310054,0.3548867597,0.4655127216
fsi_b16fc0582c0f,0.3919581116,0.5911974598,0.5779937047
fsi_dc8532962bca,0.06844015158,0.08274653864,0.1582947516
fsi_7be05c5a486b,0.2188711747,0.1885400867,0.2726961788
fsi_b85f94dc9f97,0.3858826017,0.4739450523,0.3713716226
fsi_2d7b2531135d,0.299525929,0.4154768191,0.4671536989
fsi_99827e2c539d,0.4216300088,0.2703167996,0.3126447031
fsi_68966da8bdfd,0.406340587,0.5086344107,0.4225210404
fsi_e203411cb77f,0.3952315987,0.4995690636,0.3824332872
fsi_746f4852f1c0,0.216569306,0.1803823053,0.2769741429
fsi_1b8d49f0d82e,0.0727268268,0.05352041302,0.1074088517
fsi_45ce453d0000,0.392017652,0.2400591216,0.2851544612
fsi_d93ff622d205,0.16823299,0.2768760583,0.2064001696
fsi_9f9c25361102,0.1009700905,0.1080305214,0.168896838
fsi_0d182dfb0e7d,0.1341874719,0.2367238722,0.06078416969
fsi_19856dfb0834,0.5213055471,0.9145178471,0.9813229042
fsi_24ffbbc51d29,0.4881870401,0.4127297927,0.5739589907
fsi_968f65689b5e,0.0805348335,0.05609057317,0.1139679531
fsi_2ffacbbceaec,0.2980102874,0.3770134518,0.4000826506
fsi_a29b9621c160,0.04134319363,0.03555964271,0.03491104955
fsi_038f3c5bcc34,0.2694732978,0.2578846709,0.2397587979
fsi_6aeb6b35cdfd,0.3171013647,0.0425697163,0.02898775963
fsi_1005fcd74ac8,0.4653083086,0.3569152217,0.5120307662
fsi_588dd432712e,0.7614617453,0.3558409871,0.486094571
fsi_0beb6b89f8a0,0.7757965989,0.3608730327,0.4629482735
fsi_4f3308da064f,0.5678572464,0.5168291646,0.644945415
fsi_e2d9d6cc40fe,0.635807742,0.1745321713,0.2316226359
fsi_f001e8fa041c,0.203320615,0.1074849759,0.159597297
fsi_400e819287fc,0.1051075354,0.1443427468,0.2567560503
fsi_1f79ae1e94d3,0.2200751065,0.3592915244,0.3209223238
fsi_51a3b041bd7b,0.4085384433,0.5831826529,0.5889784516
fsi_6a6e53426217,0.09531312196,0.13147857,0.2014621346
fsi_a43a514d0859,0.2694556158,0.5263786214,0.4012694674
fsi_fe594b0a3d9e,0.05534590574,0.09229946743,0.1839455748
fsi_826edc3dec8f,0.7973601136,0.6661860014,0.4147178308
fsi_de309edfe587,0.3316189682,0.4335285542,0.4513691877
fsi_1ce731bedad0,0.3080387131,0.5764197162,0.621462411
fsi_6cc56e31422e,0.3437861558,0.5069918114,0.3631325692
fsi_b79f636e0ef4,0.04850864051,0.01565256163,0.03449003272
fsi_91eb5daadc2a,0.1000376832,0.1708608584,0.3047343346
fsi_cfd6919abec7,0.6509519006,0.7278079944,0.8148433128
fsi_c81d2bfc0600,0.1748298834,0.08066719797,0.04015641466
fsi_3790a3ceef91,0.04150535947,0.107765171,0.2056122864
fsi_c0628e07f86d,0.01145390226,0.005032669163,0.005210112783
fsi_ab4cf95932c4,0.9225707482,0.4835934666,0.4506781017
fsi_970f16f8e201,0.4988067442,0.4169160033,0.5784705277
fsi_af7c40450950,0.09840887835,0.1599143375,0.2966102555
fsi_f095dbe132cd,0.5364229884,0.06213612597,0.06119291912
fsi_80c0539ca3c2,0.02292775401,0.009285328994,0.02534642808
fsi_4fdc6590121b,0.2009704348,0.2204295155,0.3432313087
fsi_593c138cdc58,0.740064972,0.79408622,0.8574243293
fsi_d3f816a12673,0.4549621001,0.3498902639,0.5058078036
fsi_762afba11b2f,0.08271056679,0.1428455826,0.2560615649
fsi_55805998bb44,0.2197078045,0.119695166,0.1797258394
fsi_232dc6d2c548,0.1246001164,0.1331990167,0.1950651974
fsi_e0cf1588a786,0.08891531485,0.1512251119,0.2751432669
fsi_b31ba391f4d9,0.6045496562,0.5196898325,0.6388523818
fsi_88cf733642c1,0.5208677868,0.3858964178,0.5450228103
fsi_fc65ee83e475,0.5301008462,0.06353653804,0.06441140274
fsi_514d7c1a8966,0.3470780225,0.4910010723,0.42535283
fsi_eb9e5f995e51,0.5468451035,0.4647445817,0.5716572268
fsi_3aa41559b139,0.1776183196,0.1988738611,0.3168314907
fsi_8580c656ba47,0.8124852854,0.3404975667,0.4707457309
fsi_ff1c71b1ea54,0.1198658476,0.2311244622,0.04641112577
fsi_b70d1e0428e7,0.6017650046,0.2702165651,0.4285660688
fsi_ddf1d8e95d90,0.2286488057,0.1753322489,0.2827543072
fsi_32f64608ab12,0.4805090354,0.5644965001,0.5481004191
fsi_a72a5b544049,0.5948746931,0.0781484414,0.07443002593
fsi_9b95e004ba86,0.9369024617,0.4379862257,0.442825165
fsi_ee014681fae3,0.1541000883,0.1869698876,0.3053103779
fsi_5ae5213b8f35,0.1036688438,0.1511844331,0.2872353658
fsi_0c7c8a571aec,0.9435103941,0.4766870418,0.5158129429
fsi_2f049b053481,0.3880479713,0.2199047599,0.1831484346
fsi_caca6363c174,0.08972410067,0.1483030642,0.2706581191
fsi_759aa586c294,0.2763540907,0.3256478441,0.4046334176
fsi_882a8b0ac6a1,0.8841854235,0.4927205407,0.4348423452
fsi_a8ae5b86f1ce,0.2599807179,0.1304759769,0.2203956616
fsi_b307b9555cf0,0.6895057572,0.7487725347,0.8184273141
fsi_8603948b65a6,0.05992008684,0.07442140321,0.1442589078
fsi_581c3e585d23,0.3498332924,0.348699898,0.4156491156
fsi_23457a030194,0.4469268585,0.8846275658,0.9766225024
fsi_86f16467c33a,0.05901198363,0.09831203326,0.1922278885
fsi_49aea6f89d0d,0.3413543959,0.5109038022,0.5646506735
fsi_3b078a3c417a,0.3010899577,0.3794843026,0.3854841463
fsi_029422947361,0.03709952934,0.0436979594,0.06560863046
fsi_cb517f4e06d4,0.9887012097,0.8162063772,0.6066269037
fsi_6f92b1f634cd,0.02022115403,0.0245598029,0.01909906609
fsi_68232ff62279,0.4578425681,0.6785249471,0.5699612228
fsi_2d05f1b7d268,0.1766295857,0.1962866553,0.3090394718
fsi_f4dfbb699019,0.5455704591,0.2971108054,0.4633508612
fsi_d8710d285faf,0.5464753668,0.2546521914,0.408121555
fsi_bac6d31033cb,0.08815172438,0.1141207509,0.2645482115
fsi_45f72b35c0b0,0.5096630855,0.3360845239,0.4749826222
fsi_c7ee25ba8ffd,0.01087818734,0.01327401363,0.02856157488
fsi_cd6c4118597c,0.09281343897,0.1453292793,0.2671207947
fsi_1f3927c0250b,0.2853849449,0.305721703,0.2513954863
fsi_a6ed804d6c6a,0.08973242935,0.1237311873,0.2149964078
fsi_4ffc70534bd3,0.5356597935,0.7605961789,0.4852360729
fsi_cc09330c239e,0.254598799,0.1451585953,0.2067602995
fsi_3f53b774a973,0.2275138836,0.09633511225,0.1520620924
fsi_d6e773ad77d0,0.9752865428,0.815600812,0.6207750584
fsi_7b18df5c5ddd,0.9357681453,0.83744088,0.6062729647
fsi_2a5c95f520ef,0.9064675253,0.6835857426,0.60182735
fsi_d3022e5a4cf5,0.3546647302,0.4903094521,0.3262512786
fsi_391c2fe96e70,0.06858237618,0.1219883307,0.0944639166
fsi_c36087a73727,0.06017488452,0.09546548899,0.04251442584
fsi_96c8dd8f1104,0.7229914234,0.7753577957,0.8308054993
fsi_67e62096ee18,0.04526760602,0.03502183108,0.03901737666
fsi_149722e941ee,0.1028606295,0.1765644331,0.3133387904
fsi_89f643f27bc2,0.9709612567,0.7916429692,0.61735849
fsi_54ef5c543b12,0.1170986392,0.05267707072,0.04484204728
fsi_a6daec4e6cfb,0.8484796987,0.9093627793,0.6529763169
fsi_0a98c344941d,0.5482148163,0.2369935574,0.3950554755
fsi_243be5af3e58,0.6439304556,0.5262755282,0.6196979641
fsi_633791b4d627,0.290058202,0.1651128771,0.076080485
fsi_75267077368b,0.1725377859,0.1906912792,0.3065437336
fsi_5c4b9f5ea0c4,0.3833233625,0.4563727962,0.4242947691
fsi_cb317fdaf4a2,0.7937547477,0.9290967135,0.6500488403
fsi_f1bbcba79e6a,0.5634575074,0.2708025322,0.4357302558
fsi_1322ce3aa976,0.2031434575,0.2454698293,0.3621636901
fsi_087a8f5bb669,0.2485665543,0.2812725963,0.2440966635
fsi_97d9398cce90,0.2579830167,0.2913267887,0.2529985798
fsi_4860eddd6017,0.3752962211,0.2417945502,0.2656177452
fsi_e1c73e4d65d4,0.2807270004,0.2990446472,0.2420229805
fsi_3c617e563fac,0.7919462461,0.7641906732,0.8294719783
fsi_2ac346b90879,0.1986479826,0.2313957562,0.3609218588
fsi_1f0f58421682,0.7190714981,0.7186277515,0.7924255108
fsi_33f93228f528,0.9749308819,0.4049592961,0.4505477847
fsi_317baddf2df2,0.3011124832,0.5906180026,0.6400295424
fsi_f9973cbc711d,0.5014255221,0.315618502,0.4579179935
fsi_c2f5f82217bc,0.08179271328,0.1226393683,0.242020224
fsi_db5ea74879c1,0.5762722656,0.396039162,0.5169393756
fsi_52d75be46d88,0.3864796411,0.577473734,0.5716208674
fsi_690125ac72b0,0.5022498972,0.1713616706,0.2203703645
fsi_c68973ef5590,0.2662204306,0.3044373123,0.2782490659
fsi_44ac10ed6087,0.1202738727,0.2057788154,0.3782049674
fsi_001a861d0d0c,0.2981046188,0.5746515924,0.6573810109
fsi_76080b53b65a,0.2331107643,0.1292839182,0.1773647745
fsi_1c8b3247dacf,0.2645486592,0.2978877449,0.2611782094
fsi_f169eeb3d309,0.2465583601,0.2802804532,0.2436868858
fsi_b3ffe9a508f2,0.08160404635,0.1257127155,0.2346189837
fsi_1084e113ef79,0.6429005738,0.7476041422,0.8033085669
fsi_1c728c519a06,0.07108425309,0.09111012064,0.171588914
fsi_31e897a8a3ef,0.3830482053,0.1179027976,0.1896426687
fsi_0940ddcd3ed5,0.6397932566,0.7354410435,0.5406101682
fsi_19d49decd098,0.193063436,0.3635143524,0.5306142092
fsi_f23b65c1cbce,0.4608387962,0.4382797962,0.3647111019
fsi_6f003644bb4f,0.2696385217,0.3096105966,0.2642857488
fsi_91f658687b4b,0.03008805548,0.03248876239,0.061347508
fsi_cff469edca82,0.1787054459,0.1706777317,0.0619143687
fsi_c69f234eaff3,0.02739867931,0.02951549176,0.05639395608
fsi_6091cb9fe07b,0.4664173713,0.294593647,0.3733795761
fsi_40f1c8780508,0.06010630005,0.1583084021,0.2770095489
fsi_6690f0819ddb,0.123284134,0.2098267092,0.3621311717
fsi_946c32554cbb,0.4682876777,0.1584250489,0.2075758492
fsi_ac5cf6471fa8,0.3041707461,0.1615367559,0.08441621248
fsi_e34fe1ac5659,0.2217464218,0.2351329535,0.3521437566
fsi_e78e2354c769,0.3084780748,0.5698011508,0.6551472245
fsi_2266139645aa,0.5753764455,0.6720704075,0.6461103936
fsi_6faf1da6e7b8,0.224450705,0.07276760305,0.1030155512
fsi_638458fd43f6,0.5973401438,0.4061647472,0.3130786151
fsi_e313fc302ff2,0.08767072406,0.1093806416,0.1840142681
fsi_2ac35e4c6364,0.1214026537,0.1389091739,0.233559992
fsi_f4056f25cb85,0.09165759888,0.1456364948,0.280170113
fsi_b0fa8c8afe8b,0.08214068387,0.1010696705,0.1699334866
fsi_c3187471bf45,0.3073617842,0.131963237,0.2040466411
fsi_190fe18a7058,0.02460272824,0.02575301198,0.04873993591
fsi_a3efca0ba68d,0.08873488941,0.1414401423,0.2621446985
fsi_f11cc0323de5,0.9482171531,0.8493153757,0.6036464288
fsi_e43c7e25993c,0.7158725959,0.7236336301,0.8141397569
fsi_258fbd39b089,0.1984668769,0.1543147545,0.2650310431
fsi_9a0b9d6ae583,0.2744012437,0.245826839,0.3367186036
fsi_fc3a03f82dc1,0.47331619,0.1841183813,0.2430610071
fsi_00e6d22cec5c,0.2950387936,0.1178653044,0.05283750388
fsi_b6b5c6bd764b,0.1141279963,0.1566474467,0.1881188693
fsi_1aaa50d92a7c,0.2138926865,0.2314257522,0.3733143133
fsi_052b33b3579d,0.6286172406,0.587271961,0.7471011269
fsi_bcf3f0d491cd,0.1794411204,0.3262124054,0.4257428213
fsi_ba7fd887d4c4,0.7108909251,0.7186915018,0.7769208006
fsi_c340a3399f54,0.07853849922,0.08978014491,0.1545356797
fsi_6efd89f27bc5,0.5036567662,0.6169039,0.605076151
fsi_77d325154e42,0.1771469838,0.3131236567,0.431863573
fsi_2239b2e1b501,0.4876028228,0.4539003329,0.3633123846
fsi_4b8dad05e51d,0.3483542739,0.318767532,0.4872716423
fsi_cf479695f16f,0.4108282436,0.4669843999,0.4716730379
fsi_38cfd1f737ba,0.8914426314,0.8676761053,0.6016949015
fsi_7ab45d359068,0.345582516,0.2909599996,0.39491732
fsi_ed7e8737a924,0.506888541,0.4898424594,0.4123667215
fsi_290ce8f664a7,0.09965921133,0.1356677701,0.2229517355
fsi_78d0d03fc239,0.4855253969,0.6230435821,0.6449672067
fsi_adc542cc160a,0.2700073349,0.1136956651,0.1729589821
fsi_84e1e16fb316,0.4481051626,0.7542396099,0.6460641037
fsi_acaf5ca97ff8,0.986724249,0.4996859058,0.5967689642
fsi_c127704314b3,0.5048005206,0.4803961438,0.3796179639
fsi_7acba40c67b8,0.8739890614,0.7149134935,0.4954131399
fsi_b6e32d19db71,0.6664062774,0.7497023088,0.8456335331
fsi_e052ed55b389,0.2461479273,0.2932648353,0.1214411461
fsi_c76a1dd5f564,0.07675098579,0.08236078401,0.143818284
fsi_4b04b8041d50,0.2573006615,0.4999914604,0.6149720756
fsi_c5dce4d4c211,0.2825778951,0.5380735403,0.6234318451
fsi_5ac5a3139af6,0.08602023079,0.1306484733,0.2493711069
fsi_cb73d8a03975,0.61393328,0.3908242166,0.3286425255
fsi_d712b1ea0002,0.6512107539,0.2450839709,0.4127766202
fsi_27d3ed139ca6,0.4964763187,0.8150033338,0.8970827882
fsi_bbeb870b2d94,0.2670867584,0.3147539262,0.1337004546
fsi_f88843713dd9,0.6988141338,0.9164771494,0.921450951
fsi_0637b5ef1c04,0.2823917184,0.5107422849,0.6062913447
fsi_2e459ca5cd22,0.7200544205,0.8866257988,0.916469231
fsi_2979912c679d,0.9316342223,0.5187118166,0.6152201258
fsi_87702d28b565,0.2906484556,0.5637456521,0.6155333115
fsi_16a1e4800757,0.4862094613,0.7972485731,0.642993395
fsi_423ba053c4b4,0.4651628025,0.1540375513,0.1999059574
fsi_fa2375def382,0.4689270746,0.7713649937,0.635714801
fsi_5adff742d0ca,0.5714270664,0.0496274641,0.05099031298
fsi_2c29df2efec0,0.01157976907,0.01512512534,0.03657080537
fsi_81c8aa6f8574,0.8230451104,0.4359829315,0.5222800895
fsi_77817aa9e7c3,0.2821228681,0.5565959753,0.6354106661
fsi_2a5179489e8b,0.5023034822,0.7883968412,0.6721072366
fsi_b853fd680c11,0.1548842571,0.2431020815,0.3276013101
fsi_f289db37166f,0.5207477032,0.7730462521,0.8853366134
fsi_d2c3f4ef8f64,0.3028736344,0.3553750932,0.1446201053
fsi_101e71e8c2fb,0.503182951,0.191053422,0.2436604813
fsi_439fdba20513,0.1832555225,0.3072440654,0.434984619
fsi_332d8eef5c58,0.6859421536,0.9127487125,0.9266883414
fsi_d70fa6ec8ccb,0.3003665714,0.3306195583,0.5028092177
fsi_ae611a17dbea,0.9657595492,0.8780876858,0.5890182019
fsi_0aeec6e09498,0.8618524381,0.9274375237,0.9106423402
fsi_153599c90d3b,0.2511599157,0.263141451,0.09683684519
fsi_8bff608ea7be,0.7455825796,0.7184245559,0.7912645295
fsi_866b402f44d8,0.3193705132,0.2973353909,0.4640255695
fsi_b48ff361db40,0.1012745649,0.2030497659,0.3496003587
fsi_433543778278,0.1072477823,0.1511655237,0.2649358098
fsi_663522b227bf,0.4455512757,0.4829004802,0.3699715517
fsi_0264e7aadce4,0.2838299146,0.623366364,0.5044343279
fsi_c0a76ba7d849,0.8070125973,0.1355717658,0.1715149822
fsi_87ac21704923,0.986794184,0.4875295541,0.5836467315
fsi_549285565ed8,0.1860875849,0.4241404996,0.07314422074
fsi_63bab208251e,0.3440292117,0.6575507907,0.6853735657
fsi_4af0c560d16a,0.1441536125,0.1667218584,0.2121028954
fsi_cb5b7574abc8,0.1538623097,0.2199945972,0.311285493
fsi_b1e7631db48a,0.3253817845,0.3300423666,0.5061106521
fsi_998f15047dd4,0.4313934839,0.8005449109,0.5897039833
fsi_10d7897d172e,0.4941118811,0.3688308074,0.5361693602
fsi_8708ee97a3a8,0.9165143522,0.8753368629,0.5742413808
fsi_71d61fb83a97,0.5186795855,0.6237141188,0.6000185664
fsi_0704e5c81df6,0.1612412682,0.2644830081,0.3314368858
fsi_8d7b732023b5,0.2649249361,0.4088394997,0.5629006948
fsi_fede8d637f25,0.499947088,0.6120175021,0.5694952462
fsi_b46a2d7f404f,0.2289455296,0.188203533,0.2919842664
fsi_f2317c7d3ea4,0.1439714345,0.1119991297,0.1650201915
fsi_92253cbf0086,0.1256403815,0.1401654583,0.2228328305
fsi_bba0828ba2b5,0.07519621336,0.03891280705,0.07905567209
fsi_4f556c8e566d,0.5732606495,0.07914461838,0.06640763743
fsi_f9a6d8ef14fa,0.0536550369,0.03304768787,0.06768048774
fsi_f4dc92eafa6b,0.4895181938,0.7497373415,0.4740070272
fsi_517e648a32f1,0.2379271772,0.3788425483,0.5302255109
fsi_98f44033f65a,0.06188413511,0.06475546966,0.1172696854
fsi_767db4e4d596,0.4407759559,0.7931853259,0.7029602213
fsi_9783e837e738,0.2310812495,0.2010116561,0.09799759187
fsi_1bfe1bfa7cba,0.3025307194,0.6283519651,0.4929613024
fsi_5768357c4786,0.2966681591,0.6338731636,0.4996262839
fsi_3f5ea610d9eb,0.05023840323,0.03063902419,0.06351779722
fsi_d6f22ac0e778,0.5523390525,0.3597277902,0.4786893125
fsi_1c7c280b31a4,0.4576052776,0.4731147017,0.4221534282
fsi_5870cf9cf1fb,0.9538848148,0.556476973,0.6537878333
fsi_1e43bde6d1d0,0.2284736411,0.442016534,0.5740809154
fsi_af22bcac86e3,0.4344548113,0.3297054781,0.3801297619
fsi_439deda8c847,0.8333916847,0.7780020103,0.8119542018
fsi_82ffd3fd299a,0.1321872067,0.1080242136,0.1430472879
fsi_2b8b64a36419,0.2978934943,0.4451172222,0.1309152141
fsi_71fd544c01bc,0.06436247881,0.04932362738,0.1063003338
fsi_d10f467537bb,0.3073432562,0.6470627701,0.5332480702
fsi_174889beab93,0.5353304791,0.2660843982,0.4130601974
fsi_717a3101f83d,0.01190927197,0.008912366487,0.0193545611
fsi_e3cff458d96d,0.7771299513,0.8664627203,0.8036184312
fsi_8b99442bc936,0.1256417211,0.03693825538,0.01436677937
fsi_534bffa63b4a,0.3316611805,0.2912678326,0.4571140264
fsi_68f8d6dddc5c,0.232602423,0.3704184899,0.5249996984
fsi_5aa657d9d8c6,0.2315469519,0.396401828,0.5455593611
fsi_cb6e15920a68,0.04713527519,0.0255721824,0.05501776948
fsi_65872b9d1767,0.9921241771,0.6955811375,0.7264754586
fsi_8c2a6efa34cd,0.6041684425,0.8633063578,0.9453140653
fsi_48e1c94da15b,0.7500898963,0.8682697582,0.9210825351
fsi_c3a237e0c9e2,0.1818874575,0.206025601,0.3481956769
fsi_e2b981b062ac,0.7325270452,0.8920636541,0.8111315956
fsi_b5835705af65,0.268208424,0.5683777657,0.4210127102
fsi_3827fb77ee13,0.1266171511,0.2313378836,0.06031215433
fsi_5610798008f3,0.970030571,0.6718171409,0.7042959059
fsi_92127e673578,0.2724848199,0.5241076758,0.6049831649
fsi_8e06e407c71c,0.1428968813,0.04257941114,0.0175006623
fsi_a31dcb3745fb,0.2596688666,0.3214268959,0.4471994313
fsi_9493948f5d95,0.06059230141,0.0463427528,0.1011673969
fsi_169792ff9cea,0.543662724,0.2756869714,0.36501832
fsi_42157d4e5853,0.1698513866,0.2105308267,0.2482454792
fsi_fefdeb7bb6b1,0.5500032699,0.1823660098,0.2197846661
fsi_a448f744c209,0.06056104036,0.04109364931,0.08241332563
fsi_1dd486a3adb3,0.1523353596,0.2608535427,0.3932081357
fsi_0664632443f6,0.03009759702,0.03158310097,0.05603933205
fsi_50da7fc27e0e,0.3647115837,0.4521178673,0.2880128198
fsi_14de06a6711a,0.2748333933,0.4733583948,0.6436371041
fsi_6eb345d668c7,0.2538531444,0.3157485644,0.1153312472
fsi_e0af735dc9c1,0.4428704246,0.6153907653,0.7055556058
fsi_db01f347e500,0.2713043362,0.5802866668,0.5068237716
fsi_b562287ac161,0.04955831946,0.02291320955,0.04877398778
fsi_15e640976bb5,0.3277882038,0.6177070885,0.6402358504
fsi_121f48a6e5e6,0.02679003759,0.01327188461,0.03680360807
fsi_081f750424b8,0.1666578502,0.2100893606,0.0644008443
fsi_553e07d0ea87,0.7971322339,0.919415948,0.9431921843
fsi_41232ba64ec0,0.1500692449,0.273063924,0.3143718079
fsi_73a2291366d3,0.1732546033,0.05546363044,0.02092863315
fsi_3e4a5e05c0a1,0.2085726342,0.3739088027,0.4752525157
fsi_5ef893911f4c,0.6287590616,0.6987216851,0.6109345539
fsi_6979b14a973d,0.268533205,0.2920736724,0.09873424713
fsi_efd2134922ed,0.195840357,0.2815717808,0.4053617512
fsi_a957a21ea02b,0.1362562328,0.03048387649,0.01218609182
fsi_8cd8711d6424,0.1587938379,0.2679042983,0.4007160553
fsi_be60b65a4e3c,0.9002340621,0.904683547,0.6710249329
fsi_2860d72a629c,0.2464995247,0.3930090969,0.5528441554
fsi_166ad8ad8365,0.3887656063,0.4880266418,0.2926777998
fsi_a415f3158850,0.5788006017,0.2973023451,0.4538275821
fsi_821d65c20824,0.3940594931,0.4918763695,0.3221640905
fsi_81282023f162,0.3822816948,0.464346235,0.2809801228
fsi_9d445efc2f3c,0.06058728902,0.04231021364,0.09473530615
fsi_89b93a54fd8f,0.5966057764,0.06473689333,0.0697994661
fsi_c3e7fdf4ada0,0.5572605753,0.7506764013,0.8893369924
fsi_37feb50e5027,0.6749381761,0.1413208875,0.1883489196
fsi_61049a1a0d5d,0.2611190645,0.444631433,0.5342024681
fsi_02c3eb7b8deb,0.8378630417,0.9133187489,0.650274225
fsi_27ecce382813,0.1260631868,0.1816292874,0.282018663
fsi_c61be782f89c,0.03519046955,0.01475576541,0.03577130382
fsi_e025bdf08ed8,0.08374607236,0.1648709138,0.2602480761
fsi_b667d9d859c5,0.9347865729,0.5234486412,0.6145369708
fsi_79981cd21108,0.1893225149,0.3362237521,0.2258365548
fsi_139098cd26a4,0.1789501239,0.2616751629,0.2895882909
fsi_3f99b288776d,0.2002531591,0.3402703084,0.2284189104
fsi_60e4f5a5b0dd,0.1633829895,0.3275426547,0.04020424084
fsi_ce7bb8e141fb,0.3464980977,0.5101551333,0.2831254628
fsi_caa5fdfa5bbf,0.07687824053,0.07067839845,0.1456513374
fsi_e5a0bccc4068,0.1689047014,0.2561402528,0.3512299838
fsi_fa139e6c2b2b,0.1856513378,0.2965376788,0.3580743943
fsi_ab3255913d94,0.4075691247,0.3258336247,0.4976958242
fsi_ffa5eb00cf86,0.2727689406,0.6166838214,0.6353994634
fsi_f9eb903e9289,0.1159777119,0.1445079973,0.2246866023
fsi_e81c81b9f214,0.09046758877,0.07131772095,0.1495528738
fsi_2410a43fc891,0.6073783193,0.8566639989,0.932764919
fsi_56c36d035ffe,0.1281569926,0.3083264319,0.4232610282
fsi_2437e7d5a94b,0.3391804433,0.2649145289,0.3003366638
fsi_fe221e920327,0.1694763986,0.2953343716,0.4174983745
fsi_8bc8494e4044,0.1393900151,0.2035267315,0.2152420969
fsi_ed4046296a9b,0.1568108026,0.2215920961,0.3134703717
fsi_616b3030d026,0.9977570446,0.7315480523,0.7785091312
fsi_b48cdf5515e7,0.1598923232,0.2446750727,0.2516093284
fsi_ed8e2a1a291e,0.6793253486,0.3300923696,0.4285271518
fsi_3a17b460db1b,0.2698687349,0.495310898,0.6268613871
fsi_4d3b7fca5ddd,0.4745502674,0.1817294255,0.4021039817
fsi_3c5f3071bc3d,0.6249687634,0.3052056436,0.4044446746
fsi_a8ad894aac07,0.3794135191,0.2671395725,0.1305459427
fsi_371451667560,0.1313486245,0.1917003039,0.196987197
fsi_ddad7ba38076,0.6989535295,0.707298791,0.7852433126
fsi_ad299be8d53a,0.3520254754,0.4984456692,0.3379237227
fsi_d8acd2bc9d2c,0.2000054026,0.2346026133,0.3719456276
fsi_0112474a55f7,0.1458399318,0.2094803552,0.2936849834
fsi_089b4db4db24,0.1104332756,0.1386930137,0.2114201953
fsi_4d067041bd47,0.5518051804,0.6825376897,0.7501654084
fsi_876a53efcb5c,0.1586279302,0.2286680803,0.3254213811
fsi_b5efc05b172a,0.2895237548,0.5228648593,0.6468844267
fsi_09af3c3a5942,0.2850420532,0.231199917,0.3621334319
fsi_14e66b21a54a,0.2914489524,0.2971762068,0.396044709
fsi_0ee15db04fb3,0.03365487662,0.03487534217,0.06652594932
fsi_397cc4c606e8,0.105621705,0.1366506933,0.1570649484
fsi_ea39e3f60ae0,0.2092713952,0.2478300774,0.2247338353
fsi_13d74d8a54d0,0.1991885377,0.3193926721,0.2206554378
fsi_ae87c4ac0188,0.2683404027,0.2314811319,0.359594175
fsi_902e42008f00,0.1338417591,0.1869780739,0.2029553501
fsi_58a28c7527ec,0.7225666698,0.6344302963,0.7208601636
fsi_a02a4a6414df,0.2217037178,0.3813702828,0.2565036048
fsi_72a6d6d44521,0.1426325962,0.1959665709,0.2841178266
fsi_87a2428e53e3,0.2203511324,0.3884248306,0.5604993949
fsi_082129f3143d,0.1444197895,0.2020389243,0.3101373027
fsi_9987eb11c178,0.1798957801,0.1116539388,0.0288336561
fsi_394f7052ada5,0.1455273967,0.2132281503,0.22014853
fsi_7948166b0bb9,0.9596853765,0.6655310776,0.6924163155
fsi_c6badb16e921,0.3466205368,0.6588941771,0.7027238881
fsi_ca25abc05039,0.8159018282,0.2584012112,0.3754909959
fsi_27ce9d55e09e,0.05422548855,0.0377607775,0.08597879605
fsi_e0fb231f3bd2,0.2783751628,0.4266425302,0.5916616508
fsi_7d3071c33042,0.9068010645,0.5188412408,0.606413997
fsi_3f8ae8043ab0,0.6204646484,0.4749591221,0.652158347
fsi_7bf38aef2363,0.2454665689,0.1019649473,0.07177810245
fsi_08aa1ac388f9,0.2329838497,0.1527548375,0.2331987594
fsi_01c41ef2a0cc,0.1557053261,0.2330754389,0.3210613886
fsi_082797f8cce8,0.1353842613,0.04472069996,0.01460150139
fsi_a088d4d56d5f,0.3520252106,0.3685012491,0.3342784823
fsi_7d58ab43520c,0.2670101518,0.4851215576,0.6392971383
fsi_d646d2a5753b,0.1387563819,0.1963459305,0.288045415
fsi_272e643369e2,0.2410615847,0.4183858622,0.5780969023
fsi_61f1f3b14f45,0.2682547103,0.469724287,0.6235054637
fsi_24a06ba34084,0.1893149645,0.3205462739,0.36766944
fsi_2afac10fb1c1,0.2878440248,0.1282922307,0.08168296332
fsi_7a09ba042d24,0.6029175105,0.3041828104,0.406121527
fsi_3989cc0e2ea4,0.2721883935,0.4809511835,0.6221182214
fsi_d2059b82ceab,0.3059884599,0.2261685255,0.351122818
fsi_719ea53b7d19,0.3957827651,0.6674910035,0.8529326534
fsi_2ccfd0b723a9,0.1196540425,0.1455155778,0.2292880348
fsi_6e9eac882f1a,0.2000679458,0.2698786974,0.4755431243
fsi_896eb0fc6071,0.05806618533,0.07513585201,0.1661460718
fsi_f26328887ac6,0.1042491814,0.1773859077,0.2542865741
fsi_6e2226ad6a99,0.6834590519,0.6534789723,0.7635112216
fsi_747d0dddeb30,0.151677506,0.03599551459,0.01357863114
fsi_c27e2fda10ab,0.2178441824,0.3150236604,0.4463740129
fsi_62381248e9a1,0.1973883954,0.2996360842,0.1958444653
fsi_2351c9753898,0.2063128543,0.3436233379,0.3859773253
fsi_ed1767a6c053,0.5559990252,0.4428173886,0.6231110167
fsi_788f8a262769,0.2898808562,0.5068344896,0.4292918863
fsi_70baea92e7bc,0.5119566179,0.4489948086,0.6408918827
fsi_0598a518f024,0.7886214287,0.7482914914,0.8308806394
fsi_8fee4e5f304a,0.6220760028,0.2967030218,0.3910737646
fsi_43b4a49e7a70,0.1173977539,0.158995455,0.2415454178
fsi_2867cff9f1e7,0.03294454118,0.03548136998,0.0627102608
fsi_4170f6b27b43,0.2301832253,0.3512348562,0.2661506424
fsi_15b30d6e20da,0.957681723,0.7193228864,0.753525055
fsi_0d9786b698dc,0.2354294961,0.09513176312,0.06634705616
fsi_a1a4b4ed2df0,0.6481210508,0.6524162604,0.7120831459
fsi_035cb0c4e7d0,0.6863021998,0.4226125211,0.4978671534
fsi_aca469fb44e0,0.5077012463,0.7258152925,0.8478407166
fsi_ff916af3b0b7,0.2906406899,0.2116660012,0.3359794702
fsi_68b6f42a46cc,0.2899654318,0.2121937219,0.332304209
fsi_0d92381dfac7,0.1543150997,0.1685072765,0.0708454426
fsi_2ace7cdd3dc3,0.6362327196,0.5776883317,0.6104483572
fsi_d10aa3698dc8,0.3796484339,0.7566941281,0.6672283782
fsi_9b64dd2b1545,0.2004177843,0.3002429605,0.431185858
fsi_06f9dcbde968,0.1885848832,0.3139569823,0.3819747287
fsi_6f7f965a77ca,0.3138396995,0.2284580759,0.3609273238
fsi_31927301d4eb,0.4066243448,0.3700707581,0.3235187968
fsi_31e8e0b37851,0.7258261381,0.6993245411,0.7502346148
fsi_7c6a18c0649c,0.0361839146,0.03086982652,0.04761366674
fsi_85d3399ba3ba,0.2384183243,0.1273259635,0.1813992549
fsi_1e5bbe3257d5,0.5397311615,0.4128330533,0.591699279
fsi_cc73bba3afb6,0.1899449495,0.3024575103,0.3747717159
fsi_a69771c0afec,0.5633368995,0.4216431706,0.5956201737
fsi_171a3c8fe6c9,0.03782485637,0.0325691798,0.07735361768
fsi_40e184af7802,0.03626642502,0.02684433594,0.06753903816
fsi_03822293a007,0.681803532,0.6688131224,0.7104773171
fsi_c53ce99bd17c,0.1893656124,0.2982107858,0.4108775504
fsi_93f85d717956,0.4815955324,0.7375680404,0.6319791651
fsi_7f12ebbbf94f,0.2431002278,0.2176378661,0.0765576034
fsi_e5e361a0b854,0.5821367124,0.7953345747,0.7187079074
fsi_8ec4df9abe71,0.1275569897,0.1277229497,0.23644792
fsi_949bc0588b0c,0.09871076212,0.1071767057,0.1614022821
fsi_8ca14ec65ebc,0.1721828686,0.2701736666,0.3469954225
fsi_61937196d475,0.8487421092,0.7675004953,0.7856183541
fsi_c7412b329a53,0.6352631571,0.2955803666,0.3830331688
fsi_eecef3a011ed,0.07658373949,0.09071705558,0.1428031971
fsi_7e5b3f7d660d,0.5792075652,0.7688959367,0.7484914531
fsi_2b0957dda178,0.28013729,0.5703727293,0.09169050989
fsi_33c2043d66ac,0.6758108344,0.1377651294,0.2828355784
fsi_1929eb24c750,0.7032874571,0.6974605097,0.7261314151
fsi_3e5bde463129,0.8229493052,0.485253621,0.5780675203
fsi_2385076b31ae,0.4990223924,0.7501417352,0.6214623617
fsi_b9ebcee28f5d,0.5099402978,0.7742902737,0.6314746542
fsi_35b7f51f9bd6,0.1288415384,0.1258897054,0.2399297731
fsi_c14334f45887,0.9361026699,0.7180377429,0.7155123042
fsi_6be7bb52770b,0.5193052391,0.7516052556,0.6421798259
fsi_5972bcc76c7f,0.2152621794,0.4060617001,0.3734941728
fsi_de0e40da9ccc,0.0264701487,0.02939782332,0.05525726274
fsi_0a6619d99b73,0.1184763632,0.1681837717,0.1812915013
fsi_7af9e9280020,0.4959136546,0.1929045282,0.1195753336
fsi_0080f8aee94c,0.1930668968,0.3056833278,0.3625705095
fsi_61c90cae92a3,0.4676060642,0.8050391961,0.5962370175
fsi_1c6ce8c0958a,0.2029642778,0.3057484467,0.441679093
fsi_fc87dac7afc6,0.07066853905,0.08216766801,0.1303335005
fsi_5bb26203afea,0.2131834833,0.3192433297,0.4567288237
fsi_4506616a320a,0.01956897305,0.01625324001,0.0394461808
fsi_129561857663,0.7080041023,0.6346844393,0.7662901838
fsi_46af7d4fe409,0.07352543824,0.1286951972,0.2365710909
fsi_aae718966045,0.4768875923,0.7948845417,0.6941116831
fsi_a3ee41d88c09,0.6430018265,0.7162738149,0.7263073822
fsi_61f44dc0c3ec,0.2751516272,0.549166647,0.2489055869
fsi_2489a196324a,0.3721493753,0.7256061192,0.6108278454
fsi_0eef08f38c1a,0.07344539222,0.1342691972,0.2485484791
fsi_6a8eec96fee9,0.06419544595,0.07473097779,0.1169283792
fsi_f7edccd4be55,0.306318528,0.3621105426,0.3350711333
fsi_09771900ac10,0.09808165361,0.129523051,0.1251818101
fsi_9c6e21c1c1f5,0.2909326888,0.3729946328,0.1164463324
fsi_da646f3141cb,0.3854505446,0.2794845753,0.127576476
fsi_1957e992ae41,0.6143525593,0.7569528843,0.755729857
fsi_c4a225d628e8,0.4076398555,0.4573121862,0.467568615
fsi_fcdbdfe25122,0.07296251904,0.1165998597,0.2193646611
fsi_dd3d77d7a89e,0.2641940789,0.5419310512,0.2537623257
fsi_934b3b297d61,0.4010224844,0.4287398078,0.4844004193
fsi_ed889a0fd941,0.3358016806,0.1746587103,0.3044418166
fsi_8ecc2c1802d8,0.5921657519,0.7189365468,0.7299253069
fsi_b6389428a74e,0.7246467458,0.3180545928,0.4025350885
fsi_e48ccba2d667,0.3764464682,0.7323310276,0.6242021476
fsi_ad584f61de08,0.2758089503,0.5359018613,0.2445598653
fsi_7452be6a3901,0.2480998575,0.4464723375,0.1304498763
fsi_19da29e584db,0.06026986422,0.08212029613,0.1211703649
fsi_c1c6bee06de7,0.3118208035,0.6079775834,0.2851926916
fsi_2872a59c9bc7,0.7894880611,0.5549725626,0.669543637
fsi_4323605a12c4,0.05824044294,0.1409321628,0.2031615838
fsi_25dafe2cef9e,0.9633719397,0.8466209729,0.4828567835
fsi_feb734be050b,0.4789832185,0.6199939297,0.6579468898
fsi_65e947733584,0.129768838,0.1204866923,0.2369235463
fsi_e57f9a7b0447,0.0586731869,0.08643572118,0.1659872584
fsi_c1437922c7e9,0.3895564143,0.742402185,0.6210795557
fsi_e0101db797ad,0.391879538,0.7460284156,0.6231052609
fsi_e2cb1bba9263,0.2441656944,0.07345125231,0.0514692566
fsi_3e9f0b38c26a,0.03863053775,0.02886191619,0.02982384399
fsi_87a1b1595114,0.6936294092,0.4360230376,0.6086394074
fsi_6b7887e659ec,0.09305468098,0.1414501504,0.2826470466
fsi_9c9d5f801ad2,0.613138484,0.6319122218,0.593515227
fsi_e9d0c1add076,0.3932903196,0.7491587036,0.6408756971
fsi_d751bd51883f,0.2563528664,0.2106279642,0.09963448264
fsi_2bb42a6bcf9e,0.6067605759,0.7166344259,0.7416294892
fsi_7d0859c35222,0.3440424416,0.4551704181,0.6014496579
fsi_9feb1e7484f1,0.3633863716,0.7260811804,0.5728294754
fsi_94500b535066,0.06399082686,0.1038039034,0.200281506
fsi_b4eca263b9e5,0.2666894611,0.5176312303,0.2072519455
fsi_8ed5aab12534,0.9470528718,0.7874703733,0.459119488
fsi_e6de97f6eff6,0.3083385459,0.4220380188,0.5726750833
fsi_30d5aa5d61e4,0.19987544,0.3610692637,0.2576686116
fsi_6ab58178edcc,0.2439165905,0.3580333021,0.5074033197
fsi_5f999ce613c2,0.3677428811,0.7294113895,0.6454792339
fsi_7b3305699fd5,0.2488598385,0.1108841357,0.06323967018
fsi_f8f7aad9484c,0.6586945908,0.7014088512,0.7734479809
fsi_e89c0461abe1,0.6377790428,0.9914538489,0.9616460088
fsi_499d4057aba2,0.8912644843,0.889226434,0.7282797682
fsi_a35975fa0693,0.1875815083,0.3523779087,0.2610422803
fsi_578aea87db31,0.4042570409,0.7336674388,0.498888535
fsi_08bd1c0425dd,0.01965456751,0.004971685774,0.008877013149
fsi_e43a64174614,0.6447364803,0.5069655714,0.6780949141
fsi_f48a9b9fef68,0.3253714775,0.6099800695,0.3164600847
fsi_77ab24c65cb3,0.4264750086,0.4116353814,0.4928252104
fsi_249a6a1a8771,0.08117076182,0.1508425402,0.2790954567
fsi_90f132d52a97,0.6849333124,0.7772964513,0.7776670815
fsi_635e42f14284,0.02236648868,0.005894365159,0.01076680271
fsi_462a71599ef2,0.9086641842,0.7674452663,0.4732373557
fsi_5592b3cdcf7b,0.05000576624,0.05539553148,0.08757328335
fsi_e51be0bd97a8,0.6595598215,0.9934030374,0.9716695907
fsi_bc512ceafc86,0.2816708503,0.4051135434,0.5460866314
fsi_f06e8ba496fa,0.6151386761,0.7455596896,0.7096915651
fsi_1daad05ec5ba,0.02693772251,0.007499543363,0.01336887031
fsi_8ced4db1e354,0.1052116237,0.04052085736,0.06891673716
fsi_e6077b73eb51,0.252726051,0.08435307849,0.06293045511
fsi_3a6859347152,0.2393876888,0.4719478848,0.5003346338
fsi_774f4276f40d,0.2067809452,0.356097894,0.2578231164
fsi_d04a5225a589,0.09244924345,0.03335952852,0.05909422701
fsi_aefc23ab0129,0.5080387606,0.6795224972,0.7401477503
fsi_d8249ed9d9f8,0.3713782091,0.6951069856,0.6769269595
fsi_7d4a21d062f7,0.9071453938,0.8969226629,0.9100156221
fsi_789b27469d91,0.263728772,0.3997649854,0.4071376155
fsi_e91256a2dca9,0.7424335901,0.8608250833,0.6842895669
fsi_7573f7083e2f,0.2390363889,0.4469722613,0.3400855022
fsi_09c7a8950efd,0.308848837,0.4223055396,0.579129032
fsi_95d50509ca0b,0.07802734634,0.1165194935,0.1984097243
fsi_6890a16c3d49,0.8077461393,0.9823586791,0.9363045326
fsi_6453e7fbeed0,0.6384917282,0.6289690828,0.5924975072
fsi_4760a55c2b7c,0.04970304687,0.06226666765,0.09319999214
fsi_b25f06988d12,0.1123732405,0.1011966243,0.2112480562
fsi_3ccd0708d598,0.08135234593,0.1375326343,0.2284411755
fsi_05e03ca16fd8,0.1856328037,0.31835604,0.06368481527
fsi_5f2ba39f1ae5,0.6101017434,0.1283346584,0.1527194535
fsi_5ed2d506a726,0.6343690502,0.6564702347,0.7986902885
fsi_06a31caba65c,0.6866481962,0.8766625038,0.7453292482
fsi_92e7be83ce6f,0.9050709132,0.1437076955,0.2767499805
fsi_ae8918e32c01,0.8485022518,0.920139449,0.9278364897
fsi_93595131b827,0.429236539,0.1780770764,0.3233267845
fsi_e055d5ca956c,0.5497503033,0.7529729227,0.7415397521
fsi_c9982d6e69e4,0.07284261004,0.08778370971,0.1239734838
fsi_5892f9a675f6,0.6179058394,0.4284317285,0.1499113078
fsi_f9279c378061,0.189244311,0.3296311163,0.227608724
fsi_eca4937a751c,0.1488263709,0.1509745248,0.2719297693
fsi_d30a8bdb58ff,0.3196463929,0.4075675018,0.593816238
fsi_d32e8b7bd3a4,0.06598360922,0.09589066234,0.1582405726
fsi_99b222963813,0.08292593066,0.1479374001,0.2500534014
fsi_9a2ed2dae1f4,0.9677008499,0.7886617237,0.4409568904
fsi_9e1e11574fe6,0.2292761192,0.4483637119,0.4117817812
fsi_a8781ca4a6d0,0.3098719679,0.4158076033,0.5761879648
fsi_34296043ec73,0.606711508,0.5064676534,0.2142511933
fsi_643abffb650e,0.2910107617,0.438364021,0.5613008845
fsi_c11a3080343f,0.0867065334,0.0306644371,0.05438708495
fsi_841de0decb8d,0.09832275702,0.1412955683,0.1317838111
fsi_059f38ae91da,0.1478396597,0.1111234769,0.2063560318
fsi_b5d07be4754a,0.8048686791,0.5932810113,0.588064474
fsi_78c2747ed52d,0.3060382951,0.4074658172,0.2645796321
fsi_78657c015711,0.2393566486,0.4170227373,0.3423133522
fsi_241d8bbc2a32,0.07880018964,0.1237678137,0.2149594804
fsi_5768afc7520f,0.2903301441,0.4081883658,0.250263082
fsi_e1a7cc43fb97,0.9200956975,0.7450951038,0.388309602
fsi_ebf524592874,0.03482051607,0.03152899419,0.05889199587
fsi_f4b90d7f275a,0.1501575174,0.1175266003,0.208919368
fsi_8c47dea85eda,0.3271506864,0.6382388964,0.6274060597
fsi_d9197d0ebec8,0.03089741704,0.02762692585,0.05222570451
fsi_912b3a608d25,0.143939944,0.0974900142,0.1905779019
fsi_2e9f7be0d5c9,0.9220598764,0.894347394,0.8998464462
fsi_6406010d8900,0.9001984066,0.9075105232,0.9258545657
fsi_d555e5e2394c,0.1252086111,0.1157358588,0.2276617684
fsi_62b0ba2864c5,0.617209804,0.431927762,0.5836875334
fsi_9593b71dcb5a,0.1038537208,0.1243694241,0.2309332829
fsi_5ee0a0773501,0.774966288,0.9443432712,0.8870241104
fsi_31405d5dae2d,0.6888765468,0.9932462827,0.9835730439
fsi_0361f12f2ec1,0.02701864863,0.02350046883,0.04450258413
fsi_6db97f721abb,0.4337044299,0.3103583081,0.3270521109
fsi_eda4013e6563,0.7402083395,0.9954855534,0.9857708162
fsi_6492a4dc10a0,0.09030069281,0.1597561273,0.2752928676
fsi_0ad9d5e82d77,0.863538356,0.6888021549,0.3319662451
fsi_a8344f1bc99c,0.5660961714,0.4035803306,0.5569738003
fsi_6b1974c993fe,0.07766733412,0.08490614759,0.1177520536
fsi_7a40ceb9a631,0.5871575073,0.4640594326,0.3705908917
fsi_df031f338dd8,0.09250600285,0.1359956548,0.04547255853
fsi_a2952d96f25d,0.4872437831,0.5346302449,0.5264175998
fsi_4b857d3d4eca,0.6260326548,0.4879295027,0.2363743741
fsi_fa03610ccebb,0.3563375442,0.351690901,0.462746102
fsi_7376f086373f,0.3756423176,0.4937083049,0.656663721
fsi_e88ca0d183d5,0.5849420194,0.4482234248,0.6053063561
fsi_21217caad4c0,0.4860046434,0.2947293822,0.3047273811
fsi_64002bd5ef1f,0.5952176612,0.6375363725,0.6173762427
fsi_021b3fd2e6f6,0.4543332965,0.3112794099,0.3197102024
fsi_f539a77ed576,0.46766774,0.5014403638,0.6402934986
fsi_7e1848377969,0.6581499427,0.6783113674,0.654590808
fsi_d0fc89c0cfff,0.1327216548,0.1526029074,0.2916122452
fsi_c143d49a937c,0.507493061,0.5649164746,0.7439835073
fsi_1dcd44a090aa,0.02568092587,0.007216944185,0.01137440294
fsi_cff6f50ebf52,0.2725476653,0.2467007739,0.3505839804
fsi_a8b47f80a897,0.5845587031,0.7665956686,0.6977564139
fsi_243da6fba581,0.02654219124,0.006140812183,0.01070981609
fsi_1c85bcb8d30f,0.03484795258,0.03660898388,0.05413071839
fsi_745942472be6,0.45218596,0.2726800203,0.2903377564
fsi_47c6a55370e6,0.622802881,0.6505513741,0.6108049949
fsi_6831f80f0ca6,0.04783919202,0.09869867492,0.1338891675
fsi_746c2ae75b52,0.5532908131,0.5455720764,0.7149935107
fsi_d5a7fb3e85ef,0.5555020917,0.3924226191,0.5447406319
fsi_d4686451b836,0.08860798922,0.2041028366,0.3645370007
fsi_20d33010b93d,0.6415297166,0.6752324797,0.6256359958
fsi_7ca66cb15f9e,0.8690598652,0.971543479,0.9309703994
fsi_86ee4492800a,0.989789807,0.901821718,0.9630439612
fsi_88f362d3bddd,0.05352122286,0.112791323,0.157644833
fsi_78013384e5c1,0.150998981,0.2580123098,0.4426832681
fsi_5b09da33ede1,0.5354987952,0.5622941993,0.7353644288
fsi_f0c7ba4c0db6,0.6824825839,0.8146968642,0.7328059223
fsi_854fdec39a05,0.9594109224,0.918878118,0.9713763488
fsi_4dd0c9fd73df,0.5999771014,0.4418009243,0.5945548716
fsi_e45ed517d468,0.1521400144,0.2718078517,0.4583464761
fsi_8518bf439fe7,0.4319097685,0.473417945,0.6150213926
fsi_16936b630031,0.1172893867,0.1472655855,0.3106996084
fsi_f9b7523a2021,0.2713101168,0.4056472237,0.5172781352
fsi_0f106d1050ba,0.9180806754,0.727945614,0.3285965317
fsi_ef7c1bd22ddf,0.1376883817,0.1558847081,0.2985690757
fsi_9c3f5f8fc80e,0.7546109123,0.9034346401,0.8902174739
fsi_465fdf9e21d9,0.9886729659,0.812263473,0.345527632
fsi_834479a5042a,0.5655478537,0.3468256102,0.4972111656
fsi_b2b163cda026,0.5878346545,0.6948303078,0.6249348207
fsi_90c87bf590e7,0.1602749444,0.2376123187,0.3873144369
fsi_43963e0c1f7b,0.6183502186,0.7888096016,0.6922932344
fsi_4a8737ab1608,0.5097279604,0.459177077,0.3431167503
fsi_52a20de56d98,0.04938979906,0.09120520208,0.1085247696
fsi_9830e5cc21b3,0.03826250075,0.04596902211,0.07824676291
fsi_a59f657ea003,0.3969398764,0.4209498104,0.4949219785
fsi_1d620b7021f6,0.4457924207,0.506407421,0.6601586875
fsi_e2614ce19501,0.1558400346,0.2436696795,0.4254992312
fsi_66b164f39e41,0.6440626713,0.8189918075,0.7016658333
fsi_d3b099c8bd7a,0.1366753,0.1470154401,0.2871357959
fsi_db4508305734,0.1434144775,0.1642444249,0.3110409077
fsi_54ce7f8b8461,0.2754449536,0.4038331551,0.5400776419
fsi_2312dafb38d4,0.4441441958,0.2676376048,0.2774261187
fsi_855894680cbe,0.86264024,0.8979089964,0.9014393492
fsi_75f0da50f7d9,0.516275806,0.3762982045,0.5341647867
fsi_666079ddb912,0.9735742455,0.7905250344,0.4787637477
fsi_4fe707a7e91d,0.04824325556,0.1028765962,0.1272736453
fsi_dda3613b2941,0.1321712649,0.08628126382,0.1801434879
fsi_48de220cc679,0.509053911,0.5165311849,0.6933478747
fsi_8fb2655054cd,0.5534560985,0.9602160979,0.988684542
fsi_32dffc30b2d0,0.09476799346,0.1056053049,0.1345536763
fsi_6909926e7e6e,0.9372892623,0.9875077988,0.8443873399
fsi_7d76edc00ac3,0.06442394366,0.1353042414,0.1792621827
fsi_5cc30c26377c,0.07650652307,0.2145683106,0.1957891409
fsi_8400555c0e88,0.8661383141,0.4074522419,0.4869216437
fsi_11dc1656ecb6,0.5248890429,0.3366912262,0.4815063952
fsi_980895a5847c,0.3363374003,0.3414448555,0.3507710725
fsi_b4d6799f0e66,0.5636519728,0.5449346433,0.7156642085
fsi_7436b2c558cc,0.04667473139,0.02973975499,0.08054791444
fsi_6d5f56ee49dd,0.6786030724,0.508302899,0.6401250518
fsi_cb4d8a95afa1,0.1737804929,0.134727002,0.2316122905
fsi_4ca1e96f59fc,0.3762243173,0.3459952929,0.3206661489
fsi_c089bb4bfcbd,0.2786587734,0.398184031,0.537599711
fsi_498b798cc715,0.572797984,0.8263726306,0.6718422893
fsi_30d5d0804a3d,0.5426888297,0.3519247723,0.5099941883
fsi_232e738a0606,0.6438697442,0.4272917142,0.5773293217
fsi_3255b2f02c9b,0.6048577354,0.6846151154,0.6859719969
fsi_b3e9806fa732,0.489269351,0.3006545867,0.2967746583
fsi_44f32c94ccfb,0.5083506686,0.514879178,0.6885426613
fsi_677d85a2bc1a,0.8000583793,0.9227360917,0.9057360088
fsi_48ad63ae93ee,0.4777221698,0.5227114074,0.6677470784
fsi_330b1e2c6f68,0.3140765194,0.6237659242,0.7768552979
fsi_201702b2109b,0.1275369534,0.2046422211,0.3665504922
fsi_699d20823ccc,0.5276138888,0.3171453309,0.4777145664
fsi_b76251e2323a,0.105828417,0.04189698102,0.06421444017
fsi_3051d8115819,0.3171081702,0.639585757,0.7717882492
fsi_e833a1be3839,0.2998210041,0.3640544938,0.5362888006
fsi_80b9833c0add,0.2247158776,0.3305232082,0.4799475207
fsi_129e269727ec,0.1133971377,0.117690107,0.2428681573
fsi_634b4ba4305a,0.05950495118,0.047563176,0.1156077351
fsi_15e18617a737,0.6545689354,0.8954667793,0.6235244998
fsi_d08e20f82092,0.03373280965,0.03049009279,0.05322540464
fsi_6bf2e0ee3165,0.36673388,0.3583553564,0.3481102259
fsi_a64c2db0dc9e,0.9174947123,0.9437558959,0.9807429106
fsi_a21ae1e1a8d6,0.4320192957,0.4758243276,0.6091789238
fsi_f29d106cd9c9,0.3520651379,0.3529418288,0.4555559991
fsi_12366bafd5cc,0.5935016603,0.516773931,0.6318707988
fsi_11c8a8caa576,0.3937502413,0.329663683,0.2397865437
fsi_ba9bd829419c,0.05885456404,0.1137628656,0.1229426773
fsi_7917faa94ea5,0.3211423126,0.61568501,0.7704608041
fsi_84a6dfcad8a0,0.5947457527,0.7219640429,0.7547175987
fsi_737b10b4bfac,0.6550799239,0.1500872408,0.257620339
fsi_978cdb635935,0.1511570454,0.2896031772,0.2373416674
fsi_c8b6fca5350b,0.3529356006,0.3261149821,0.3084040153
fsi_16a7dab09315,0.03463967525,0.03111711518,0.05480720573
fsi_928d95075570,0.1423301405,0.2384474069,0.4228394424
fsi_dc8fac53ec51,0.1762359288,0.3165590041,0.5165390839
fsi_9117fdb7af06,0.8782836057,0.9347517926,0.9782813169
fsi_7de6f18cece9,0.7752132182,0.9682915963,0.9645681568
fsi_b0f429bf55c9,0.5941755777,0.8147881284,0.7654250834
fsi_140351efe15c,0.6216545225,0.6949644973,0.7941121212
fsi_9ad67604d680,0.7897870453,0.9746281731,0.9683209207
fsi_89edf7158035,0.04757165802,0.009952938042,0.01330564326
fsi_9234f3a55a75,0.2956764545,0.2370005294,0.3382207424
fsi_d7f4184f153b,0.2089314261,0.1954957851,0.3036711509
fsi_1ea22b61f343,0.1626605748,0.1130947307,0.2134887776
fsi_56a015074ce9,0.2896663229,0.4369793404,0.1980972662
fsi_1e913858a53a,0.1197224655,0.1587799119,0.2454162514
fsi_96bc985559f7,0.1123313526,0.2703696965,0.4463370899
fsi_982e0789abaf,0.1065878592,0.0353544675,0.06069518235
fsi_13c4d2629c57,0.5629918504,0.653734614,0.7610127294
fsi_e3f9db300b63,0.2710260228,0.5450834483,0.7121603688
fsi_b34dc35cbca1,0.7765933568,0.8872997021,0.9049999612
fsi_cb899719239b,0.5111322651,0.5393143436,0.6549737454
fsi_44ac55412880,0.1280258396,0.1364664653,0.2713508249
fsi_f481874b4609,0.293177133,0.2273748179,0.3459176794
fsi_43b5f27be573,0.07501084559,0.1199712041,0.139970822
fsi_913b9a2cae31,0.3027745448,0.4471300518,0.5531498653
fsi_8b8a807eeffa,0.7356938366,0.1735676677,0.2154620034
fsi_9e2c2bb825c8,0.459688694,0.3130415636,0.4707588347
fsi_55e0e0ebe975,0.8485592339,0.5546507113,0.5538396284
fsi_378806835038,0.2601170224,0.3791535491,0.5039637647
fsi_868c5da8e48e,0.03995668102,0.007536802338,0.01034405285
fsi_674f2537d2eb,0.2970113621,0.6021725008,0.7536173698
fsi_28b30947ac04,0.4031814805,0.4630699794,0.5206711427
fsi_a82838febc9f,0.07773700023,0.08341617502,0.1274746536
fsi_46f5ec270af4,0.2628707814,0.2841483196,0.4093871604
fsi_c63627f0136a,0.989554986,0.954709207,0.9842976693
fsi_b4cea1ec1d68,0.4366958961,0.4576383105,0.3836061588
fsi_d5a7566229b1,0.0878201784,0.1455948588,0.2713594189
fsi_24bd7ca56a68,0.0349798546,0.006904480719,0.009304414252
fsi_06cea33e6c10,0.632072747,0.5492256673,0.6549152834
fsi_20558d8e6bee,0.4773158154,0.5141907249,0.5329884342
fsi_37974922a2aa,0.08661835079,0.1388485524,0.2642183695
fsi_85bccb65c7ee,0.9640014929,0.7638100596,0.3303245094
fsi_f79696302707,0.1766544313,0.05421239046,0.06212087667
fsi_d781224f4604,0.1918690459,0.3733618901,0.108417996
fsi_4e9302ef32f7,0.6028876887,0.3145046412,0.4879099028
fsi_edb9b8bd14d0,0.4652577421,0.4608095143,0.4299654886
fsi_ad863829611a,0.5585234463,0.6536509952,0.7774753451
fsi_c3601d3d5fe1,0.829382243,0.9755246865,0.9764628456
fsi_6624c9c89f48,0.3515930681,0.4320991102,0.6282729437
fsi_cfbe713a042b,0.393967444,0.4069237863,0.3442018681
fsi_8941fd61e0c3,0.4378394843,0.4828127782,0.5082167714
fsi_58f921f12907,0.5974189382,0.5892064917,0.7170297867
fsi_7032b4eedcab,0.3496765814,0.6925904708,0.8032037151
fsi_6c3ba958655a,0.3524813274,0.3291246906,0.297079266
fsi_547ba53c4bff,0.3938488822,0.3670739781,0.3115429872
fsi_ed4b73cb20e5,0.2943398362,0.5591420752,0.7195116047
fsi_08f14d6ece5c,0.2965504967,0.5884982509,0.7422228211
fsi_735a822e3cb2,0.9787675208,0.7698449862,0.4892054402
fsi_4bd86ec8c88a,0.0697948546,0.07252350088,0.1115916724
fsi_7ca4e8fa0861,0.3979837765,0.4079792322,0.3457695618
fsi_65b31921fecd,0.4170112175,0.4104297573,0.350518809
fsi_aa9dd1b85b3c,0.5394120487,0.8166652812,0.6881904849
fsi_81e7f52603de,0.1574815717,0.04367389988,0.05206994778
fsi_89e71c878534,0.5579147144,0.655993538,0.7462405668
fsi_ee3427a4314f,0.3083937736,0.4463144124,0.6324872104
fsi_ddceb19d6f33,0.3041201345,0.6134704749,0.7456952763
fsi_8457ce710b01,0.3938974161,0.3835523119,0.3258442392
fsi_6fff9e14a0ad,0.4334044438,0.4741467171,0.5052194566
fsi_7e9c77ebc6a9,0.8979085413,0.4771493091,0.5643661528
fsi_0f048a02170f,0.3080674883,0.2211215046,0.3534967383
fsi_7211af4d261d,0.08859250123,0.1345762624,0.2601320808
fsi_0188adf9dc3b,0.6158463629,0.8579455547,0.7183109985
fsi_35c010d91bae,0.06223794265,0.06532340013,0.1007679282
fsi_8923b3cf21c9,0.9497094317,0.4991087393,0.5832605083
fsi_1413c8e0d849,0.5859078012,0.8512369845,0.6827692271
fsi_f68838f24d13,0.1240078138,0.1638165128,0.299103285
fsi_74fbf67d2aa4,0.5667468956,0.834016864,0.6800889938
fsi_e683d15d12c4,0.241741245,0.4879424219,0.6611615226
fsi_04f20698fa8b,0.338733118,0.4521008296,0.6546587372
fsi_a7935fb32a6e,0.2026436382,0.4021659684,0.4347741101
fsi_0e4125b2c380,0.4357868438,0.4882232021,0.4898146339
fsi_99b5a7c24163,0.3297793469,0.4141556401,0.611769325
fsi_c61775450d27,0.9022047114,0.9255995004,0.9382337246
fsi_9debbf2614ca,0.08830291691,0.1107477229,0.2108880204
fsi_8af92564791a,0.02142248353,0.006910385689,0.01493304047
fsi_76f5751eb6c0,0.5859425333,0.6634323724,0.7677187067
fsi_20cff29856ec,0.1662224135,0.1876605119,0.320143271
fsi_fab97e670745,0.0532948275,0.0194407982,0.05446906241
fsi_15e11317b68d,0.5291460152,0.837146539,0.6338335999
fsi_297f08af2215,0.743583297,0.3890745633,0.5014513222
fsi_42f17daa8aa6,0.08711811777,0.09870272675,0.1931964028
fsi_044b004623d8,0.2847801794,0.5698792185,0.7209263113
fsi_9ae557b5c59c,0.7194257207,0.3546434206,0.5422444483
fsi_be5d77799f32,0.3039604779,0.5397564689,0.7151384316
fsi_712fe402e2a6,0.5338102019,0.4435032808,0.623002186
fsi_c49179bd36b6,0.09168186064,0.1212550026,0.2245719206
fsi_6853af11e357,0.1655260926,0.1923938202,0.2962788966
fsi_50ec898ee86a,0.9262809918,0.5210613835,0.6070870521
fsi_274fa46bf9ed,0.8769122109,0.4646515647,0.5510627572
fsi_cad2de13ebdd,0.05548160587,0.03102339557,0.06521026497
fsi_c8a5718f5ad1,0.4090240504,0.3800304257,0.5408076878
fsi_138b47a4c533,0.5032229554,0.750288391,0.5276807994
fsi_6a6b5f3e4d2a,0.1332980008,0.2516032766,0.1931507146
fsi_df1798683969,0.8970630465,0.6326470961,0.670834715
fsi_a75c45b8ac82,0.07522737217,0.1135449705,0.2254472351
fsi_f4aa88a80e9c,0.2682740881,0.5196438285,0.6961865969
fsi_a95cc5b8bddf,0.03113651774,0.02972341256,0.05689581044
fsi_b601452a8711,0.2818469654,0.517359976,0.6912840708
fsi_e94dd22f7e22,0.6756450341,0.402869125,0.5239349731
fsi_ed8cc9d185e0,0.7107643607,0.3721802071,0.4872997804
fsi_3152b6ab041f,0.04330348645,0.01097686424,0.01694735661
fsi_1279f6479b15,0.1483162476,0.04328851165,0.05259102053
fsi_a46f98ebd3fb,0.332045736,0.6560285806,0.7632573306
fsi_ef4c21777542,0.9099376899,0.9317916495,0.964794674
fsi_d76b06fc0be0,0.6607493271,0.7313041184,0.7891067561
fsi_d26d24fa8eda,0.547276386,0.8383966738,0.7320402512
fsi_1d21f40eebb2,0.4918326894,0.5260219545,0.5094390843
fsi_8e06abe0b6ff,0.3412118408,0.4059457003,0.6137020091
fsi_7126001528ae,0.9873340831,0.9490203627,0.9763198155
fsi_df8821c9798b,0.6921124174,0.8827924239,0.9272207145
fsi_9e82e778d778,0.8612723072,0.6092386049,0.6498625463
fsi_b107afb85f27,0.1174272901,0.1255798337,0.02619982516
fsi_9d30a2190602,0.1899789456,0.4329532431,0.6234625468
fsi_3bcc41f35889,0.1042358845,0.1739918439,0.3132502251
fsi_3a64a817f7b4,0.2183729353,0.3853805609,0.09396270157
fsi_d5241b1d643d,0.2781863467,0.5127042255,0.6920203568
fsi_83fb0d725977,0.09693369276,0.1019498248,0.2292587764
fsi_e1874eea50ef,0.04479165251,0.007738484968,0.009457614798
fsi_53451ee98d33,0.2904119076,0.5293533967,0.7112616114
fsi_c3be75d3d350,0.2177341805,0.2602056708,0.3832408167
fsi_0e9d19d52997,0.07767540543,0.08693450124,0.1714973529
fsi_d94ce88d4770,0.6942719012,0.3748991882,0.4900594622
fsi_2ae85b292e3a,0.2603941271,0.3569331375,0.5229934325
fsi_c178eb33c886,0.0816599871,0.1265368947,0.2467621605
fsi_5e51ce8d4acc,0.04358145374,0.01000150473,0.01090968431
fsi_5e9fad11c6ee,0.5647635429,0.5390388091,0.7429418783
fsi_9a51a84bc7e2,0.276230688,0.1963787841,0.3364449359
fsi_4b44420409f1,0.3997039679,0.4305713102,0.6479421611
fsi_ecc026d5493e,0.6997893145,0.4071174088,0.519963761
fsi_7662650ed7eb,0.8849506903,0.6541950536,0.7131640372
fsi_e256485e9035,0.895766782,0.7435733898,0.2940688859
fsi_422df88777c0,0.2659333704,0.3797912167,0.5422826165
fsi_4736875109e3,0.35841266,0.2957022448,0.4013897967
fsi_a6883fae0172,0.9461130284,0.5084594771,0.5861651704
fsi_94de8a0b0714,0.4593897841,0.2525485556,0.2315090235
fsi_092d189ca8bf,0.7321981027,0.396169317,0.5061544018
fsi_576e0a064921,0.1484529329,0.05361292611,0.08523262164
fsi_200845c5f4f9,0.4723978312,0.5199793676,0.7320842928
fsi_bce23b218a01,0.2672843182,0.3903399367,0.5327600409
fsi_1a0c125ccdc3,0.5534427952,0.6926613348,0.7389224518
fsi_b2eff8763fdd,0.7196652988,0.9655953479,0.4588111862
fsi_25164adbfef6,0.3878088309,0.7817761062,0.8361547333
fsi_a94b7bde78c6,0.07362171631,0.07565598648,0.1025380771
fsi_09b50d7d899d,0.6150945856,0.820222422,0.6949402467
fsi_c292f34dc0c9,0.1086592411,0.1425451005,0.2552403666
fsi_2c10846d8027,0.7502491965,0.9796254096,0.9864022
fsi_48f6577e6970,0.5159707292,0.516043403,0.7253476359
fsi_35b1fcac92aa,0.587566339,0.8057473649,0.9227135904
fsi_2d0ff14e1925,0.2150104409,0.3045680623,0.4826057168
fsi_d45219366af0,0.772095405,0.9547320255,0.4624105936
fsi_9ce974ecc0c8,0.07300290634,0.08155478677,0.110455827
fsi_2e1ee6bf2292,0.05752536027,0.0432499372,0.1016686526
fsi_f36a138fa31a,0.2185166991,0.2545686093,0.3863032339
fsi_8f7b7259b096,0.313068492,0.5543523259,0.7399312315
fsi_d8998439bf2d,0.2141721588,0.2390049716,0.3835181925
fsi_d27470e9f340,0.5058717305,0.4899923022,0.7062134965
fsi_ca406b7f3d4a,0.6794826069,0.8579548846,0.7206890903
fsi_8ba8f3e55f52,0.8549985375,0.6048127216,0.6392171824
fsi_86c0ee03b52a,0.6414084067,0.8322915881,0.6836705436
fsi_972b29ae3c25,0.6487386045,0.383734827,0.5296871653
fsi_13d6a79836de,0.09235363336,0.1092727889,0.2103714322
fsi_b729dcca25a4,0.9763187121,0.5028108424,0.573310821
fsi_e620b2dc167e,0.6593796197,0.8464787873,0.6845796878
fsi_ec4d479d0840,0.1877851359,0.1256395521,0.1427211411
fsi_9ed6ab87204c,0.5433815181,0.8143387088,0.8266799488
fsi_8c7e48f2964f,0.539850703,0.7909481719,0.845151923
fsi_3ac90d4eeca6,0.5760823543,0.8568402413,0.9517050326
fsi_b66c9af3d659,0.4698700301,0.3581216776,0.4874939629
fsi_19601bad29b3,0.1643240309,0.2676026351,0.2693957664
fsi_373c93b0124a,0.523331056,0.4950084592,0.7095725127
fsi_6f0ea08cbff2,0.6451125866,0.2130083387,0.3867927837
fsi_66d54116bfc5,0.057123705,0.02668377259,0.0329012941
fsi_0405c000d0e1,0.2552875578,0.4405552506,0.6071541079
fsi_08a79cc138ea,0.9283415486,0.6601767132,0.6992508515
fsi_98936f75a035,0.1199428099,0.1664388039,0.2727127061
fsi_6e1f9919cca7,0.6939249852,0.4482598809,0.5635641814
fsi_073c18492ee2,0.6183640135,0.7933453207,0.9124166421
fsi_d0c1e1319771,0.05309731554,0.04936505782,0.07814977398
fsi_47c89a972d84,0.3173552084,0.2383596818,0.3670592027
fsi_79aefbdb640c,0.4553331562,0.5822242091,0.6469414233
fsi_e1cb68c71957,0.5665253672,0.7818108298,0.8463989412
fsi_fd71ecaafde1,0.6009293092,0.830443032,0.6480052093
fsi_78462147a4c1,0.2932355425,0.4193706952,0.5549836719
fsi_7e4710c66d35,0.2278657664,0.2349154908,0.389773221
fsi_b9cb10d1e090,0.2723709494,0.3789993244,0.5358977391
fsi_5621cf6eb3d6,0.224209033,0.4139503709,0.5655121634
fsi_645f29677315,0.7007596546,0.9279546707,0.6764236128
fsi_9e794fc5e4f3,0.6587129877,0.9487526728,0.6841222267
fsi_eb2049d8f3ff,0.1440462842,0.1047897742,0.1727232478
fsi_6c29804a2d22,0.3118690009,0.495442976,0.5274152755
fsi_a1a53dbdcaaf,0.544834552,0.5790271175,0.7028578612
fsi_aa9fc1bcfa94,0.2411890742,0.4312579178,0.5970627397
fsi_d59206ffa66c,0.5467313338,0.5072215577,0.5980331766
fsi_3bc78c403a0b,0.377661543,0.7548356809,0.7971686557
fsi_9eae784269a8,0.8870566423,0.8820444243,0.4730370258
fsi_20554db4678c,0.66772078,0.4798868441,0.6280548209
fsi_5c319d241d36,0.3938500813,0.3097472581,0.2330617078
fsi_d6523e486b6a,0.02507941034,0.02622661542,0.05783275147
fsi_2570bb1741ed,0.9524558766,0.6609206028,0.6593793501
fsi_724dd399e316,0.573078578,0.5236755188,0.6873274519
fsi_8df57666280a,0.5067332642,0.7836839224,0.9115560221
fsi_834637b552ec,0.6222191325,0.4922788001,0.7112330854
fsi_e41557685e10,0.2244519077,0.2267128378,0.2952487016
fsi_75857222f9a2,0.8222758466,0.8753890629,0.9285941999
fsi_28a929af990d,0.7514206547,0.6879248766,0.7467806259
fsi_e6f1e4eff5f8,0.1727161627,0.05776177765,0.0559158632
fsi_8f4c582579f9,0.6083850601,0.8276962015,0.7342135024
fsi_d16a6c3bd996,0.9396554638,0.8652874597,0.471844687
fsi_1cd3c8be2caf,0.2539165587,0.4487352131,0.6203428005
fsi_9b225baaed41,0.1747207629,0.1945816979,0.3245433274
fsi_34c49b6a23b4,0.6692535142,0.9349071119,0.9872069904
fsi_f3ed65f6f791,0.1828825146,0.2341529129,0.3776000626
fsi_3326209c02e7,0.05764119411,0.0104269604,0.01154561643
fsi_a8b2ef377416,0.8651549475,0.8491049283,0.9253843964
fsi_9fd58db5fa61,0.4705739747,0.7068544378,0.8145013548
fsi_7a3918c5158e,0.05632447,0.02574374412,0.07268705442
fsi_3e7e06dbf357,0.3549222106,0.5494770791,0.7178376974
fsi_2ff192b0c557,0.1729508953,0.04525081334,0.05111242725
fsi_466eabd67e5c,0.6765739968,0.6367649385,0.8100225231
fsi_02507a7008bd,0.1597256595,0.1611055377,0.2720464646
fsi_8036ad86b581,0.2258359378,0.3910385548,0.5608299571
fsi_616cf3036a5d,0.8438855088,0.9015096305,0.4557516689
fsi_68c15391c660,0.2447196472,0.4407394903,0.6126826778
fsi_dc9d8d42283a,0.8953373542,0.8866687789,0.4572764662
fsi_565eb7f5f9e2,0.06317275562,0.07081130289,0.1013062896
fsi_546ea0faf751,0.1330373023,0.2302293469,0.1983344417
fsi_6b6812152fda,0.3265348038,0.5245048985,0.6968428922
fsi_cc43ea9566ab,0.5890805776,0.8310583796,0.6986219659
fsi_01023b1077ab,0.4093414974,0.6928253269,0.7890891287
fsi_fd66c050578d,0.02396337651,0.01467453956,0.02903689466
fsi_63afc53ddf2f,0.5098987286,0.7732804284,0.8347372561
fsi_8386582bffaa,0.2954981586,0.4976886227,0.6687248472
fsi_f694875f7224,0.6247833923,0.8885587896,0.842750368
fsi_aec0dfd3830e,0.1691309214,0.1945603549,0.3205070411
fsi_a661d09b3061,0.5951918879,0.7226065785,0.7599018342
fsi_5c4636e97d0c,0.1795898015,0.2282004399,0.3645998926
fsi_393fd89b9715,0.6359542574,0.857273093,0.718363926
fsi_65bfcf8ec9d7,0.6225832077,0.8497626519,0.692553438
fsi_66679d3751f4,0.1736502743,0.2212390147,0.353189194
fsi_2c7b59c09577,0.6103899005,0.8410252179,0.6901579895
fsi_447168caee6c,0.1970551816,0.2081865345,0.3611427881
fsi_f97ac820156b,0.5774234194,0.6582240759,0.6657784349
fsi_f552a275892f,0.9725362266,0.81853348,0.8520760162
fsi_2b6ad87173c5,0.2779927514,0.4291393054,0.1389985413
fsi_e1aa614bd8e6,0.4266720752,0.362620152,0.518126221
fsi_291e9fbfd73c,0.627570314,0.7494183551,0.8597883088
fsi_be1ed042f80e,0.6193121405,0.7398257179,0.6466349461
fsi_384be0170893,0.09217721318,0.09657598304,0.1196997848
fsi_e98025c290ca,0.9709776899,0.8472733658,0.8739531558
fsi_ade02ef7d6b1,0.6193949008,0.4918297412,0.6979482082
fsi_0aa6bd1e8180,0.2768051968,0.4830739097,0.6657776495
fsi_19d71d3c9715,0.7774137148,0.9205110497,0.943055516
fsi_89adfa6b6039,0.04007870556,0.04767023002,0.0809872292
fsi_44240b4d3048,0.978884765,0.7377033139,0.8152380074
fsi_2b0b4e17d7ad,0.5777288145,0.8345316755,0.6529349897
fsi_fcae9d2b6412,0.2688644736,0.3219848015,0.4613620928
fsi_24c64703583b,0.6969323163,0.7360351696,0.7951342142
fsi_280dbe94a849,0.7799181701,0.7406583085,0.6946796896
fsi_1b07b0f1fa6a,0.328256227,0.5281340377,0.7073537297
fsi_75d14fb5788c,0.2610241023,0.1400602939,0.1973547023
fsi_aaea6d6703b7,0.8189817411,0.9103707504,0.8392532297
fsi_669232c20385,0.434373471,0.2867649003,0.5157798391
fsi_a3616055b079,0.5969771456,0.5907767684,0.5387796612
fsi_6fb0511911e7,0.3957066235,0.4698000872,0.4795526508
fsi_c329a92756f9,0.3287272326,0.5213837695,0.7048576088
fsi_57ecc3e96586,0.5275055828,0.676272872,0.7162552627
fsi_45eeb344affd,0.6015661313,0.6613945237,0.6757369856
fsi_143bb77b0ac2,0.9086588603,0.9470541311,0.9435955223
fsi_3325ac08ded6,0.3660766435,0.5681517285,0.7686731574
fsi_760a7016c56f,0.5955051374,0.6337271283,0.8057551943
fsi_05f7389c7f08,0.1790779157,0.2944085837,0.2849307754
fsi_b8cc26df824f,0.9773517749,0.8248326286,0.8663889949
fsi_476cc7eb942c,0.5874024719,0.8365273356,0.733769441
fsi_005b3f74d608,0.6853636583,0.8634233542,0.9490899134
fsi_7a0532994152,0.4619432776,0.4134148848,0.3533534679
fsi_6a67c980c482,0.11254658,0.2145012736,0.3486116002
fsi_29eee6f49471,0.5821625299,0.8937533581,0.9634357287
fsi_a43ecda3ac81,0.7992552942,0.9245008039,0.4451739415
fsi_b144b8a2f05a,0.6245260283,0.5634127101,0.7562079174
fsi_00b364e8b25a,0.2520646276,0.342925144,0.5144226508
fsi_3fab0f9858f8,0.5247680713,0.662376775,0.7480800276
fsi_92efad95e12c,0.01994848652,0.006699807349,0.012426242
fsi_71fef2d936bd,0.329569037,0.4893663413,0.1525727476
fsi_c3992660b477,0.4659949686,0.7711517752,0.9055298102
fsi_e45c0b224a09,0.3008657391,0.2828310555,0.3881303941
fsi_fb3917e39957,0.7496006837,0.7972335065,0.849944457
fsi_65f954f7e864,0.8539062297,0.9136761,0.4479212479
fsi_4e400f275352,0.2664350825,0.3641558742,0.5404281224
fsi_e073a33f8d05,0.9869541911,0.8063804442,0.3792007681
fsi_be8a69cb403c,0.2185499227,0.2430363521,0.3968227262
fsi_8fcc42d74fd8,0.1757041122,0.2833367239,0.298582581
fsi_136344cb18ac,0.4436684117,0.7558087481,0.8916644361
fsi_cd6b57ecbc13,0.9616318179,0.8167749241,0.8402265248
fsi_e767d34f3cbf,0.7423697479,0.762783501,0.8028748569
fsi_1f496f134ac5,0.8615210834,0.9251362863,0.8348900262
fsi_68d956fb3783,0.8972343365,0.943722688,0.8631597851
fsi_23604baae1ee,0.2569346773,0.2146248458,0.3014350972
fsi_99c2ee1dc377,0.3787343093,0.5842660261,0.7655631336
fsi_e6376991d4f3,0.682459186,0.7323614184,0.7251421901
fsi_a6495e2d55c1,0.3558705269,0.1146275091,0.1212232038
fsi_aaf9940aa5eb,0.645379836,0.6923984626,0.8456128948
fsi_7da673e9cb03,0.2483818916,0.3324387351,0.5125414151
fsi_922b1de4e5cb,0.6315640201,0.3616769902,0.4624774339
fsi_9cb2bb0d1116,0.5804801242,0.7610097005,0.7511657569
fsi_ef53c71e1f59,0.5428743447,0.6568287914,0.7571156742
fsi_785859a950c0,0.1752583593,0.2690635089,0.2948782008
fsi_5666e715c1b6,0.2064993277,0.05888939264,0.06445200158
fsi_4730acd9ad06,0.2494649242,0.3117738065,0.4920914361
fsi_dbe413c80479,0.8123203917,0.9231035276,0.4061659624
fsi_c9b9b4e852ec,0.7688448883,0.7917978014,0.8234487289
fsi_8f46117a63e5,0.6398394142,0.6436780223,0.6450327924
fsi_dc0e26e07ca9,0.4626359816,0.7663260116,0.8997948428
fsi_e566d2c6f48c,0.8831795915,0.9306921788,0.8323167203
fsi_a7cd8bf22ae0,0.8592545106,0.932784543,0.4182268421
fsi_1d47e1dfb2aa,0.1544707259,0.234435182,0.2691993873
fsi_6e301d98fdda,0.2997810058,0.2865399139,0.4144811434
fsi_4e1f117c6dc8,0.4873416931,0.4697909889,0.6403720174
fsi_af5f146dc0e0,0.7648698207,0.775886973,0.8865850523
fsi_a1d499f1f1a5,0.05758510483,0.03643063575,0.06409967331
fsi_c5a78cc99444,0.1992531442,0.3209886953,0.3001437114
fsi_ccd889ef8f0a,0.08355829342,0.1252853453,0.1333807229
fsi_ae04e16dde40,0.1317019043,0.2221762148,0.3366724846
fsi_3ecdea32a527,0.05536764567,0.02620157506,0.02017723679
fsi_b39c9e02850e,0.4433394369,0.3924282907,0.5628838688
fsi_074c8d279cef,0.1059199469,0.1185763353,0.2695684673
fsi_252bf9235ce8,0.4752813069,0.7806730203,0.9107341834
fsi_1afb4ab6167f,0.765342511,0.6328168447,0.8092683385
fsi_7e0ee7ebf90b,0.2250407448,0.2592522409,0.4256253063
fsi_de397ae64f6c,0.3693699036,0.08994072886,0.08821629537
fsi_ea15917e958f,0.1766725486,0.2106051344,0.2532051334
fsi_0b67649e1389,0.3835394637,0.1181714821,0.1282168871
fsi_1d6876ed7da7,0.4464862011,0.7573589603,0.8930553504
fsi_ab0f6ecff8c4,0.1834532249,0.2398690341,0.2725896359
fsi_a31211d9e670,0.6169319961,0.7049818623,0.6490824275
fsi_f8ad97ed5a19,0.1904614019,0.2571430594,0.267626164
fsi_b9745f5ed326,0.4830483515,0.5471629832,0.6976296797
fsi_fe24c8a17339,0.7378507178,0.6532915234,0.8220493257
fsi_f03b95a8ab13,0.9849078463,0.827385695,0.8439281133
fsi_c802c8c98e4a,0.2833659939,0.4917605271,0.6336697179
fsi_bc47a8abd159,0.4580716958,0.7723513667,0.9036297791
fsi_104afec80ee2,0.6063218248,0.8748487522,0.7869994645
fsi_cc5ae93f2b6a,0.4965615883,0.4826087803,0.6690566002
fsi_239706c6c063,0.7188010496,0.7997465056,0.9054002261
fsi_172a783ff367,0.1733095717,0.2656840627,0.2757424689
fsi_7c5a7f8b27ae,0.408916696,0.4372809052,0.4064912522
fsi_243ac65406bd,0.45273982,0.5722258508,0.7187639511
fsi_74e3706aa1f3,0.2541270019,0.3132805241,0.4871987965
fsi_d9bf1fa7af0f,0.6106796067,0.5751313147,0.5278998993
fsi_6ba42331ce4f,0.1629045682,0.1887307115,0.245979995
fsi_3ba559b53a88,0.8233009577,0.9043621216,0.8052984261
fsi_732b990406ca,0.6411202491,0.7553752827,0.8105692834
fsi_f2faa8a98e1a,0.4347163925,0.4693036764,0.6242099972
fsi_91ea7efdb19c,0.03336790384,0.02391738666,0.05540500355
fsi_d21c60f9ddfb,0.5719855563,0.8062049807,0.9275382158
fsi_9383f7118091,0.9215195433,0.861918377,0.8478438008
fsi_4f3ae2676284,0.2418262162,0.2141735915,0.3075061146
fsi_2d39db157792,0.4449915187,0.4388989662,0.6775501899
fsi_c7ef6e9d33ea,0.208223647,0.2699451732,0.2689739062
fsi_df536637945d,0.7515677196,0.6333973183,0.8004307244
fsi_7e394c45cf3c,0.8387244524,0.8436284223,0.9334223647
fsi_a92738351259,0.815780282,0.9417227368,0.9735372367
fsi_8352c6d4c12c,0.4618194438,0.1569317131,0.1596205918
fsi_4eeeb1f167b1,0.6110932179,0.2199705253,0.4099245635
fsi_973daa0ec9de,0.2542726643,0.2083352461,0.3021113486
fsi_6520101411dc,0.5918103559,0.7343975831,0.7547586515
fsi_0891aa350e6d,0.7548133482,0.6052458455,0.83199405
fsi_cd95995b4208,0.2741281024,0.2082751638,0.3044038775
fsi_d4684c67e80b,0.4771063491,0.5435000529,0.7046941385
fsi_a376a728ec9d,0.5276583917,0.4590098815,0.6139555364
fsi_08b52eddcb75,0.7871774397,0.5972001607,0.7870933708
fsi_c2fe8300775f,0.8647395629,0.957652204,0.9781638517
fsi_31c842153fe0,0.8808810188,0.8620902449,0.9412750008
fsi_a8d1d715292e,0.3421174456,0.524401502,0.7266816521
fsi_698f1e0f3c42,0.7418613457,0.6334784949,0.811126102
fsi_dada7437d789,0.3340665867,0.508881844,0.5484883688
fsi_ffbc44c0dea7,0.7213878031,0.6327714842,0.7965970247
fsi_9ab84c1cb93e,0.9897592255,0.4391373784,0.4908010037
fsi_b17dd613a107,0.5410010489,0.5148178915,0.4144574956
fsi_b84f27f256d7,0.1986082669,0.2369680308,0.2640064036
fsi_173a5d81ac49,0.4299801989,0.3787052512,0.5509872333
fsi_46fb0de0af3b,0.454069527,0.3804944833,0.5576730531
fsi_03279b79520c,0.3352830565,0.1747332426,0.2680000769
fsi_bb012764b9c0,0.194335002,0.1423467632,0.09530408986
fsi_93be0330cb93,0.4168431882,0.3864251049,0.5560046787
fsi_e66fa5818d06,0.5259178214,0.6486165741,0.7343654982
fsi_08b445108b8b,0.3988843928,0.1361861181,0.1207421948
fsi_2c047a74c6d8,0.8836484013,0.3788143386,0.624236327
fsi_c61ee454e6f8,0.5634017414,0.1968787157,0.2750784827
fsi_3358f2af1b27,0.8376344792,0.9101392897,0.8703808921
fsi_7d6dcdd7416d,0.07751203535,0.09231221375,0.1749347585
fsi_c72e23f1657a,0.7982603749,0.8430867396,0.8892481631
fsi_a4e32f2579a8,0.3891815428,0.08635918985,0.08781193108
fsi_5b2f10a3fd5e,0.7232590282,0.9639117831,0.4926911723
fsi_44703244f2e5,0.7655474808,0.8355999174,0.6088989067
fsi_90f12bea3dfa,0.1723781793,0.2110297488,0.2770000202
fsi_6156137317d9,0.9228526268,0.889986636,0.9538304713
fsi_e96cb2141a99,0.5159510093,0.5826347601,0.7523335626
fsi_d40aad9cd3af,0.407602425,0.4523606422,0.3635600241
fsi_42b028f59f30,0.1474497432,0.1149478675,0.2270894799
fsi_f2d221d718d6,0.7818858585,0.9637015085,0.5155122273
fsi_ebb0280dada3,0.3948869867,0.4433271072,0.5911851973
fsi_46fd748d8e0c,0.663452296,0.7610625183,0.8605225345
fsi_5c09d190e563,0.559271188,0.5665679198,0.4780262122
fsi_28039880c25c,0.5243511382,0.1849604152,0.2647104931
fsi_3807612b415a,0.4962242006,0.1984844047,0.2774809832
fsi_fad23e76da80,0.4158447829,0.4524345131,0.6058562474
fsi_fadd5dcea007,0.5674608825,0.5262069189,0.4110230721
fsi_015d2b619991,0.444485493,0.4631146501,0.6217992067
fsi_c5da71f74a9e,0.2583260647,0.2398825283,0.3732331106
fsi_795d3205a314,0.9689312089,0.563087312,0.5333660542
fsi_5026eef3c86d,0.5771748875,0.5552322971,0.4347366314
fsi_eeb033b20a7b,0.39656525,0.4306483399,0.3902288861
fsi_c554d6f8ed19,0.286252976,0.4433492939,0.4837547988
fsi_a5ab1ca4447d,0.7968268145,0.8587291813,0.8118428271
fsi_a210419f7b63,0.1891051771,0.2525102808,0.4407387369
fsi_ac0031e80286,0.9588968648,0.9020563036,0.9617795515
fsi_19a199a35880,0.6052802714,0.5968438525,0.7571170584
fsi_b9d32b3ebda8,0.5102819713,0.1791729326,0.2560634527
fsi_22e7b88728f8,0.584793006,0.189087127,0.2333818883
fsi_af672dc9eb3e,0.6454309536,0.5829922484,0.7452870613
fsi_49c7023d791e,0.4251372042,0.5124916274,0.7048714277
fsi_b648bf3716dc,0.5836134143,0.1943766095,0.2385081136
fsi_0d4bf916bf48,0.6170255221,0.5992922431,0.7593117078
fsi_f92abb4842c2,0.2928803882,0.5145862696,0.5356084893
fsi_55812a4046cd,0.8192217599,0.8700138415,0.9439207933
fsi_01b5639e2b64,0.07673836718,0.05703990497,0.1253902922
fsi_60e3398423dc,0.04279240015,0.09065985523,0.1326256934
fsi_4ddc60510e97,0.4844472125,0.568838933,0.4536951957
fsi_887afabc4112,0.2784763597,0.2565490052,0.4027189947
fsi_66bd96d1d3a2,0.5182263885,0.1953112047,0.2649685876
fsi_26b448bccd7d,0.4075501102,0.409587185,0.3946804165
fsi_5b2e9334c9b0,0.8620069286,0.89017368,0.8372411975
fsi_a82f4d94b23a,0.4889513459,0.4855157841,0.5716877409
fsi_450811c0f271,0.7896880895,0.8140139701,0.9132095521
fsi_b0856697e634,0.8320362268,0.8688369088,0.8055110385
fsi_068dcf09a835,0.2874499014,0.4997644074,0.5578348257
fsi_d4f576bfb734,0.2225905797,0.4041634717,0.2823710608
fsi_3f7bafb7d2f1,0.2966141579,0.2519422556,0.3972164767
fsi_3f592923c236,0.8533744476,0.8836474229,0.8118949745
fsi_9d11b2b07dcf,0.4153176203,0.5295738954,0.6150881586
fsi_dbf8fefe777e,0.6147226359,0.5625002593,0.7288187819
fsi_f08362631bd4,0.671220942,0.2376243476,0.2744279512
fsi_9ae30ea4534a,0.415396793,0.4194652341,0.4921827788
fsi_4f0a0105df11,0.3207100853,0.2613672166,0.4061570548
fsi_abe76b61b554,0.4986884057,0.5604691304,0.5220789091
fsi_85abb280d66b,0.2873261195,0.4795352587,0.5437694116
fsi_f4d03d424431,0.2545867448,0.4199788433,0.5006600891
fsi_c48cb4b9fab6,0.5140378047,0.50261818,0.566940816
fsi_cc3e7190876d,0.5438336498,0.2845155037,0.180022321
fsi_86ef0b949888,0.8180056377,0.8785221881,0.9488716977
fsi_bb9ef94f2de6,0.652571087,0.5852949517,0.7494608007
fsi_977af6a03410,0.5609243019,0.5554851272,0.6562293571
fsi_8043a0576bbf,0.394689856,0.4667146289,0.2414624166
fsi_1a91aa18dfb7,0.04609687396,0.06747276806,0.1171093871
fsi_37ead6edc6ba,0.5384848513,0.5640135378,0.4896094133
fsi_6c4c1c95c0cb,0.6127844175,0.5702282592,0.7387256232
fsi_14fc8f32a8f6,0.5286884875,0.5357506257,0.5888534231
fsi_1b63b6bc484a,0.2855209514,0.4801427727,0.5261709534
fsi_09ba60876a8c,0.5975051224,0.6627904343,0.7587069053
fsi_39b408b28b39,0.2048904597,0.3022803824,0.1116160523
fsi_fe4cd6fc27cb,0.4607720989,0.5041907169,0.3957857234
fsi_d77651ffb245,0.1487158352,0.1679503909,0.330262643
fsi_6862e3fbfef3,0.7931654169,0.8777933885,0.8028731716
fsi_f19ca936bf05,0.3204319156,0.5489536643,0.5504169365
fsi_71ef28e1e581,0.3054998425,0.2473563186,0.3892230739
fsi_2301c3dde77d,0.5095181955,0.3762461346,0.105531014
fsi_bbdc49e481dc,0.3713938015,0.3721690971,0.3909470461
fsi_9148391ad273,0.5511818137,0.8916387493,0.8560527594
fsi_f6a36bb3b648,0.3052560902,0.2438248236,0.387601857
fsi_0bad36abc8f9,0.4566869425,0.6877399299,0.7913341875
fsi_9b685ca514d5,0.5736792019,0.1982629023,0.2689512852
fsi_b08ca6a54d3a,0.02590288147,0.01632000396,0.02656843495
fsi_5581a0be77f5,0.4404814829,0.6536229834,0.7736892291
fsi_23fc00718d83,0.2546729108,0.4088543545,0.5092717681
fsi_c0b472fe39ea,0.3736780658,0.3512067708,0.5378604507
fsi_99bbe42492a8,0.5555780107,0.595566645,0.7043242899
fsi_7d76ec4128e9,0.8422504459,0.8666449064,0.9420535923
fsi_4a776492e609,0.4504473734,0.623951894,0.7395440172
fsi_7a98a54aaa6f,0.5898555063,0.6610920312,0.7730688339
fsi_dab5d442b524,0.2632565767,0.4296526755,0.2878395676
fsi_3c8a1b20d831,0.2047274344,0.223917362,0.09971448393
fsi_118a9f28d3c0,0.456214698,0.5546834449,0.5795047983
fsi_e26ed80eb3ef,0.2720883195,0.471670177,0.5287601192
fsi_2893de5cd68e,0.5918517361,0.1482973339,0.1714750516
fsi_0851ba775e13,0.2629843026,0.4486411189,0.5399690225
fsi_ca240ef171a4,0.2279267972,0.3642590195,0.4856583057
fsi_cbb605bbf53a,0.4270744483,0.6340122253,0.7745821933
fsi_93f86d794c05,0.2186892932,0.2734613599,0.2484326449
fsi_34e0ca101e77,0.4094084284,0.5432203032,0.683585862
fsi_958a35a7d625,0.5569592924,0.534992483,0.633393671
fsi_d5b43e8b093a,0.8141842756,0.8739712171,0.8539716152
fsi_aff0b3934f09,0.4286617202,0.6058598944,0.7505566662
fsi_3bb802520f6a,0.08694933491,0.1207285308,0.1826926037
fsi_5a07023bf336,0.3409292998,0.2636136406,0.4134479964
fsi_b02aed74502a,0.4222893874,0.4368743096,0.3987336722
fsi_d39735f9911e,0.274798005,0.44210544,0.5187869316
fsi_9ee6d6265e99,0.4579417169,0.5341864948,0.6200373057
fsi_c48f7393156f,0.07771554924,0.04820481826,0.05815222764
fsi_2ff0cdeeae9a,0.2939026684,0.4926766404,0.527410869
fsi_d7a27bb5f03c,0.7761487761,0.7419998836,0.8171074869
fsi_0b5b6db06eec,0.5891978868,0.7086214648,0.7782011783
fsi_e217e31cada3,0.7541675655,0.5333227418,0.6887071779
fsi_4a1d73daa4f5,0.4743987356,0.2022160283,0.2699506528
fsi_2d8c33d26ff8,0.1461988592,0.2639280663,0.09330511601
fsi_8406d41d7fb3,0.612317298,0.7281277359,0.7672140236
fsi_36524dc30af4,0.584955475,0.7435452503,0.6137057708
fsi_b9b4d7265f83,0.1549721798,0.2153238422,0.3480759589
fsi_dcff1af676b6,0.6387774026,0.2260626462,0.2318914701
fsi_a51ed1ec7300,0.633694662,0.7624506837,0.7820578085
fsi_597f57b30b34,0.1838289307,0.2314024263,0.3672870273
fsi_0a4f01dcc097,0.7466395029,0.848625054,0.9357022418
fsi_15e16672d0f2,0.2643558443,0.1444753171,0.2328808259
fsi_6366c44fbeb2,0.07142628494,0.04228144318,0.0503576525
fsi_ac64504af849,0.5063778747,0.5625722872,0.6653168464
fsi_0ce66e0d3ed6,0.1737823245,0.229105428,0.3681425498
fsi_6d8dad37368e,0.07745994592,0.1123054963,0.1302512389
fsi_36c89a0bec57,0.5288393021,0.5694647264,0.6788228803
fsi_3e46cec9a8ee,0.7327988464,0.8960623046,0.9591470588
fsi_73b14acc0b6d,0.03967899033,0.0583634426,0.06544752311
fsi_53b04194d037,0.216280236,0.5174804496,0.1127372914
fsi_a9ef6e9bf025,0.3997300497,0.5098410518,0.2850886046
fsi_4f02c1633517,0.3223590274,0.4243736892,0.5562898595
fsi_92b399f955e1,0.09795548697,0.0650781277,0.0699467164
fsi_36d855f73a2c,0.6161366706,0.5432152741,0.7204815204
fsi_90bfec468220,0.5779841614,0.5518425398,0.7255705174
fsi_f7de88d27646,0.580058947,0.149070376,0.1894452637
fsi_1dbedff36b30,0.7736519949,0.8344632873,0.9275614822
fsi_ef9e79960ffb,0.03996775287,0.06467572151,0.08391751265
fsi_d6b4fbb5e6c8,0.5611953307,0.5788862215,0.6939508743
fsi_3457bd198d44,0.6347357236,0.5413152339,0.7037502794
fsi_4082ce124583,0.4575879244,0.6375741155,0.6092885131
fsi_6f15f2ce636e,0.1157001776,0.09145430964,0.1982846597
fsi_985409dfa71d,0.2248153826,0.2954737771,0.451437634
fsi_39043b9d69ce,0.4001589207,0.7119030262,0.5734189654
fsi_787af5b42cd6,0.5544364494,0.8054109947,0.7595104009
fsi_be9eab4d401d,0.04643247063,0.07686287929,0.1010132584
fsi_fd841f31e743,0.07873905532,0.09988225193,0.01158716618
fsi_7fe8af36cbf7,0.4135777669,0.2010440071,0.2778458493
fsi_a6406d1b7459,0.9814485361,0.8168205266,0.8875386569
fsi_490bd2996114,0.2805322983,0.3428793341,0.5045175557
fsi_acb63e3f6561,0.9816479478,0.8423251773,0.8878927888
fsi_eab729884689,0.5637506114,0.7891234749,0.8325304825
fsi_d709237f9a64,0.4504539798,0.1913618492,0.2607191847
fsi_d063af68ad8d,0.2483545116,0.3006275884,0.4611179375
fsi_16c9dbc0e482,0.0231751445,0.00569735575,0.006047222606
fsi_4c258269745a,0.07209903622,0.03637344846,0.03919111989
fsi_5efc803e02a3,0.4481991889,0.613860434,0.6415317429
fsi_de62aa60709a,0.1771814724,0.2253998167,0.3608809625
fsi_6641e284af0d,0.6064852727,0.5348471859,0.7005282669
fsi_b8138edf048b,0.1749934617,0.2558282925,0.423219558
fsi_34538ceb5dfb,0.186716673,0.2741454683,0.4467952241
fsi_443bba79e738,0.5875680575,0.5182801731,0.6870524694
fsi_040c55200808,0.2612620658,0.3263249397,0.4881467921
fsi_32846d6e9811,0.6678164904,0.72045975,0.8027030893
fsi_4a0819108eee,0.02208744316,0.006498591965,0.007558618873
fsi_013c4a3ff512,0.9047050589,0.7335432366,0.6530130693
fsi_12d027c11de7,0.660126675,0.8582670447,0.9409778949
fsi_beb734da2f37,0.4604124977,0.5910378957,0.6373899284
fsi_1d9ca2aa0a08,0.4490893662,0.2118688879,0.2773248115
fsi_d50822ad7765,0.05760761436,0.09643205377,0.1189833278
fsi_63971abb4814,0.844984173,0.952032831,0.9824852121
fsi_9b65ab20fc88,0.9356997154,0.889089451,0.9034226086
fsi_accf37f22dfd,0.1720333572,0.2492996363,0.4141966517
fsi_f3b8a1ac32d4,0.1704302521,0.2327952388,0.3931606141
fsi_ca43b7d108fa,0.2649988878,0.3300747911,0.4934525808
fsi_dd9fcfe28144,0.04075171111,0.07008144164,0.07999790536
fsi_1233417fddeb,0.1554962033,0.1711895057,0.361311797
fsi_6229f4451680,0.02610008265,0.008101194219,0.009805219195
fsi_0d80b88ddede,0.07636384619,0.0501807071,0.04849322196
fsi_1b8f94b2029a,0.1815690616,0.2305690845,0.3654014541
fsi_390ad95fdb09,0.7684809853,0.6236535192,0.1629730597
fsi_9e06ccc763a4,0.541218704,0.5293524087,0.3194937281
fsi_c405adf7cdce,0.5725079362,0.5536616082,0.3418081962
fsi_9c8155b54c09,0.1567911974,0.1999874647,0.3433442457
fsi_11c2b63c67d2,0.3416560635,0.5705407187,0.0903552306
fsi_7bd6f1cb91dc,0.5202710331,0.7164012048,0.3604571285
fsi_a42782f3091b,0.2071803416,0.2536300495,0.387340247
fsi_0dcb9fdba6a9,0.5874597761,0.5108526727,0.6759696124
fsi_d715504a8556,0.9214551052,0.8811723916,0.8881045279
fsi_7b277e90da1b,0.6559372779,0.4484061652,0.3523440374
fsi_9a517eac360f,0.4501520013,0.1899323632,0.2554224928
fsi_6b569c7a1f73,0.1708820687,0.228576557,0.3872234957
fsi_527f8bdefe03,0.5540284378,0.5548395222,0.3141984628
fsi_1149902f3938,0.4080562179,0.5300757251,0.6158013342
fsi_dd1aafd00de0,0.3925483825,0.6998877979,0.5641422761
fsi_9f544a461cfb,0.5360601711,0.5790947126,0.3716414896
fsi_ec68e9a6c988,0.5254039624,0.5900809674,0.310805472
fsi_7274af82f1f7,0.3843590131,0.191739794,0.3282486816
fsi_5617488d8e1c,0.5499993989,0.5289217635,0.3038064701
fsi_ea77c5d72efe,0.8446506986,0.8726285768,0.9341400371
fsi_fe8ddaba33a5,0.5166428459,0.6938682636,0.6276351542
fsi_2a5833045ed4,0.7357916361,0.4032825814,0.5244290604
fsi_fa928e0860bb,0.7870225603,0.606360962,0.1886675652
fsi_25ca34247be0,0.5798030958,0.3893771625,0.3749379073
fsi_562de913fc83,0.4770178796,0.6244925745,0.6938113351
fsi_059c91aa969d,0.02411637563,0.008145176779,0.007818046238
fsi_1cf57d0d936d,0.3094910163,0.3573676769,0.5228395272
fsi_ecc2e7ee4c9a,0.6273795465,0.3488912478,0.4609915449
fsi_e5b7a36c4133,0.7391874507,0.3521755473,0.4910834986
fsi_86a0e7df0f76,0.1246733807,0.173222056,0.1075359892
fsi_7e4641d189ed,0.4239259769,0.6028461879,0.7218778561
fsi_70b3fd8ba4f8,0.7210383106,0.3367941825,0.4931974971
fsi_33d82c8c8fb7,0.03451076409,0.01148541648,0.01260354216
fsi_82f824a0aee3,0.4942092913,0.3468603012,0.5304852011
fsi_5f396e7e42cb,0.4635538417,0.6093451094,0.6342298024
fsi_0733493decd5,0.8477203505,0.6848208479,0.7818672343
fsi_1db5bc87a796,0.2589612278,0.3000948049,0.3376365466
fsi_5577d17e439b,0.04724727782,0.07221127755,0.07395400053
fsi_bc194b35af03,0.6648040743,0.533160155,0.6908025897
fsi_3f3e1ceb9724,0.5856469285,0.3286958297,0.4430639108
fsi_910302317ea9,0.07178870586,0.1712090922,0.131956534
fsi_4f93f898f87f,0.5066375775,0.2107117895,0.2643266058
fsi_786c3d8e5831,0.7534211805,0.9397457377,0.9745749017
fsi_527cfee825a2,0.1964469291,0.3469362727,0.524759602
fsi_26fbfbec12ba,0.9999211884,0.9265405898,0.6748455125
fsi_d331d839cab9,0.5209753796,0.3078829647,0.4233031922
fsi_0b8ad69f5a4a,0.08015400043,0.04429330518,0.04582389925
fsi_b51c44064853,0.7705547331,0.4928562149,0.6526902068
fsi_f01117812360,0.2094106953,0.3124010104,0.4747585889
fsi_c5cda0a2361c,0.4625431667,0.6245879799,0.7116372198
fsi_1a315980e7bd,0.988537124,0.6697727476,0.5546103733
fsi_a10efa249dee,0.992468998,0.6239531137,0.5519948254
fsi_81d2e34d313c,0.02859485475,0.007461010316,0.007155393927
fsi_da5b147ec08b,0.6361497483,0.4705647328,0.5431483902
fsi_ca22b93a89fe,0.8041462803,0.6905925536,0.8380593886
fsi_6f7ea4a13b3e,0.2043486641,0.1358595156,0.2051235159
fsi_d23b21163361,0.4429461522,0.6003515486,0.6770013383
fsi_b7320bc3e15c,0.7681368511,0.4239903962,0.6127185942
fsi_15abf521b3cd,0.5250725219,0.1508346136,0.3418481792
fsi_13b3a63e0ae5,0.9837790953,0.893637642,0.696931064
fsi_021e970113be,0.8401427838,0.7065431419,0.8408612383
fsi_7e5fdde2a47a,0.2129781492,0.4751919878,0.0615679112
fsi_68b4ba915bab,0.5862471855,0.3252244418,0.434643069
fsi_27ac485150b6,0.8078898543,0.8909956842,0.6190366856
fsi_7b91fbeb2a26,0.7530328922,0.4014274242,0.6132777144
fsi_23532d7ecf28,0.6938741726,0.4515104077,0.6056648756
fsi_0c439c286781,0.803876458,0.3750522951,0.5483702385
fsi_afc446b9b32f,0.733236771,0.5547407595,0.7475045991
fsi_6a3eddc5aa6e,0.6719327911,0.5986782325,0.6702930434
fsi_30496b9777e0,0.05150391261,0.04058399399,0.02410077093
fsi_9f541708a7aa,0.8332723186,0.6406279858,0.5146143662
fsi_b4fbf55a2ac4,0.5916170375,0.2718523356,0.2778080735
fsi_b4b9e3b86fe3,0.5596071042,0.3047667967,0.4010202591
fsi_47cee3382d7d,0.09656248592,0.06260876617,0.01043731905
fsi_75cf9919860e,0.9871048362,0.8990739886,0.9411233164
fsi_1ac7caa0d693,0.6167258332,0.2944447862,0.2720106153
fsi_e8525350c9e7,0.6072319682,0.5100021499,0.7359677614
fsi_e9fe5da87f0f,0.8678015382,0.7395151532,0.8600705937
fsi_c8b4c45fbd15,0.9578310352,0.590449334,0.5654805873
fsi_ecdc96676bef,0.5264868631,0.1612502474,0.2163318019
fsi_29bc9df053f3,0.8713377792,0.8944649967,0.7624610583
fsi_a131f39bcbc3,0.8943667038,0.6364802021,0.6089874771
fsi_cd33bc386b5e,0.6362147688,0.3394540509,0.2882123913
fsi_225edb752d40,0.6500428711,0.6042450797,0.7073798378
fsi_bd7e80564e72,0.8434586416,0.4092220281,0.6334162899
fsi_1f243f0aa389,0.3907889245,0.7580956247,0.7521402007
fsi_45861ee1bb7b,0.696855189,0.8189764009,0.8253967656
fsi_af104c3bc335,0.4862432422,0.4642896411,0.4656528987
fsi_5d635d8561f2,0.4510480357,0.6118406811,0.6670996561
fsi_551e88ed6c99,0.594264564,0.761495292,0.8294392272
fsi_b5e930ee9bcd,0.5215758227,0.661876948,0.6862434576
fsi_244cfbf0dc4c,0.4061437524,0.7668756705,0.7420892347
fsi_db71b98a0178,0.4149967223,0.7649180921,0.7376306962
fsi_981d19a2cae7,0.2461437417,0.2057694408,0.326058517
fsi_6903c41b52e2,0.1747387711,0.2305429609,0.06021534488
fsi_56f00b8102a6,0.9488129733,0.8621645562,0.730921655
fsi_61a676906364,0.6028923339,0.8658337796,0.5835738246
fsi_72e29d322eef,0.7236559719,0.516839491,0.6134470677
fsi_5f37995f0e49,0.5073652789,0.4771923167,0.4554380512
fsi_a53bedbeef8a,0.698505087,0.4542854306,0.5841232955
fsi_36d12ead2c99,0.6737558451,0.4212274219,0.5866712334
fsi_1a0206a85753,0.90845371,0.7252850305,0.8657441248
fsi_a6735ae7c1be,0.7869483306,0.7667532632,0.8735734873
fsi_68979fec9f44,0.5179151488,0.506757084,0.4769009628
fsi_1012fd068661,0.5265193981,0.3707903813,0.2880848437
fsi_a62fd40f48c7,0.6361454407,0.7846276666,0.802735237
fsi_f821ef3e7504,0.6576067369,0.3358747915,0.4316525402
fsi_3ddce1efd1b2,0.08911101625,0.0828143514,0.1457549209
fsi_646da4ad3869,0.1592709839,0.2974973279,0.1080092729
fsi_17e577f708e6,0.6053383263,0.5907960167,0.6213767351
fsi_1854a0f85c9d,0.3622856187,0.6987326992,0.6557511613
fsi_2a9ce54cb75c,0.6886724342,0.6278997293,0.7142353088
fsi_9b002067601c,0.0975493259,0.2774086752,0.01300830954
fsi_6a5b2aaa0dc0,0.3648632428,0.7036883562,0.7267356727
fsi_8e6cbb0c5ff0,0.7140217348,0.3087785113,0.3476668478
fsi_0d13ca6c456b,0.1995907004,0.3038489786,0.4407664932
fsi_1164c767aab6,0.4581986149,0.5419372623,0.4770476725
fsi_fe526882100a,0.3385093861,0.2313910397,0.3653309113
fsi_e441ed17890e,0.3310057053,0.6866515307,0.1333543441
fsi_f00dd8cfc9cb,0.6312057949,0.7665989302,0.7980772789
fsi_440c82337335,0.6630096743,0.551309157,0.7141598928
fsi_a6d65c6fdaed,0.6226100349,0.6561180317,0.7378671996
fsi_bf1297184952,0.2007839023,0.3739906727,0.08098917499
fsi_7c6e9a303e2a,0.5793949246,0.3574873061,0.3665687217
fsi_ea466043bc9d,0.6417818106,0.6711205811,0.7263559392
fsi_e4b748c6d084,0.4302675995,0.7922152786,0.7951716666
fsi_5af51a22493a,0.6554501057,0.7019582726,0.7431433474
fsi_e3f6871ce65e,0.4628669486,0.5276532748,0.5240794008
fsi_89be7d993435,0.536710191,0.5003790178,0.5175325762
fsi_c62f40141b7a,0.6383854523,0.7891880307,0.7775873857
fsi_1a1d50f5b17c,0.807359575,0.4159417858,0.6220152902
fsi_f2b570a23185,0.5944231439,0.7678828737,0.7385672174
fsi_a32be5506422,0.7157068258,0.6632427137,0.7377975132
fsi_29a3d542d6ef,0.8022098032,0.7492176642,0.878656663
fsi_3c71d84f2a09,0.6037953577,0.7538504617,0.8027779396
fsi_7301b15ae377,0.06669858335,0.09534216354,0.004441706746
fsi_d57526d8502b,0.8999232138,0.6376712402,0.649715001
fsi_6a0dd32c9bc1,0.6787046605,0.6484951408,0.7468306883
fsi_c6d659c96bc4,0.7423812638,0.8363753301,0.793593213
fsi_113a5d8d8d08,0.3692713758,0.3790244996,0.3637860076
fsi_c00e2de0bffb,0.7313099031,0.7583595936,0.8357243745
fsi_c0d3469ed821,0.8058507168,0.1969752871,0.4286919812
fsi_f1a5fda52b21,0.7388811909,0.6718580724,0.7719204074
fsi_32d012bb774c,0.7586455508,0.1836394182,0.3674349705
fsi_7afdaecc773f,0.1305967979,0.1354830027,0.06661224741
fsi_361b84855b75,0.5987250407,0.8889590399,0.5850837161
fsi_cae2ce07a226,0.7315004168,0.5970804309,0.6814110977
fsi_6dca55d17e38,0.7666710542,0.7812276627,0.8311975017
fsi_b5c9b595e1e2,0.8984512141,0.8955807333,0.8120307482
fsi_82bbd6148127,0.5825834876,0.8684515148,0.745667809
fsi_9e3e84779b4b,0.7602705456,0.7801222817,0.7600804458
fsi_5001ac5c220a,0.8348186539,0.6581208809,0.8202109909
fsi_27c054faf30d,0.6570561325,0.3922817293,0.5522958652
fsi_99c985576e14,0.6311425155,0.6589613704,0.7225208462
fsi_7de0cc716cb7,0.7829144007,0.9477315129,0.9578006522
fsi_7176d26bdde5,0.8306060451,0.7181167581,0.8569564998
fsi_25699b6bec59,0.7127595863,0.7497668806,0.7252613837
fsi_61d6cbab4594,0.7560497895,0.9625087752,0.9760669164
fsi_5e98a8b3b396,0.797505332,0.8177750735,0.8462216779
fsi_2e1589e21e01,0.7426629258,0.9708895856,0.9458100451
fsi_e7d688b49031,0.7434073459,0.9600347973,0.9574189073
fsi_c379b95c3292,0.8393937992,0.7409308611,0.9403599509
fsi_a9b0daebb953,0.8581997537,0.6424420438,0.8155051139
fsi_70f8ac39b5a9,0.4863006019,0.1474905136,0.1809787437
fsi_5fee82e11a3d,0.7487254083,0.965660642,0.947900094
fsi_7fa98309ed47,0.7418807398,0.7764930914,0.7297075827
fsi_afa26b4612bc,0.6914416474,0.8081442623,0.7485996527
fsi_f247f16e5711,0.7302828259,0.7535043552,0.7138159315
fsi_d4b930950a54,0.6797961742,0.9522056006,0.9725577922
fsi_05696f47fc49,0.3927601028,0.7394010353,0.8467359409
fsi_10859d1e7686,0.7433907915,0.9574288723,0.9486094277
fsi_82a4d06ada56,0.9983056962,0.6922377647,0.7661236208
fsi_f8a33b1dcc90,0.3934601739,0.3370992652,0.2656478624
fsi_75f6a21326eb,0.4906115485,0.3553496754,0.4644100237
fsi_fd39b688a277,0.3223320047,0.6578250051,0.07267827879
fsi_034322e7f683,0.6809551949,0.3620926765,0.4180716658
fsi_e36b65aba872,0.6928807934,0.9571691274,0.9638631282
fsi_bd36c0eacddb,0.967382149,0.6660914804,0.7690210542
fsi_5d39baa53e89,0.9271756248,0.5304770188,0.6734305131
fsi_144477e6ad52,0.7582966165,0.4249943526,0.5883991196
fsi_8261eb848d1a,0.6369462448,0.642524457,0.7446876032
fsi_03cf1e02390a,0.6733773475,0.9524322352,0.9539216421
fsi_b97697816359,0.6340274275,0.7581916278,0.817283612
fsi_af1eb9199988,0.787687919,0.8348514831,0.9701422201
fsi_3b9a8e49215b,0.6978716465,0.8501591593,0.8415655091
fsi_51a88ec22826,0.4633208117,0.4855229449,0.4507074023
fsi_077d0149c40d,0.3352306143,0.4438220888,0.3662779304
fsi_64048ac6afa5,0.7172353001,0.801134977,0.8159788848
fsi_f258f57c6187,0.9243840359,0.7993358015,0.9005351247
fsi_5e78f365be37,0.7053466601,0.6400126286,0.7767514306
fsi_bd53cd39a98f,0.6854114839,0.3149653775,0.3884524408
fsi_15810a56c440,0.4818247752,0.4724397967,0.4770010636
fsi_83c2c5a5398a,0.759707954,0.3623965414,0.5459909706
fsi_f763aaebac3f,0.6397477187,0.4921852812,0.6860232935
fsi_30b43a2ee54b,0.6606739893,0.9466919922,0.9473220415
fsi_94bf15c09d72,0.7531406116,0.6612519194,0.8317701214
fsi_a372fe37ee38,0.6645345284,0.9522728998,0.9562719583
fsi_8e7ceb05152f,0.4179759234,0.4346831049,0.4052296125
fsi_d52add5f4ff6,0.7329924516,0.4885525379,0.6846042298
fsi_c0b0ab3d0d29,0.6704357498,0.3017932,0.3946802347
fsi_d801de8bb02a,0.683271061,0.5344167854,0.6210472581
fsi_aa53e589ac93,0.4200536043,0.4332563887,0.4033006675
fsi_a9aee7d513a0,0.9702155957,0.7455750559,0.7884709576
fsi_e671fd0c6928,0.1789844791,0.4610114237,0.01646754353
fsi_08d8cf1b8f5a,0.7472511146,0.3434966143,0.5466807737
fsi_a29c6d9d7479,0.6623167951,0.9486511977,0.9507629616
fsi_d9084136c190,0.8592009866,0.7827124697,0.8620361044
fsi_eb218b654b23,0.4103063492,0.6269902941,0.3669259397
fsi_195a627bcd92,0.6857149256,0.4039128167,0.5299999652
fsi_60372ed5d689,0.7022885651,0.4589946069,0.5599630885
fsi_c4fe97e0a9eb,0.4340544909,0.4211714308,0.3957830169
fsi_8e04769c48a5,0.5998804096,0.4358277201,0.436532461
fsi_61763b3399c8,0.4144057767,0.4043407061,0.3809984802
fsi_cfd3048e8fa8,0.6655643543,0.3763905436,0.5333905177
fsi_d313cda4ed70,0.5502368116,0.2554988478,0.2060078545
fsi_c1ce7ac633df,0.5709705414,0.2747451407,0.1985301407
fsi_cffc5ad003c1,0.7541366051,0.1575393204,0.3662944717
fsi_c49924024f38,0.6493782029,0.414617567,0.5027989518
fsi_57654c37e38a,0.6114805608,0.5455973049,0.5821432191
fsi_9221057f65cc,0.5851934857,0.3147631134,0.2115289343
fsi_bad63de94d07,0.6651163786,0.1178628101,0.2249678352
fsi_acd8a1c88992,0.9119096563,0.779011431,0.7953104271
fsi_3e7955d5ede7,0.3084489387,0.539486292,0.2080713332
fsi_6263928f50c6,0.8117460454,0.341577966,0.5550874721
fsi_3447692826ea,0.2241966276,0.3338965905,0.0510458494
fsi_09f21924ec60,0.6586307696,0.502057757,0.6615602782
fsi_372018dcf84c,0.7203549117,0.8300049348,0.8889825484
fsi_d69d4bec6118,0.731902684,0.3321093063,0.4430640397
fsi_74f73ba6ea21,0.8288345406,0.5128918622,0.7064110456
fsi_0e67c359692f,0.4985030387,0.8253177026,0.8368847906
fsi_9cceb54999db,0.5136941815,0.8348352381,0.83023833
fsi_282bb653e77d,0.518041677,0.8441652654,0.8351678064
fsi_a3e787253270,0.8773328525,0.6904511834,0.8107659839
fsi_f62c4e3db554,0.4959991432,0.3578042728,0.2155504466
fsi_3a2fb3b123e8,0.5262733307,0.5306674553,0.563091308
fsi_def6bbadec13,0.8459488402,0.7684897448,0.8985059285
fsi_e324362b9ad7,0.7644402306,0.3548919206,0.5505794039
fsi_f33fec60d685,0.4752500285,0.8309078675,0.7931093993
fsi_9536c89c46a2,0.7514432541,0.6788752745,0.7854018331
fsi_e8a0659c3f0d,0.7814452683,0.6918836923,0.78111279
fsi_06ab57e0b17c,0.9324763456,0.6537666032,0.81939204
fsi_2b5b9b397797,0.4793687334,0.8288506588,0.8412925294
fsi_68f40e1ca92e,0.2847651105,0.3999794562,0.5354306069
fsi_21639cbb26c0,0.5415826582,0.3420003683,0.2822652426
fsi_271f9ac936d7,0.1007553356,0.1753194109,0.003730790703
fsi_d17268aaec7d,0.6162063503,0.8765267642,0.829042946
fsi_924ab441d19a,0.2766890345,0.3813052073,0.5351068732
fsi_ae8e235232e0,0.938655761,0.5801476358,0.7762983505
fsi_aec8bd79f1de,0.6441677698,0.2798189301,0.2596531944
fsi_b2f080858f7a,0.2414774293,0.2488296915,0.3753211688
fsi_77594a1d2b42,0.8059075767,0.7205423744,0.7996157832
fsi_6517a6966407,0.5280029324,0.8424104581,0.8604346741
fsi_34b9268842ef,0.2769501531,0.3583061352,0.5191481145
fsi_2b22dab8c70c,0.24882175,0.2850964499,0.4083629398
fsi_b07928b06081,0.6232050054,0.8505241831,0.8375129021
fsi_3463c5272856,0.5902620904,0.1905195109,0.2396044616
fsi_2e97240040e7,0.2061633789,0.4077157989,0.1597966818
fsi_08e5d1b44d05,0.9619961714,0.5549434253,0.7696041544
fsi_685fb2641948,0.2080579041,0.4052319192,0.07873931135
fsi_22b3f04cd119,0.4810192751,0.7696690995,0.5655284362
fsi_dca9e833b2a6,0.5417443639,0.8724145558,0.7596589184
fsi_6c1f2267f287,0.469548922,0.7435886586,0.5764207643
fsi_ebb3022b2447,0.4550600837,0.7240861275,0.602852296
fsi_ef558abd1942,0.7329685279,0.7501450061,0.8117577257
fsi_a6cd9b7d0a37,0.4670016144,0.5965123984,0.5500697069
fsi_44fe7728b5e3,0.6142074203,0.8381670156,0.8515601741
fsi_d770ef4b7063,0.2613150586,0.3105885867,0.4176823756
fsi_4b5a80637be1,0.402198025,0.4847771932,0.4353075045
fsi_2654d8830e55,0.5885681637,0.8838342553,0.8746264902
fsi_50ebd19eaa49,0.7659739096,0.9759589244,0.893309389
fsi_727f3a970ce4,0.5742364127,0.8104346138,0.5358738046
fsi_29720b3830da,0.4745084487,0.5749162047,0.5642285939
fsi_9fe441161fc7,0.2441644314,0.2998809822,0.4570416166
fsi_53c106d8f29b,0.5983969606,0.8066741562,0.5820229984
fsi_e9bca46b08d7,0.9897982097,0.7660086218,0.8497980345
fsi_947d164bd9c8,0.3974699273,0.4847250687,0.4458315396
fsi_4df4a256d515,0.2124620868,0.2434690759,0.1561177655
fsi_be686c01bb48,0.210147816,0.2057568292,0.3317179613
fsi_1da54c6514e7,0.2698624948,0.3030764978,0.1782399637
fsi_65280f1c7cdd,0.4393892562,0.5828202069,0.2520117291
fsi_230a4e1c97bc,0.9479812794,0.7625900358,0.8636166604
fsi_e2ac39274079,0.6551387447,0.9136139326,0.9424916022
fsi_b7a173a2728a,0.8386986903,0.7098591069,0.8174304506
fsi_789d88b90a8d,0.4002816975,0.7292814018,0.4960652008
fsi_49a3018a96ff,0.4042615793,0.4827673643,0.4311470533
fsi_12b2c9bb837e,0.5236482689,0.724227303,0.4487980341
fsi_908d7fd94739,0.4073421169,0.4701016607,0.4241138067
fsi_d49f98169d23,0.140043793,0.1409358788,0.2737577282
fsi_2bf9b01083d3,0.5143831387,0.7385440702,0.4784956764
fsi_ca8342882242,0.6544156849,0.542028407,0.6096596851
fsi_c84750eda8a4,0.3081434588,0.4308534332,0.5653857692
fsi_090ee74ff0f5,0.5106475033,0.7108256537,0.4586060633
fsi_1d314e41ea8f,0.08132593972,0.1705654832,0.007498725994
fsi_104bcbefc167,0.5151239875,0.749065792,0.4948998575
fsi_fd6c1e12363e,0.2808986099,0.3292514585,0.431021316
fsi_325f7c8c18c1,0.6656822981,0.8670757295,0.8893543909
fsi_4f3adee40623,0.7927656878,0.1805314752,0.3883744621
fsi_5931e3cbd6a9,0.1419779216,0.1399830434,0.2776566871
fsi_d77f3490def5,0.4399152796,0.7536180601,0.6512785532
fsi_529e9eb5d102,0.8254396137,0.5562009093,0.7747143332
fsi_597a2cbe13d6,0.9735529577,0.6780924732,0.821412275
fsi_430d3452f390,0.9553975772,0.7074359239,0.8782183759
fsi_dd57bc608a9a,0.6486125801,0.4628955557,0.6330944278
fsi_460012268db4,0.2727888975,0.3549178525,0.5049949651
fsi_da5246dc0ca3,0.7501132257,0.7367372091,0.8371125976
fsi_32d83fbaa6d8,0.9920228134,0.6410527377,0.815168164
fsi_ebb203d0ef2c,0.6868012985,0.5586817096,0.6079183731
fsi_4a62720a7155,0.5330391987,0.7797304091,0.7032124149
fsi_c1545a9e2887,0.2541491293,0.2698421462,0.3886579776
fsi_c7226867c045,0.7344209784,0.9382965932,0.7468933034
fsi_2857228cea4e,0.1336137828,0.1255758196,0.2536406837
fsi_c3640ea45665,0.6692444403,0.923900056,0.7239690682
fsi_b166c4c0469d,0.9388438596,0.7439153501,0.8501291797
fsi_91f34f1375f6,0.7018064091,0.1791711563,0.3249285386
fsi_910776993a6f,0.139779421,0.1296513786,0.2651392816
fsi_17e08d951e6c,0.6824484915,0.5844899233,0.568920277
fsi_26e0ec80a0df,0.5076754102,0.7595013833,0.8547096404
fsi_602a0712c9c2,0.09628965086,0.05880847175,0.127085853
fsi_6b3d1fac23f7,0.7328976668,0.1490632063,0.3398270315
fsi_49df9c4f2d03,0.7122525231,0.5915371868,0.633355672
fsi_5212cef31a03,0.6983732981,0.9362865478,0.7124890979
fsi_b4b5e15798df,0.6626578068,0.929067473,0.6790318125
fsi_a2973ebd9a15,0.6849222298,0.845006279,0.8541749967
fsi_94fa84fee38d,0.6846004272,0.9284515579,0.7122751014
fsi_6416822841b0,0.4318098551,0.486404818,0.3353675629
fsi_e488a4a6bbce,0.9108873426,0.8133999312,0.8716722931
fsi_99c5a949afcd,0.7139613553,0.8631485742,0.8457818975
fsi_a0b340a636dc,0.7041561017,0.5770482865,0.4071310187
fsi_e68a67bc7ba2,0.7375404535,0.8878059316,0.8538875545
fsi_bacf54ce95be,0.6879405672,0.9311666421,0.7900955668
fsi_9901b9cf0508,0.1355316851,0.08623892132,0.1549406554
fsi_8961f66d49c0,0.112910692,0.09877900974,0.2167910638
fsi_c6426dcb46f7,0.3903995703,0.6065238618,0.181140296
fsi_fc735220c5c0,0.3430814063,0.4855643002,0.3049072712
fsi_526dcc90eae6,0.1981067451,0.2451890099,0.07727267961
fsi_623621582374,0.1549973769,0.1032336298,0.2140706522
fsi_e0b4e0af712c,0.6105915546,0.1206381732,0.1882468191
fsi_47de76217529,0.162181932,0.1211866144,0.2392225281
fsi_3ddef1325f1b,0.6560060732,0.8983525923,0.8269920203
fsi_96ce0c8dabd3,0.5125728219,0.4257836071,0.4715802524
fsi_324372d548c8,0.7148500681,0.7738336952,0.8073421439
fsi_a14068bc9eb5,0.8199069479,0.6265194602,0.8215113753
fsi_378646620c2f,0.7702978784,0.8904642621,0.863669215
fsi_dfc41da68f26,0.4984651872,0.3989219713,0.4832081466
fsi_1cee6f6e57e8,0.2503786919,0.4201184853,0.1504402006
fsi_99f22ae91f34,0.6300996291,0.6025406459,0.6313410924
fsi_350740e2de74,0.1638512521,0.1269397784,0.2416786236
fsi_b29da24d24af,0.7295690622,0.5962700341,0.6704394446
fsi_c4b492e00277,0.9308368463,0.6935850174,0.8110452769
fsi_5d0fec867cca,0.1541369213,0.1538781433,0.2946551809
fsi_8dc79a0a7b9d,0.7970214509,0.900747036,0.8513404636
fsi_3e841c7ed7fe,0.9348984813,0.6380536254,0.7783508466
fsi_be6d5fa50d3c,0.7772892573,0.5298696872,0.7489663717
fsi_0222f61113e8,0.4311051714,0.893631956,0.9823899674
fsi_e0076f060103,0.8014090026,0.40679201,0.5891197973
fsi_96e1e3e87404,0.1826691646,0.360799148,0.01706026577
fsi_e522ed16593a,0.9061192609,0.6659456697,0.6873106894
fsi_67618af9c154,0.9925483002,0.2740499629,0.4210383915
fsi_67d586d8ab4a,0.542083634,0.7109263612,0.6041140531
fsi_67931731ade2,0.8799812266,0.6424827613,0.6976679825
fsi_254c3be11757,0.5487741398,0.7505181914,0.6082647213
fsi_b43c0ce9e72a,0.7878587991,0.8667212625,0.8802263923
fsi_9a3e1f0c072e,0.9940950583,0.7694176908,0.9022496219
fsi_846d2d1f653d,0.6752869171,0.8888726344,0.8844792691
fsi_df4587a06f05,0.5138738115,0.3726418209,0.4774468485
fsi_c9c2630143b9,0.8749492186,0.6435436446,0.6723964617
fsi_cbbcb631a038,0.5280689777,0.6875712428,0.6224254433
fsi_dd4be0273c53,0.8183902518,0.917347908,0.8551455497
fsi_3a165774ab71,0.358446815,0.6421545076,0.1413808254
fsi_cd17cffc5dc4,0.9545174172,0.6236284453,0.7796918645
fsi_112c300e5614,0.6415670132,0.5884522608,0.6636182474
fsi_2738a88941d0,0.934331933,0.7144688861,0.7062815005
fsi_5a376b401f1b,0.9815775015,0.7736823493,0.8474602736
fsi_0a83e859f03e,0.4837851747,0.7687999444,0.5702105244
fsi_c4baa5fc3835,0.1404799123,0.0797854967,0.1143771308
fsi_d18ab20e60c3,0.6455276261,0.6449736404,0.84110198
fsi_def67b01e242,0.6805901662,0.7909891677,0.8303701142
fsi_f095501f7c31,0.915823763,0.5029708985,0.5837035493
fsi_08f1afcb9d5c,0.8269322085,0.7494926884,0.7106947519
fsi_d947cb1df886,0.9349746555,0.4770030115,0.6165205218
fsi_e7c1da77c86d,0.8832262719,0.4862202452,0.5710349135
fsi_12427f36f8b6,0.1273288091,0.115236988,0.239813042
fsi_7f668704cf78,0.9077044454,0.4951585121,0.6173458208
fsi_db9f72b493f7,0.6897307767,0.7399385727,0.8159891086
fsi_db4bc335832a,0.5199138973,0.7600989767,0.6894552552
fsi_215d46ee55f9,0.8622246895,0.6461961805,0.8036231478
fsi_6402f1309399,0.2441644359,0.4552901826,0.1430367616
fsi_4c75e29f4b07,0.624322512,0.844746113,0.8074733887
fsi_85333c790e89,0.4193650451,0.8805142055,0.9764561562
fsi_ee73a2ee8b89,0.1328868118,0.08339852466,0.1847964723
fsi_880d821c4fb2,0.6648995266,0.8185252303,0.8750922055
fsi_426e445229d2,0.8561079244,0.6283292226,0.6596734556
fsi_17f5d5d02878,0.7232894714,0.6410436647,0.7935239972
fsi_3a650a271db4,0.9069219555,0.5571871075,0.6558939031
fsi_8768b0f3a0dd,0.7353053247,0.9058545152,0.8282260425
fsi_712d7eb3f00d,0.630831393,0.7213046674,0.8458724292
fsi_222dc86fb6d9,0.6807269585,0.7231347316,0.8226765597
fsi_3745bf940cf6,0.5892200813,0.7040984421,0.6911090711
fsi_74711c9c57f2,0.8412243271,0.5082539839,0.5964185265
fsi_2b7c3c2aa8bc,0.7713546532,0.635526405,0.7853094366
fsi_c7bb69964b63,0.9843053278,0.6662354645,0.7488638222
fsi_edd0390d1a25,0.7742110826,0.5258921085,0.7120154878
fsi_a741d1d1385e,0.2999888498,0.2370240282,0.3664278564
fsi_25d300619c93,0.9451318744,0.7454464619,0.8683652045
fsi_ecea077c4400,0.8137505866,0.6358649407,0.6983418296
fsi_d04081924291,0.9292006053,0.3772238871,0.5656475628
fsi_3b321c5bb466,0.1247102548,0.2317369156,0.04609188071
fsi_6282205d9a9f,0.739179174,0.6325584731,0.7831700238
fsi_f1e877c76d33,0.5930032827,0.7042105563,0.8458971585
fsi_5b0ae2d12471,0.855334648,0.919247222,0.8895134924
fsi_e402f5865068,0.1798042818,0.1346802959,0.2516582846
fsi_9b50153caf8c,0.5092549463,0.524887209,0.69597802
fsi_6ef28581881c,0.7394211642,0.6171870545,0.7724835385
fsi_538e123d1e93,0.7174728574,0.735516644,0.8459858465
fsi_547655ea387a,0.2983357584,0.2288300675,0.3741771447
fsi_b019b9a3bfcf,0.625734398,0.7189172757,0.8516650588
fsi_a7a9aec04b50,0.9634792958,0.7579629852,0.8726436093
fsi_9ea9da6e4ddd,0.8674333094,0.484160983,0.5669367711
fsi_55aca19bda76,0.4496507356,0.3260593784,0.4498976375
fsi_8d24159837b4,0.3460511207,0.5868844022,0.6363957859
fsi_ddb554b02a84,0.5772045184,0.4846160616,0.5144024503
fsi_cc0ea444835f,0.179125503,0.1695189309,0.296322698
fsi_d70a3b72dd25,0.7581381402,0.8322240544,0.9072845191
fsi_01a49d8ba4e7,0.2349104595,0.2765834956,0.1434183476
fsi_b55c648462d6,0.6089359191,0.7101610813,0.8376935969
fsi_4c0dee410189,0.1641124101,0.1408615009,0.2503046026
fsi_15d0b226d560,0.9608773074,0.6921478894,0.8441343536
fsi_c64278d1cbbf,0.898794651,0.7375005634,0.7853219658
fsi_240b81c0c39e,0.1232642981,0.09994828976,0.1719313314
fsi_b805bff574e4,0.6492845064,0.6950787164,0.5760762915
fsi_f198583e2163,0.5380208892,0.9162887029,0.9823421553
fsi_b5c902267b23,0.6824565527,0.7880712097,0.8956655621
fsi_7ecc72332b02,0.3338463584,0.5610780553,0.5546677495
fsi_c6151388f932,0.738236424,0.6205778044,0.7763793683
fsi_9e3ea01d6f23,0.7172962271,0.8139497928,0.8936377315
fsi_f5b30dfd49fc,0.7438794163,0.9002829562,0.8833389506
fsi_66a486b910b0,0.972784094,0.4962335584,0.7084925313
fsi_770c0f9b5870,0.7587268392,0.424393847,0.4221616811
fsi_413a3b6483a3,0.1765994745,0.173872392,0.3033008133
fsi_34a44811f0e9,0.862381482,0.8483497795,0.8872369299
fsi_fec839523496,0.3072752369,0.2165025655,0.3703864846
fsi_6bbf623c2f1f,0.8732647376,0.5010974829,0.574748785
fsi_4eff94202c63,0.1828945181,0.2005403326,0.3384172709
fsi_f2bacf9552bd,0.9417417794,0.6674007088,0.8418093782
fsi_14bdd1dd66d8,0.8667341257,0.6489774331,0.6810196982
fsi_104a61227cb5,0.04881276896,0.03026816846,0.08130875499
fsi_77c8e411de2c,0.1641717416,0.1103217694,0.2237661996
fsi_7b944e687d3d,0.1913948965,0.2105244165,0.3502320238
fsi_818930bb3cc5,0.5175708009,0.569360157,0.6699448445
fsi_1645a0a3e3a4,0.4798843939,0.9116721166,0.9926763574
fsi_d6c1277d0276,0.9181292063,0.7673712449,0.8636297847
fsi_17c8e4cb1a4d,0.501107796,0.4016370034,0.4942298809
fsi_dc55158c00b4,0.8537494361,0.6328663264,0.6542002967
fsi_af1ebcdfa5de,0.7100356573,0.8004202447,0.890976484
fsi_9956d1af95fe,0.7955957945,0.6302573889,0.7800867021
fsi_a0a171a77b14,0.8412774985,0.5240840682,0.6731289881
fsi_62fcb9369b6c,0.1973360268,0.2186659015,0.3634104568
fsi_f85c986cd773,0.7922753582,0.4541523251,0.4177705505
fsi_e0ea375efc07,0.8894052835,0.7336047875,0.8633885828
fsi_52486cb346f3,0.9453997149,0.8226089113,0.8816028938
fsi_d08c5cd744b9,0.9442996919,0.8045116749,0.9219246477
fsi_59c500d1c75d,0.4347832983,0.8821554125,0.9782914501
fsi_a68609733512,0.4186358035,0.4953172737,0.635068326
fsi_caab76d0bad7,0.7205901785,0.822501008,0.8854330786
fsi_985dd7862d63,0.20404844,0.1948189651,0.3243789742
fsi_2839959135cb,0.6165366761,0.7239309501,0.8405149656
fsi_4fef62890a5f,0.1246672482,0.07509553266,0.1703788254
fsi_d51902e4eeaa,0.1763947686,0.1542214661,0.2556122695
fsi_37c85cfc0c6c,0.9830545982,0.6300624499,0.6785930687
fsi_fd2f1a601016,0.870537608,0.2785672189,0.5020063329
fsi_7b3f1ea1d930,0.67260962,0.7545414129,0.8514706036
fsi_378d020fa2a2,0.943933655,0.6672771106,0.848588124
fsi_fa3f65c5f7a3,0.9249445663,0.5075463646,0.5740114652
fsi_3efbf57224f2,0.9924611217,0.8399074053,0.8557046196
fsi_cb005b640ae2,0.1845756891,0.1746052136,0.2900163463
fsi_094b0ae11ffb,0.8175079076,0.8725401711,0.8802826899
fsi_2d89b9f1e06d,0.4224987947,0.5185520191,0.2741605447
fsi_8085ff19a617,0.3220094333,0.4813162005,0.2002949306
fsi_3aa505518047,0.911671392,0.663827946,0.6550271811
fsi_fd506d14353d,0.953532507,0.8206329598,0.8405427551
fsi_102bb891865b,0.2060786213,0.28407764,0.05948353117
fsi_4a671037071f,0.9421299451,0.6123039966,0.7316440553
fsi_695e4de42908,0.5829678927,0.4506859654,0.6129407863
fsi_7dce1733821b,0.1953245343,0.2133747054,0.3415477626
fsi_357bacc30c8a,0.6008539126,0.4686331457,0.6275766115
fsi_f2e8498526a1,0.8095432547,0.9586353802,0.8837486922
fsi_405826555c97,0.7170865991,0.5188300969,0.737116261
fsi_8c5d16210dd3,0.7943693074,0.8681748395,0.901811567
fsi_2189f809e2a3,0.8221326313,0.5111139734,0.4385800943
fsi_687bcd59c418,0.6502308748,0.4042101446,0.5556626562
fsi_969b76365499,0.2114632655,0.2314345515,0.3736060816
fsi_19c5728dabcc,0.8958306986,0.7914854139,0.8375706938
fsi_98ac93564035,0.2807941321,0.491420239,0.1377731927
fsi_09ff8982f122,0.6149231816,0.4363355013,0.5666738619
fsi_c8a23f77dc71,0.3497762911,0.4355048271,0.5801681708
fsi_32cd376c5abf,0.05577477892,0.01979250572,0.05468047602
fsi_fcf489735c6f,0.7645042667,0.9531158811,0.875084286
fsi_629678da7eb7,0.2794457041,0.3117792158,0.4990372843
fsi_b16f483b01d9,0.9505131437,0.7214258522,0.8772616016
fsi_2cb6b146f074,0.2804273474,0.3457163453,0.5339594532
fsi_733559735d57,0.2609277159,0.180152469,0.3331500068
fsi_334b7740cd93,0.7633228526,0.9533622862,0.8546481241
fsi_397594116c4f,0.8983583537,0.842314408,0.9289308136
fsi_b323f03cf696,0.2066235727,0.2300276798,0.3664628828
fsi_018cec4b14dd,0.2931480031,0.3679296174,0.5470094607
fsi_ccaa086fe114,0.2580254471,0.2801476116,0.4561319333
fsi_3205792950a4,0.7769398313,0.9543676216,0.8636912893
fsi_024b99e4dc94,0.2860498663,0.3285209705,0.5143575006
fsi_44a2c9963a1b,0.7413456988,0.9004297249,0.8650785471
fsi_ea8ba9b71576,0.3481574565,0.2791250448,0.4135715319
fsi_7239e0789086,0.5604559195,0.77103206,0.4505445657
fsi_bfd91f95698a,0.7632043061,0.9090843886,0.8547786018
fsi_dfda01059698,0.7276605455,0.6545171151,0.814744011
fsi_74356052d545,0.770879449,0.9514364228,0.864373379
fsi_05abd010a918,0.7793995845,0.953356973,0.9136021188
fsi_f51aefbca98e,0.8355702387,0.606379292,0.7868972227
fsi_e1827beb2651,0.7781243403,0.9206942403,0.8593077687
fsi_092fcdafc89a,0.830988291,0.8385626271,0.91680767
fsi_8532f2785cd3,0.258890559,0.3937896069,0.5374887791
fsi_32b5f9d35323,0.3758259561,0.8457588932,0.9708566264
fsi_a78b36082930,0.8081575682,0.6355639802,0.807860058
fsi_089ee984d709,0.4338343837,0.6923884791,0.6013336302
fsi_bf25b3b487ca,0.9469278675,0.8258906858,0.8310776398
fsi_8f4967737f4d,0.1509447561,0.2843405649,0.04148481911
fsi_5ef18b491688,0.9581764893,0.9474559068,0.9715260011
fsi_b709c02bdad3,0.3157862874,0.3996382991,0.5789925488
fsi_adef55428599,0.6940230042,0.5207157248,0.4269709433
fsi_6c9ec9ebefe1,0.8979882272,0.922668421,0.9225576099
fsi_5e3368532100,0.9570608806,0.913071825,0.9631772586
fsi_a03a0fcaeeca,0.9026702521,0.4876572151,0.5129079578
fsi_c15279e367cc,0.8744374174,0.9085962472,0.932592613
fsi_4cdff9a74bf9,0.7129262472,0.9103882519,0.829360341
fsi_06107178cef7,0.3827630051,0.6279574974,0.5014285506
fsi_1a3d9edb6903,0.9008826163,0.4108957795,0.6091888408
fsi_f7f9509af182,0.8302776435,0.6277177385,0.7912127678
fsi_a29fcbea6d50,0.9236726878,0.9453940016,0.9219003988
fsi_9c018ce32f33,0.8787090732,0.2724090681,0.4805443114
fsi_36b615bbb3bf,0.970911136,0.9019779314,0.9650019166
fsi_9f4c39924572,0.9435870115,0.8015885785,0.810844291
fsi_f1e2c21937ad,0.8054650979,0.9197527482,0.8867224983
fsi_e4eb639f40de,0.3845321832,0.3831011551,0.5714549386
fsi_3ac0d17fe017,0.7765761248,0.7649788687,0.8686412295
fsi_c0999b038e62,0.4833278642,0.7556537356,0.8437050176
fsi_d5c51bdc4dd4,0.9463799338,0.9711132944,0.9662936145
fsi_26239087efbe,0.3022570934,0.2213109629,0.369225816
fsi_a1d52ea15d8d,0.8021301914,0.9188926271,0.8889692449
fsi_27702e34a840,0.7238499125,0.908720341,0.881503988
fsi_7c728c821048,0.1455966702,0.1684211414,0.2890853894
fsi_dcbb76c120b0,0.9564337757,0.4517549957,0.518003731
fsi_28162e2932d5,0.9581528436,0.3968831306,0.4803323817
fsi_2ade4240bb67,0.9802685608,0.3825565278,0.483217888
fsi_e96d24e3b8dd,0.9741962727,0.3794086577,0.5648232219
fsi_d0a6a8be51b8,0.8018541209,0.6303630784,0.7925726718
fsi_96f3b7ab2d36,0.9747130772,0.8474378879,0.824119925
fsi_949da5a855f5,0.5973649998,0.799798398,0.6090124298
fsi_3757f2df4697,0.2976035661,0.49433173,0.6452068539
fsi_f182e2510f83,0.3882757238,0.5571739459,0.2159687072
fsi_360d54b1d4b1,0.764652217,0.5196136811,0.5200057771
fsi_e8fa5f98559e,0.8232906784,0.620176099,0.8026679142
fsi_de97fa8fa93f,0.7334936108,0.3581821083,0.320829594
fsi_af520c1ea4a9,0.88168971,0.9117290045,0.9718104322
fsi_309dab53e550,0.8744043538,0.8711200716,0.8365245418
fsi_016891f727e1,0.05687354068,0.0255642785,0.07295619383
fsi_b8786a6894aa,0.6302805574,0.804444429,0.9337325295
fsi_905b3faa0584,0.9914556865,0.9375682644,0.9630217667
fsi_dc2ef6ed2762,0.9827115155,0.9667852099,0.9888300442
fsi_9bba8671c282,0.7615566183,0.3819771625,0.31400555
fsi_69cc729746ad,0.8862690758,0.567954615,0.7735515005
fsi_38a01e666f58,0.5941170566,0.8030813174,0.9229382352
fsi_e6979a3d5687,0.3230426761,0.2838295335,0.4379168671
fsi_e3bc3fc648df,0.3946964878,0.6974064996,0.7516966393
fsi_9ce70dbe571d,0.9005209553,0.8962288193,0.8688396485
fsi_9da618c25b27,0.4742155244,0.4424776884,0.6155174232
fsi_f5d22ad59d44,0.7864463408,0.5531384398,0.7084819766
fsi_089d3d68557f,0.7436419745,0.8043573497,0.9408977498
fsi_2d1bccc8a6ea,0.7788113308,0.7714036226,0.921907528
fsi_b84bc7c38467,0.6214423132,0.7973116418,0.9252296068
fsi_eec7e9c1ba73,0.9067880073,0.8726095036,0.8269682505
fsi_f6f9c5f318d1,0.9163018048,0.8902705615,0.8393132659
fsi_fc629e3bca81,0.3241685042,0.2825351586,0.1117098738
fsi_80582b38ff15,0.6943223123,0.7088130948,0.780003514
fsi_a2ba7e215c1f,0.7893956319,0.4320490859,0.3335385115
fsi_ff0a659dcf8d,0.8696759553,0.9400578059,0.957784027
fsi_fd5a6efdb187,0.9370603686,0.5263713867,0.5476085934
fsi_8eaa44125f81,0.8957742723,0.8388139166,0.9271065475
fsi_8886a6cc37a6,0.5157461417,0.6940914242,0.7453411631
fsi_29f8e5b6623c,0.8089619187,0.8237832465,0.9473791113
fsi_b438474acd5f,0.5220613069,0.7439610261,0.7879301257
fsi_731317c3d57b,0.5033437033,0.7181415358,0.7952853887
fsi_432fdfe93517,0.9734791437,0.3754343546,0.6184090466
fsi_e708910ec04f,0.5483955866,0.8271328946,0.9353388476
fsi_654653988941,0.4735310952,0.6177521928,0.7059686434
fsi_3fa6be2b0635,0.8996137983,0.4240105009,0.5386061747
fsi_cd462ce1c80b,0.5206101713,0.8100160665,0.9229255626
fsi_1025ba567090,0.5018525078,0.6851226195,0.7718069173
fsi_8b4df2ec96a6,0.3554755941,0.5485998605,0.5588799794
fsi_b09ba036bfd1,0.9902314818,0.5033274804,0.598902184
fsi_bb91f340fdbd,0.8139028007,0.897641448,0.8580579563
fsi_7f4e248f1e3c,0.4244320727,0.5980086342,0.6714242969
fsi_5323d263c2d9,0.1748940524,0.2353278997,0.05757937158
fsi_5ada1672483b,0.3728305588,0.4910727556,0.2435347302
fsi_dbaac71e36c8,0.9065050816,0.2877875253,0.4744548214
fsi_3d5643bfdc83,0.6683362235,0.4537852715,0.332503086
fsi_e0f3f6a0abe9,0.7717087293,0.8185319037,0.9462597291
fsi_006e64402685,0.9445659201,0.8612221259,0.9347945214
fsi_433b435325a2,0.5493222376,0.7829905668,0.7969056247
fsi_7356bdea175c,0.6053895471,0.7901217236,0.9239232611
fsi_ff90c9b232b4,0.826205604,0.917289474,0.9211396556
fsi_1ff0fea893b3,0.5444265791,0.8243990972,0.932824555
fsi_db2a77f1e91a,0.1987639267,0.2010516294,0.2978697457
fsi_705908ab515d,0.8449855016,0.935170298,0.9207665427
fsi_f4692497cc2f,0.8068003738,0.9046762474,0.9304260905
fsi_c941df743679,0.4760243189,0.6369068516,0.7457121938
fsi_0ae652f87458,0.5032604042,0.6647578922,0.7329650738
fsi_89916d73db92,0.8587223399,0.4053997564,0.3957148732
fsi_ef2cd9a7a7f6,0.9576311334,0.9436623646,0.9717049382
fsi_07a66ef73571,0.796403652,0.8107370004,0.9429983721
fsi_608ac4160a2a,0.4412962362,0.5712579755,0.6911434902
fsi_273e5f2eaba5,0.184035662,0.2533231786,0.4272965553
fsi_285683d10549,0.1707168337,0.160145408,0.2942846597
fsi_e01e287866cd,0.8357749028,0.8919346859,0.9035450873
fsi_26c9d1920eca,0.7471376424,0.9106916235,0.8859928424
fsi_c2d22c550a4a,0.6913274118,0.780532132,0.9308290013
fsi_97e52efdb7e4,0.4868226529,0.6916226364,0.7833472166
fsi_075077373f0a,0.961052205,0.9131809759,0.9640475742
fsi_9d77667f2056,0.7623023501,0.800918411,0.7794771624
fsi_45b260278615,0.1780526781,0.2413692251,0.414931934
fsi_a105791cc115,0.5309169826,0.7630606335,0.900853973
fsi_e5755aba5369,0.6342631266,0.7955435548,0.933891541
fsi_c9ed692604b5,0.9923414191,0.3585110953,0.5917276116
fsi_f0b87b297c60,0.5286796822,0.8179314554,0.9290446863
fsi_b3c40fbfe7e0,0.8825734263,0.75220437,0.9106765846
fsi_9179979a24c9,0.570375854,0.7973571198,0.9258552325
fsi_d8ffc95e698e,0.7554342387,0.8000706642,0.8696195924
fsi_f3126c734b57,0.978178039,0.8921796733,0.9506107076
fsi_d05a7ae75111,0.5097620017,0.7274465275,0.7851546806
fsi_ce6baba473c5,0.1782354007,0.1864106389,0.3310265042
fsi_08fdeb32024f,0.7366655277,0.4450544179,0.4110943536
fsi_6770932d0bb9,0.1749206074,0.2235166806,0.3933937362
fsi_899438c97195,0.8810468088,0.9636095679,0.9645074233
fsi_63a8ddbd40cb,0.7319325369,0.7732711511,0.8731085932
fsi_df15020dae06,0.5330453504,0.7546746222,0.7792619369
fsi_bbe747e07bd3,0.9896719181,0.3076997803,0.5585629942
fsi_86b52c2e51fb,0.9496792767,0.9018044058,0.9652684797
fsi_38bb533c4fbf,0.579550509,0.7938103207,0.9197315171
fsi_109ff889242b,0.3074695407,0.2911121357,0.4679860938
fsi_b367f9c6758d,0.1872260386,0.202542301,0.3507847697
fsi_f3d41b97d3e2,0.1584956257,0.1406208206,0.2590100253
fsi_da5b4651e9b4,0.5416587699,0.8319341684,0.9364715488
fsi_b0ce2d31162f,0.1571831429,0.1882624893,0.3394795422
fsi_855680ba995f,0.0884808488,0.08106030849,0.009167791976
fsi_b7ca82528306,0.3368450311,0.3326134589,0.4883344795
fsi_9c8ae52e8437,0.5713403994,0.8477503475,0.9436647274
fsi_1f35a195845b,0.5036098666,0.7288650773,0.8722875946
fsi_85af56363c5c,0.9132874837,0.9271955617,0.9589023133
fsi_1a562abdbcdd,0.4400943355,0.580986907,0.3945758223
fsi_04edcc467341,0.4651200346,0.686705292,0.8323145324
fsi_11db1a5e0303,0.2273122433,0.2944940507,0.06381664867
fsi_e9078664a8d6,0.3255949909,0.3138906286,0.4843063496
fsi_a0d3c89e6205,0.8060649537,0.9315237435,0.9536099043
fsi_b66c374202c4,0.9429217215,0.9596951821,0.9868965624
fsi_a10c1268921b,0.9806692703,0.9097964199,0.9712253597
fsi_8d81f3e79999,0.7248986404,0.8163600044,0.7614830846
fsi_4a95cf3fd29c,0.5576754706,0.7862864192,0.9162071651
fsi_7d44ff381745,0.1997814139,0.2754707927,0.454079552
fsi_253149af9b4f,0.3324626573,0.293640119,0.09356987499
fsi_801599847db7,0.2036725488,0.2176584534,0.3690672017
fsi_cac9a5096745,0.7039565519,0.7868953993,0.7828767647
fsi_34469a0e4090,0.1711430566,0.2146037537,0.3781376452
fsi_832e73be8ca5,0.4874754992,0.709144731,0.8551806453
fsi_16df5c58bd05,0.1843603185,0.1764453165,0.3165302705
fsi_5c4468db75e3,0.3323149746,0.2961019915,0.4749772004
fsi_95799265f540,0.8598549575,0.4521890851,0.4953329011
fsi_cf92311ee2df,0.7175381743,0.7561573561,0.7716047078
fsi_8fc4b6837240,0.6774344326,0.9635077788,0.8072846726
fsi_5cde18323485,0.9747255463,0.8982133471,0.9604935373
fsi_fcac2f5d91d5,0.427655146,0.5573285662,0.2576574191
fsi_a0c6f4e343da,0.8926250961,0.5617904431,0.5231899703
fsi_443b529f9f54,0.3532002093,0.3884565066,0.412900571
fsi_963ef2d47f8b,0.5763981153,0.8060996076,0.9289305463
fsi_1a957110cf69,0.8250271254,0.8782058778,0.9498417447
fsi_ae22df7cd16b,0.6217542137,0.8449299833,0.9477354629
fsi_d5ad4f247d42,0.6575909983,0.7019124688,0.7385660616
fsi_c905523030f1,0.8341822674,0.2180099814,0.3516864258
fsi_98406351105a,0.7104424361,0.7804044746,0.7543420045
fsi_54b4dfab86cc,0.9314550135,0.6772389252,0.8440940329
fsi_87cb648e185a,0.1027137879,0.1048687821,0.008057245321
fsi_56c0ca7e2251,0.4791915954,0.7166900681,0.8607940118
fsi_765e37fd48eb,0.7908199425,0.8725334306,0.7541792159
fsi_bc337f6d2b61,0.3000386963,0.2668325525,0.4422700119
fsi_06aa9191eebb,0.8100592056,0.4832559038,0.7367667058
fsi_e5a7c75fc82a,0.979949504,0.7970776202,0.859130087
fsi_8f21ff4521d6,0.6673935176,0.965441619,0.7994958823
fsi_f577a61b0918,0.7105754112,0.8559634559,0.9330002277
fsi_994f4e999f89,0.3828513452,0.3909612133,0.5450329526
fsi_a9fb9dd146ed,0.5281736702,0.7634285688,0.8923028702
fsi_86cbb25721cf,0.9370361679,0.8272327031,0.8608838244
fsi_958df4e4636a,0.0731533908,0.04009508946,0.07196543032
fsi_0e140e76c465,0.950853103,0.6630101611,0.83231467
fsi_637d4a111b6a,0.07767925028,0.06962261286,0.1357095031
fsi_f33e7cf9afff,0.9548775026,0.3332910734,0.5483525645
fsi_e7d6b8163c1e,0.4993732371,0.7422905578,0.8790425794
fsi_a3e196c24774,0.9571625242,0.2225381458,0.3696663961
fsi_851f6c7d0401,0.3317133437,0.3148640344,0.4893429124
fsi_9ae7f6504395,0.4271228993,0.8041079308,0.8965037633
fsi_c392d93a294a,0.8992684411,0.879336528,0.8840880558
fsi_c4ad753647cb,0.7140128916,0.8041447684,0.9115000488
fsi_cd204691e95d,0.7060936413,0.8627478979,0.9423187576
fsi_220db7a89b34,0.7469834582,0.7871554165,0.9037059655
fsi_bd3b0b101512,0.8472512691,0.8780393473,0.9527578559
fsi_066dfe2a7da5,0.7471202298,0.7927458495,0.8818305803
fsi_4067ff5c5d36,0.8661610334,0.9835098109,0.713135462
fsi_431732bd46bd,0.08572226411,0.05636214604,0.1175632214
fsi_c885213763bb,0.9159121229,0.8884235863,0.8916463378
fsi_c5bafe723688,0.7984696177,0.1747794811,0.2686993196
fsi_74b2d0a7f5c9,0.9932279862,0.695267857,0.8628867946
fsi_cc0b0dcdefaf,0.6800926374,0.8543775261,0.9241162698
fsi_089a47b2cb22,0.8800511862,0.6830514295,0.8521928487
fsi_859d1d2725bb,0.8476586205,0.8596286182,0.9220962592
fsi_c27fca8bf2e2,0.9529769335,0.7157982651,0.6244798625
fsi_8a6de4bb7164,0.2241755264,0.3677389779,0.5259349781
fsi_187cf775bad0,0.2478745712,0.3715156246,0.5099869126
fsi_3d908eada893,0.6710424772,0.839046853,0.9321871394
fsi_8fa936b1b3be,0.8627875236,0.9512736653,0.9820949437
fsi_88fec31b5283,0.4193415381,0.602444204,0.6189277412
fsi_cae3e9ed8e7e,0.9991892238,0.9047315935,0.9474333047
fsi_91e3a846e278,0.7778801352,0.9395578576,0.9739539884
fsi_5eeddd15a932,0.2768135397,0.3378403608,0.3719766383
fsi_542fdb435b1b,0.7233769289,0.7112474967,0.8178168999
fsi_67e4891691a3,0.297493316,0.2386981981,0.08901138091
fsi_8a25a1187530,0.1474266539,0.1661582559,0.07791270948
fsi_8edefd8dde86,0.6162066425,0.9665913323,0.9499781448
fsi_ac53e7afda99,0.6326942637,0.9814802281,0.963214948
fsi_3103a963b092,0.7702190172,0.9426676359,0.9231828994
fsi_0c0517776321,0.3817511341,0.4174868933,0.3935331663
fsi_c89a58509086,0.6610518846,0.9890281554,0.9780798942
fsi_084aa124b2ff,0.9365177174,0.6025509962,0.7410627026
fsi_3f99340b7e64,0.8797183005,0.689225944,0.7595467653
fsi_b13405694f64,0.9685005937,0.9831734253,0.9722569697
fsi_421f9665497e,0.7035411241,0.9691152683,0.9802130877
fsi_d0e2eaf0a1bf,0.9256139653,0.9882009782,0.967503333
fsi_b6f60f50b84f,0.5394069448,0.9600159599,0.9885212164
fsi_9c488e963f46,0.6962149338,0.4997149199,0.477792488
fsi_c9ffea68bde1,0.8996913081,0.9854998851,0.9654020112
fsi_1bbb5c7d5ba2,0.4187681299,0.6048364234,0.1503479164
fsi_4ebcad056562,0.7133363662,0.529952799,0.4750039955
fsi_fc5e594352b2,0.7061187152,0.5010445419,0.4563977951
fsi_9145cda02673,0.671981892,0.5728361427,0.4802571583
fsi_5207a0702c66,0.682328343,0.5642727706,0.5352323113
fsi_bcd8f0c36d54,0.7457587932,0.5110386385,0.5077564313
fsi_702002acf8c4,0.869920359,0.995330996,0.9824499294
fsi_2697d1e25ce9,0.9801627877,0.9556268923,0.947450314
fsi_afd19dc880ea,0.9899638599,0.9604686295,0.9581572205
fsi_79793125a094,0.7414151715,0.2794581192,0.206733425
fsi_ddaac7f5a3de,0.7610376545,0.3332500541,0.2051724629
fsi_913a3d931b00,0.7505970468,0.2929960234,0.1940393344
fsi_057b209981a8,0.2596284178,0.3953605725,0.00920220367
fsi_a688ce3ed9de,0.6933105028,0.3830095458,0.210501821
fsi_bea72a7a53c2,0.9541361187,0.9660496539,0.952724223
fsi_17371605f7e2,0.741531543,0.3579688269,0.2746083336
fsi_00f28b4a8d55,0.7567577624,0.3310453159,0.4566210409
fsi_68f779e16674,0.8286918101,0.2796861047,0.2426647764
fsi_134a9b225f10,0.9287782882,0.9755944727,0.9565521686
fsi_59387423003a,0.8633724545,0.3466727962,0.3911962911
fsi_7ef0543beb79,0.9648092624,0.9648279384,0.9760926686
fsi_7becd8d3fd5c,0.7514464887,0.5968869836,0.6523281572
fsi_41c6399ab3c9,0.8567756336,0.388061316,0.4691235186
fsi_90d9b587c1c5,0.4496439169,0.5318260593,0.09259324894
fsi_2fb999620264,0.8070172251,0.4164438655,0.4080144392
fsi_e7efbb8dc2d2,0.8699070204,0.2984398408,0.3615281248
fsi_a2f61825f601,0.8676110208,0.2903584297,0.3742131748
fsi_2eb3c3dfa9af,0.7008757829,0.9608753678,0.6436982377
fsi_d658f2a0d6fe,0.9228180895,0.3039391092,0.4037461135
fsi_04d671f6ab69,0.9916636738,0.9681309261,0.9524152041
fsi_63837432cfc9,0.9056839643,0.9761228678,0.9701102494
fsi_7ee703ca7981,0.7821853789,0.6074501714,0.6463991987
fsi_df4f8f7952eb,0.7979956759,0.6427249943,0.6779177297
fsi_3b93a4949566,0.9144295192,0.9023435921,0.9881241928
fsi_491d6c637857,0.8421964304,0.9972832489,0.9768260807
fsi_31a2c270da5a,0.9008369444,0.9182583192,0.9793548356
fsi_836fc8e3850b,0.8874402074,0.7635159494,0.8594507957
fsi_d6dd05657a20,0.9111906698,0.8819776868,0.9794878263
fsi_61036ee5ce23,0.8083778163,0.9993123486,0.9673007442
fsi_b79fc313b673,0.9172807812,0.900323599,0.9769527878
fsi_008975444236,0.8507872849,0.1065060022,0.171284591
fsi_7c2f3313cdc1,0.9104413091,0.8836023276,0.9739922197
fsi_cdcf17a511d8,0.4993659544,0.8471109526,0.1948301065
fsi_05612d40e3d4,0.9057117102,0.7681507915,0.8511728704
fsi_6882152f9a10,0.9639190381,0.8376005835,0.970368522
fsi_7e5c9914e1e5,0.9861362676,0.9670772015,0.9720455365
fsi_883dec8b408f,0.921496319,0.7946447081,0.8680456565
fsi_0d985433f409,0.6793883803,0.6819124277,0.7136852223
fsi_d77321012004,0.8552423711,0.8417098663,0.8954829867
fsi_59f6cb2ca29f,0.7913125027,0.6530663984,0.7250168445
fsi_45a57d6c4a70,0.9467092735,0.6744864582,0.8984289361
fsi_e21e437927e8,0.9023482059,0.7368494153,0.8883175215
fsi_2cb89b2aefed,0.9538387254,0.7812976398,0.882353505
fsi_12d8c41c65cb,0.7821245905,0.9958960344,0.9597830596
fsi_9be985265cc2,0.9505178597,0.1417166562,0.2771021715
fsi_a56313f7c973,0.693385909,0.6696846058,0.7535058859
fsi_bffa5ee1fdef,0.943031291,0.6875039334,0.8705114562
fsi_5fa63f60fe18,0.4909151965,0.5262630632,0.3521866403
fsi_5093b568fd8a,0.9334874517,0.6170375111,0.854992615
fsi_c94204e1435c,0.933766325,0.6369282263,0.8503741362
fsi_eeba2a476ee5,0.8815205404,0.8311399029,0.9192344155
fsi_0df0e18e0fd3,0.8903722305,0.9528258428,0.9542842502
fsi_86491cc84c52,0.9861975332,0.7120007718,0.7684004732
fsi_a303dd03e13d,0.9728714379,0.5633541373,0.8472378291
fsi_fe26a6574265,0.9808566178,0.5429919688,0.8205820164
fsi_6adbc2ac2ead,0.9989703863,0.7299164258,0.7553636542
fsi_6d462b42e6c1,0.8616259014,0.9625428914,0.9466844691
fsi_1788027e9821,0.9246263459,0.8332414767,0.8003172993
fsi_c817ac30eb4f,0.9798596672,0.7764567053,0.7750403541
fsi_2536fe4a6ef7,0.6969341123,0.9299051874,0.4537577162
fsi_dcf210958810,0.9007807199,0.9692726991,0.9383523784
fsi_add3b09d14e1,0.9566506942,0.9488451137,0.9811445345
fsi_b354601ee623,0.9752309031,0.6407541313,0.8921310178
fsi_4e7c8917ad53,0.8357733438,0.981610467,0.949860128
fsi_36834b7078aa,0.2885918021,0.3913431674,0.2247373436
fsi_37a84a8dfb41,0.5864010615,0.9472309488,0.9892688647
fsi_66e1295c2af0,0.5027027102,0.5845539258,0.4067395989
fsi_eb0813a5cbe0,0.4923028115,0.6976096685,0.5076313386
fsi_c27b071fc7e8,0.7008854961,0.9918733938,0.9899696803
fsi_70c9bf269996,0.9063219545,0.7147943234,0.8072617004
fsi_72e30e698e04,0.6086643126,0.947705623,0.9905069144
fsi_c7014c8ca736,0.5882437609,0.9590789564,0.9927786558
fsi_548808da38c4,0.9799434245,0.7036961879,0.9006520183
fsi_be41b09967a7,0.7007627453,0.9348113531,0.8326516148
fsi_aac7588e6b98,0.9945078751,0.642902818,0.8772353881
fsi_99536dd493f0,0.9969728036,0.8080709861,0.8649811342
fsi_d97d06b094be,0.9513213079,0.9762854068,0.9430323409
fsi_3e76df4bb7b6,0.9894619708,0.5791449675,0.8437369976
fsi_7d95be27357e,0.9146230432,0.2091263743,0.4626444207
fsi_01944cc9ff64,0.9260623938,0.5232956934,0.8149858311
fsi_af76fb02f851,0.8516029508,0.7185054092,0.846588314
fsi_132fbdc60cc7,0.9828177099,0.5638651513,0.8428077543
fsi_44d574c47e61,0.3278139399,0.4816608898,0.1283302713
fsi_aab7e5742dc6,0.7635271052,0.9576275178,0.9710881906
fsi_968feb37d736,0.9282315004,0.8126784969,0.8967456978
fsi_2182dd417935,0.8367942867,0.9884004894,0.9989802983
fsi_41cd8b9d6986,0.8497607062,0.6589189033,0.8105491169
fsi_ad11e48dd71a,0.6052966291,0.8490357488,0.925224867
fsi_ecf439d485a6,0.8579605283,0.646903717,0.812297058
fsi_84dfff664d8a,0.8302508341,0.9913002535,0.996281504
fsi_00ba5c42870f,0.7900788976,0.6652672528,0.832057979
fsi_c9d307ea8049,0.8134024789,0.3953328547,0.34215167
fsi_f0628da44f16,0.6476672148,0.9453518799,0.9768895729
fsi_5ec24ddf197f,0.8565400642,0.7712477047,0.9018117492
fsi_6c7adf0fd3f6,0.8315309499,0.9321535877,0.8780462316
fsi_deb47ebc1001,0.8998770224,0.6235942203,0.8107018948
fsi_38f453501f3c,0.6475281374,0.9126297229,0.9631404933
fsi_9f71adafadcb,0.5242389435,0.9154660752,0.9838895433
fsi_932220839227,0.8242393714,0.9905540665,0.9958377446
fsi_28cfe6ee1a06,0.8501370616,0.2382724621,0.5037842082
fsi_13260c53c944,0.9817274313,0.8529321928,0.9299868114
fsi_9f88b2edb83f,0.6691198512,0.9681325205,0.9913400807
fsi_c7a31f01869d,0.8468013063,0.9383192762,0.8654617036
fsi_cce02c1f1fc9,0.8210998425,0.9921522872,0.9873422875
fsi_861d1409e69b,0.827193319,0.9903114175,0.9978322859
fsi_5943c09a445e,0.8634942348,0.9523112712,0.8696827719
fsi_68c32a82da08,0.8243505539,0.9878614543,0.9963246315
fsi_c448e455d067,0.6660216972,0.9074262965,0.9631844265
fsi_79abcd8bebb3,0.8670277954,0.9841601817,0.9989523781
fsi_25962c030d69,0.6253107373,0.5069735054,0.6732193325
fsi_4ff51f29efc2,0.8398708569,0.4166555013,0.3334688576
fsi_bc3fda84191a,0.8097301857,0.9638913108,0.8506980224
fsi_b9f0c442d5e0,0.8713089744,0.9822013337,0.9790238314
fsi_b38f77d39444,0.5204639073,0.8042186304,0.2563431281
fsi_dfb9b7ec4352,0.8583224854,0.4718195023,0.3603337262
fsi_d6b9a8a42aab,0.9163986011,0.920740246,0.8937240738
fsi_508cc7739ec3,0.8363736965,0.9523928337,0.9149597646
fsi_ff3c6e26094d,0.9716768371,0.7890568398,0.9489328765
fsi_24df34275606,0.9862707827,0.8048433217,0.892614227
fsi_18efebd87713,0.9996068855,0.8282691064,0.8857047698
fsi_43f07d21f61b,0.9804916924,0.8714516461,0.8963689553
fsi_2bc69cf86122,0.9298770138,0.9167924258,0.8930823271
fsi_d078b196571f,0.73005129,0.9862316522,0.9900961312
fsi_73463d11018d,0.573187835,0.7281105173,0.4524397264
fsi_076b5a87b848,0.7073471406,0.5299074612,0.3969895872
fsi_1243336df69b,0.449118783,0.7025270045,0.2478580436
fsi_9a155daff3d7,0.589872388,0.8969385655,0.9594012379
fsi_dd0575f4d28c,0.8588575555,0.9123912072,0.9552827556
fsi_b43eb77405bf,0.2896932701,0.326148612,0.1198136753
fsi_6266be4aa220,0.8229022457,0.9422457261,0.9176734074
fsi_d18c5d33eb93,0.903089547,0.4507928622,0.5257557957
fsi_30043aff1b80,0.5956690525,0.954348829,0.9953738275
fsi_c3681585783b,0.9167990288,0.3775748367,0.4814335652
fsi_e770f9287709,0.9001448685,0.4449219164,0.433705169
fsi_5b1dd9f1dff7,0.9409247404,0.4409127932,0.6448541904
fsi_9a9d39a0148e,0.8856754351,0.7539250185,0.8917375993
fsi_7fb876aef7b0,0.9953191137,0.8664782197,0.9400873981
fsi_892ca134a943,0.8970983591,0.3887280569,0.4769445254
fsi_8249d90db461,0.8378678244,0.9312701766,0.9157524547
fsi_27be9e1a44ee,0.2750894247,0.2759548739,0.09433334605
fsi_aca615d43e3f,0.7722009566,0.5132634459,0.4874549573
fsi_c3b073336ad5,0.8356381739,0.9026992716,0.9149377658
fsi_7dd23f12a0d2,0.8391198037,0.8963804804,0.930217609
fsi_02427cd3c952,0.9062260602,0.8610828879,0.9423423585
fsi_96312485ddb5,0.9495894452,0.8023292076,0.8886651388
fsi_1aa182ceefe8,0.6548732576,0.9562574848,0.9844760396
fsi_da0ca772e0f8,0.3190633349,0.5272313639,0.08123148564
fsi_04be73bab20e,0.9835914994,0.8734493549,0.8936808589
fsi_f90831597762,0.9489995397,0.7433992458,0.8667311355
fsi_643bdde9c3bc,0.9582259485,0.5694624245,0.6075893206
fsi_3e8ddc30125c,0.7601750273,0.9648938962,0.6868147046
fsi_b2415ddba1e6,0.9418481198,0.8093178364,0.9251136014
fsi_b59522c350b8,0.9549215716,0.7243518582,0.8689107886
fsi_ec6f0cbef5e2,0.8218016052,0.4508015723,0.6516005036
fsi_8cd52faff948,0.9744652425,0.5385303476,0.6566992034
fsi_a43a45363a8c,0.8743175539,0.4346408006,0.560454345
fsi_3bf31fc00ac8,0.8647488881,0.6963048562,0.8624804729
fsi_06f54a079cb0,0.1423320394,0.1877919962,0.01622346319
fsi_41dbfab3ea66,0.981086853,0.4662739428,0.7386563765
fsi_0f7bc029fbf6,0.9966335449,0.8791588543,0.9831522992
fsi_e57e0c51f008,0.4921429236,0.74771906,0.2299517398
fsi_2771afd681f2,0.9018999761,0.6917280904,0.8468129472
fsi_646f81c6cb9f,0.9665861855,0.9221072262,0.9846345363
fsi_22d22a0d0734,0.6219632592,0.6634347018,0.4692485701
fsi_6d7edc343de2,0.9679521607,0.9067306155,0.9835680214
fsi_f5015e3e3e1c,0.6308946278,0.612727266,0.4095136082
fsi_97bfb6dadb56,0.9682502605,0.8294273575,0.9690280598
fsi_dad486e3c0d2,0.3863982134,0.4155984286,0.1504314158
fsi_cfece63205a3,0.7525235339,0.8204864596,0.9209749837
fsi_11bf0d15c209,0.9791026506,0.8635600134,0.9745181191
fsi_050a8ced30c5,0.8091655531,0.6948915879,0.8264656967
fsi_cbf762f12d08,0.988525545,0.8572701103,0.9763555361
fsi_7fe7d764c794,0.8868904479,0.3652091671,0.6050671132
fsi_ca19faaed02e,0.8512852594,0.4723647734,0.7344096155
fsi_aeb7a9e0ce96,0.7545545088,0.2449706356,0.3661588686
fsi_cb05a7e0bbfe,0.5647247382,0.8012396942,0.9018677899
fsi_374a2c3070a2,0.855644004,0.3723590208,0.6174360124
fsi_5868fa92bc23,0.9349581414,0.9822203065,0.9637314124
fsi_a354c3d4084b,0.9205624334,0.9891440113,0.9516416444
fsi_a286a23a9a17,0.9400922774,0.9814184529,0.9556340324
fsi_c2d130d3d2ac,0.9477513952,0.9871219527,0.9568206495
fsi_d66ac29ea883,0.6258359914,0.6934955373,0.8085682357
fsi_ad598b195924,0.9764842766,0.2960432653,0.4722273149
fsi_c0f10f353166,0.9379257982,0.9853296385,0.9777118112
fsi_8a5cda836fbc,0.992440384,0.9747536492,0.9679921533
fsi_0f40dddb8c38,0.6594397901,0.839221331,0.5374797573
fsi_030f2b0f1836,0.9347503646,0.9904304349,0.972399047
fsi_5cda68182442,0.9895368587,0.9926768082,0.9808240304
fsi_caded8862c91,0.9785383115,0.9830771822,0.9818184454
fsi_bdc2c52cf12e,0.9750077326,0.9794481752,0.9873658651
fsi_f964a1f6ea2b,0.4629058006,0.5680031068,0.2230035997
fsi_b7eb7071fe10,0.9908971286,0.9904510363,0.9956113473
fsi_f6420d157ebe,0.9341523034,0.9638335895,0.9906137107
fsi_d7b28cc41328,0.9776899676,0.8097137161,0.9340818679
fsi_c8cefe19b01a,0.9042472714,0.9674008677,0.9931356282
fsi_4829cc21a218,0.9391523204,0.98661455,0.9948859908
fsi_584d15c0c82b,0.8828805148,0.9597473986,0.993072665
fsi_8c32c5eada6d,0.8974036836,0.9384790222,0.9865720013
fsi_457be14bcf11,0.7016161962,0.833018999,0.5755581214
fsi_95328c95c952,0.8345167788,0.913120562,0.9801633725
fsi_506f79606977,0.8935880841,0.931155286,0.9861065697
fsi_15ff9ffd0803,0.8951320813,0.6654694855,0.8401830773
fsi_051f8c2a19a5,0.7899624918,0.63250826,0.801006076
fsi_a07b3c4689da,0.902375338,0.9513543373,0.9582525188
fsi_651415b387ef,0.8704525471,0.9501595793,0.9508430063
fsi_ddb9c9b3c078,0.823325106,0.9284394157,0.9481756071
fsi_348f8f99bb2e,0.8578939723,0.9644630223,0.9587407569
fsi_840f3d0336c8,0.797646066,0.9359067009,0.9405719671
fsi_1fa77e66e748,0.7835126481,0.9641723029,0.9507233051
fsi_3c3f40d016b0,0.9777275251,0.9800691813,0.9739487603
fsi_7f0ccb7cda6d,0.8608687386,0.964463353,0.9729765572
fsi_6453d13026cb,0.9311687524,0.9854398643,0.965151472
fsi_1dbb78af2c2a,0.7400188411,0.9304401146,0.9652940868
fsi_c4cca1b36bd4,0.9548967381,0.9765667868,0.9863140512
fsi_6a819527f9ab,0.8570623305,0.9805744835,0.9869315573
fsi_904810b34ce9,0.3486402793,0.4039169423,0.1788971886
fsi_b210c63ae0df,0.5606213121,0.6619452284,0.5291014344
fsi_30023f2842f9,0.6091256,0.8871874518,0.949975815
fsi_441b3f4c20d6,0.6007182749,0.837725343,0.9229594845
fsi_09e05bf10e19,0.61660755,0.8342555779,0.9234020803
fsi_44b5f6862c03,0.9752261893,0.8827163062,0.9531940154
fsi_e7968b2d5080,0.7252374663,0.9711976619,0.9889204739
fsi_a4a8f08cbb59,0.5776490948,0.8489209076,0.9294319484
fsi_5fc72c7c67ff,0.6559853301,0.933108489,0.9703270059
fsi_ef9b83877269,0.8665548799,0.7347443532,0.8484635587
fsi_ce1b38ae592d,0.6752368803,0.7327058422,0.5880074579
fsi_31fed7465a28,0.6927507097,0.7325035797,0.8126640789
